DAPI1st,DAPI2nd,DAPI3rd,GABA488,GAD647,gephyrin594,GS594,MBP488,NR1594,PSD95_488,Synapsin647,VGluT1_647
81.4358739705,17.3014773173,19.5628186691,0.314289449601,42.6028238985,8.04065890966,7.27755262126,2.48163158583,4.38357955288,45.0057523859,21.1941430252,14.2995162766
106.938193533,17.7916716382,19.3297935807,2.04164180885,37.5177186493,9.61460446247,8.86588712564,2.03961341129,8.52105953943,51.2719245913,25.7260470111,8.2123851569
87.8179669031,15.0145784082,14.9259259259,0.0685579196217,25.0437352246,8.07328605201,9.40898345154,0.0,2.89913317573,2.41646966115,23.4791174153,12.682427108
101.820008834,16.8776501767,17.6269876325,5.75530035336,35.7879858657,9.19324204947,9.33370141343,1.27142226148,3.69213780919,40.0125883392,18.5649293286,18.4849823322
105.756287058,16.6047842977,16.393580045,0.00511142915559,21.8194643222,10.8593334696,5.99591085668,1.22428951135,13.0948681251,0.680637906359,23.0435493764,4.17828664895
80.9520352297,18.3702689836,22.3246845989,8.20268983575,22.7022137586,9.28683646751,8.91287788622,0.0,2.85729588193,11.3475363009,20.7201856701,7.09414425137
85.5684542587,17.6547634069,19.9541955836,8.16895899054,22.0855520505,9.0461829653,7.9723659306,2.0,2.89728706625,31.7616403785,31.4201892744,19.2601892744
113.215968777,18.5777283338,25.1340093376,5.12806390429,27.8422089291,9.73391450248,9.32747300846,2.2689305515,3.60654362416,51.4960606945,24.8854318646,16.7034578348
113.719887955,15.0466853408,16.0,3.95798319328,26.0943043884,10.8655462185,8.0,2.0,2.33800186741,28.5667600373,19.8039215686,10.8571428571
94.8560693642,15.0410404624,15.0,0.0508670520231,27.1751445087,10.3543352601,9.4063583815,0.389595375723,26.8387283237,1.6098265896,72.7086705202,7.0
102.063860493,18.2816596512,21.1719783524,1.10487071557,37.3937462417,9.2093806374,11.3878532772,2.0,3.13012627781,30.1189416717,31.7496091401,5.69284425737
142.470107734,19.2987456375,22.1341358555,5.77684487381,32.096100349,11.2463709473,9.2377472055,2.67920186131,8.09640382378,64.1935157554,39.4293915331,11.5811036366
114.891325536,16.0175438596,18.2278265107,2.59746588694,23.4385964912,8.6895711501,8.47076023392,2.0,2.52558479532,17.7363547758,17.714668616,7.78557504873
72.0648058588,17.1948321128,19.056238773,4.10543042697,28.7013956059,9.13444797568,12.6314771314,2.67762885173,8.63023352218,38.5413845516,37.5552024319,5.96255354429
93.9986259381,18.3378078427,20.6246696966,0.0351971250396,63.4663354825,19.7132438431,8.90423845259,2.14977275129,6.20843462636,53.4732057922,22.5273226932,25.1764084135
104.864351091,17.6531330674,19.1900962215,2.1426895095,24.9809903778,15.6519596339,10.4278338418,0.000234686693264,4.73644684346,20.5644214973,13.2447782211,10.5695846046
104.619110212,20.4998988878,26.2477755308,6.64630940344,29.7895854398,11.3594539939,9.64691607685,3.65166835187,4.64919110212,44.6046006067,30.0144590495,11.4535389282
93.817601532,18.8399425517,22.015239767,3.76478097822,31.2792627463,8.66783691056,9.49174180164,2.0,4.20729274715,37.153035985,30.0205058645,9.39288278944
96.5532544379,16.0,15.0,3.47781065089,25.374260355,9.57914201183,9.0,2.0,4.11094674556,22.3565088757,35.1930473373,9.5850591716
96.4522695663,18.8319635858,22.8618030092,3.02200025288,21.0319888734,8.39347578708,8.12353015552,0.0867366291567,3.06524212922,30.6345935011,22.6477430775,12.8040207359
120.769341874,16.9280959558,19.2062295906,0.0,35.5514318011,11.1728208993,6.91572469229,0.545779954785,10.1083270535,26.8370384326,23.1119065561,14.2337352424
77.1057363014,17.9601883562,20.7294520548,4.21175799087,38.5479452055,9.36729452055,14.7619863014,2.60131278539,9.96075913242,56.8434646119,31.5833333333,4.19235159817
92.0011366058,19.4066207288,25.3945442921,3.25701498899,23.4135114016,9.17020672018,9.20032677417,0.0,3.52866377779,28.0426937558,23.9026781274,12.2676706685
110.235850725,18.2039264238,20.6634241245,0.761142553944,25.3715068978,10.0072515034,12.0334276618,0.0736646621861,3.06641315883,48.4292536258,27.7347895295,17.5993102229
85.3722586158,15.4636855597,16.9581315864,4.37852463686,24.0236399886,8.93990316149,8.03246938194,2.0,2.32440900028,2.32412418114,15.8573056109,4.43776701794
119.427063935,14.5592799503,16.0,2.59590316574,27.1707014277,10.0310366232,8.0,2.0,3.0,28.3308504035,35.2079453755,11.5487274984
113.609863712,20.0157858614,24.2984606334,7.23531718796,22.8177272282,9.66535934896,9.79772526718,2.28777331111,11.2847337974,23.1020688303,22.1155995686,17.7662515933
103.099038677,18.7974513749,21.7822490499,6.21350324167,20.536105522,9.9474625531,9.99150458305,2.7619047619,3.13234965348,14.442432372,24.2425665102,4.93740219092
105.844654088,19.5980345912,22.5467767296,5.85314465409,20.9728773585,10.3531446541,10.209827044,0.313757861635,8.83938679245,41.4588050314,11.8879716981,3.25007861635
109.579791997,18.9343618707,25.3872167505,0.592533921069,22.0861629589,10.4390109512,9.00730077829,2.02679247882,4.58881465666,29.7075556168,26.2454714512,19.235346787
105.098932491,19.9201623816,26.133814464,0.740339798527,31.9963915201,10.016388513,11.9478273944,2.01262967975,5.17170350323,35.8126597504,34.7949180574,20.2231243422
102.60684624,19.3305274972,23.4502805836,9.64343434343,22.1837261504,9.69607182941,10.6960718294,2.27508417508,11.449382716,21.4335578002,37.1931537598,11.5224466891
117.180324843,20.6189091916,26.4101605759,6.79023624954,36.6962440015,8.8761535622,10.4902177925,2.52413252123,6.51974898487,46.8124307863,26.6778792913,12.1371354743
94.5851531639,19.1004695536,26.1104568831,6.68197063427,24.0523216814,9.28381903555,13.0734143251,2.21532384289,6.54997391369,39.547887009,22.9638518298,16.6629648953
103.409526718,19.8367022901,26.5286717557,4.92506870229,25.303389313,8.7198778626,10.4834198473,2.7652519084,10.048,24.770870229,23.5168854962,20.3436335878
99.7556117229,19.6608292712,26.7378588193,3.86128663417,32.6055244629,8.97075284347,44.0477222122,2.0,6.56394054282,53.3820184149,26.6729854968,21.4728290305
102.601482369,19.6120386314,24.0929849517,13.949389833,24.4520476155,72.3499288762,12.9731227072,0.621621621622,2.97170023209,2.33166130119,17.7426817399,5.02792543236
95.5625843455,18.0371120108,26.8539136302,6.68674089069,38.6231443995,8.71558704453,13.8763495277,2.1818488529,24.4164979757,8.73937246964,24.636977058,8.78964237517
112.563919984,20.6841094257,27.1494667815,6.06815923693,30.0934953964,9.15546134994,10.5628932901,2.17142478638,4.53285420945,25.1022057362,49.7078227462,14.2840299397
137.05066251,20.7373343726,25.1184723305,0.0,22.5939204988,10.5666406859,8.44738893219,2.98674980514,4.34996102884,83.0989867498,29.1254871395,30.0553390491
120.264376044,19.182931679,26.3246639625,6.37473156764,28.7013839179,9.42750338026,10.0214348206,2.02036109123,5.06684959835,52.6424083353,44.6348524616,17.0170205997
117.833572534,20.8300830167,26.0517236527,7.56473898973,38.3157168988,9.64868439567,12.3286337414,2.19000984944,7.34748839173,45.0255241311,35.8476994512,14.5944280287
80.6064131017,21.7694191475,26.1069870667,6.80745389148,23.346827887,7.89393127726,9.10897681182,2.09129869136,3.31606336573,27.5907247264,22.1275732762,11.3622866764
76.7327252626,23.9906025428,29.8032061913,5.10281923715,22.9707020453,9.08126036484,7.98922056385,2.78275290216,6.14731896075,4.97540077391,14.1976229961,8.74765063571
99.2044387537,22.9627400768,28.3579598805,3.73777208707,32.60657277,8.11903542467,10.2083226633,2.2574477166,4.60947503201,56.396841656,40.3021340162,20.4706786172
107.96479648,21.0676567657,22.5132013201,8.74752475248,34.2299229923,6.01136780345,10.469563623,3.1635496883,12.0363036304,48.2246057939,17.2841950862,14.0278694536
136.845724511,26.671211282,33.8729922031,5.82391035746,22.0866601338,8.93775297175,8.84670444378,2.0,6.3230369392,30.614076946,29.4197094287,35.6706148012
104.873352282,24.552894837,27.8376116196,5.32177785735,34.7130899895,9.41514670009,13.0014323121,2.23639863035,17.7490320704,37.3134077837,33.9707271222,20.540787324
74.9811046512,19.9651162791,21.7695182724,6.65967607973,24.4112333887,8.39773671096,11.3464493355,2.38590116279,6.85641611296,24.2977574751,31.541320598,13.1253114618
82.4544453418,22.9259232068,29.3401365539,4.49673298583,30.0521988107,6.91146024521,9.5454812422,2.4750018354,6.23133396961,36.076866603,29.6077380515,14.4983481389
85.7242060878,21.9919620503,25.8483331137,0.550599551983,28.3784424825,8.15351166162,7.74351034392,2.09092106997,4.50250362367,31.0459876137,28.0651601001,11.4688364738
104.846251053,22.8066554339,28.9309182814,120.527379949,163.689974726,7.72409435552,25.4271272115,2.0,3.21229991575,2.79106992418,57.8070766639,14.4052232519
78.243586027,21.2310117408,25.51467604,4.7037614147,29.2913828091,7.80881287143,8.93846934338,0.88574431077,3.11113929555,47.6706044354,19.494673141,14.9422017684
75.2953435647,20.2782525288,20.9002441577,19.1950645274,34.2758109522,8.55711545169,14.5458667597,2.82185211022,3.90102895012,2.5747296826,19.7889780258,7.29325078479
78.0895833333,21.018125,25.4625,36.545625,53.3927083333,30.8527083333,24.9566666667,1.54833333333,7.48458333333,2.489375,23.6514583333,8.894375
64.6678525226,16.7823415265,19.121927555,3.94987063389,28.010996119,6.04915912031,7.53428201811,2.0,1.25032341527,1.06662354463,28.1177231565,5.51811125485
66.7428057554,20.476618705,19.8838129496,12.9960431655,78.6381294964,5.01294964029,9.93741007194,2.0,24.0464028777,71.0669064748,44.1985611511,12.4971223022
111.273727026,24.3347142714,30.8056392488,7.81111278498,28.9917394798,9.47845736668,8.53274078538,1.89351712363,4.35427337551,10.2785728633,61.5772069901,16.1925780858
93.5679972151,20.2493037828,23.0579600835,3.81666279879,26.0646901833,8.70642840566,11.0230331864,0.870445579021,5.84033418427,26.2495938733,19.4713970759,9.27204687863
100.676840215,19.0,18.5430879713,13.0592459605,31.1795332136,7.0,11.8402154399,0.0,5.81418312388,11.5430879713,25.5556552962,8.85278276481
76.5759022021,24.1284015741,29.2497278741,5.1901113623,24.2346144185,8.01310391024,8.30796282341,2.0340366742,3.78832789081,31.9788997739,20.8774595998,11.9300845684
117.253309797,22.9513722523,26.158870256,7.09036271172,29.6441390325,11.9332156517,9.18375152356,0.0562770562771,3.47808178876,34.0118522254,22.4786281679,17.6616651956
92.602739726,21.1410410959,23.2789041096,3.51901369863,50.952109589,9.9698630137,14.2912876712,0.633424657534,8.83090410959,98.437369863,43.9283287671,44.6606027397
98.2173697837,23.1234389278,28.1656259519,6.80707432227,31.3657477917,9.68203624733,8.95366280841,1.96238196771,6.15047212915,38.9877017971,13.1916311301,16.0063585136
92.2085592011,22.9055634807,25.0501188778,13.6617213505,24.2347123157,8.40095102235,10.259533999,2.0,6.79467427485,10.4022824536,16.4560152164,14.8446980504
117.375979588,19.2861308547,20.0609622745,4.50291598323,23.0958629488,8.5878439949,10.3635866594,1.98341534536,6.7357390195,19.8448150173,13.5776380536,8.50829232732
61.0429054871,20.1886632826,24.4714769156,1.55027797921,26.042422045,7.11131254532,8.26831036983,2.0,11.6041817742,17.7026831037,46.6873338168,33.9127386995
78.1800571327,23.8221746117,30.0455275844,4.52008569898,29.0108016426,7.00874843778,8.46223888591,1.89109087663,6.52892340653,31.3199428673,15.2281735404,9.31226566685
110.335053209,18.9316349565,18.0580457917,2.62786198001,32.2357304095,8.0835214447,10.4343760077,2.43921315705,3.62399226056,63.5801354402,11.8839084166,17.4972589487
137.960088365,19.0022827688,20.8706185567,4.83910162003,42.7172312224,7.06575846834,11.6891752577,2.94366715758,11.1886597938,62.4530927835,20.2417525773,14.4568483063
97.5003636364,19.5208727273,19.8772363636,8.19505454545,55.4218181818,7.44756363636,7.75214545455,3.21687272727,15.9309090909,36.7006545455,42.8922181818,10.7780363636
108.887807444,24.5042746284,30.4271997896,7.59029330527,21.8420360384,8.26752597659,8.69117453637,2.0,8.14731027226,41.6361962383,22.0257792976,19.4660002631
82.9252180233,21.4613372093,23.495494186,3.6554505814,30.0948401163,9.32274709302,9.50944767442,2.94941860465,2.62449127907,17.789752907,21.0976017442,14.6900436047
76.4375241644,21.6044778742,26.4258901269,5.9839372957,26.5109837967,7.70131102597,15.0224596675,1.1693086359,7.91054795965,44.3957681628,19.2723630101,14.064918632
97.8345120978,24.0757245413,29.0944429673,9.49056102101,45.3470353629,10.0646636533,10.225631481,0.133528316937,12.1213507046,49.6113267748,29.7004520074,27.4453602765
79.8893550407,19.747463995,21.132874139,6.59248591108,21.9024420789,8.46737633062,11.4421415153,1.43825923607,9.30256731371,33.4256105197,18.7844082655,10.8062617408
61.5029422719,18.8196648045,21.3899441341,6.96290502793,22.4658472998,7.90048417132,9.21929236499,2.0,6.20729981378,32.8046182495,26.8927374302,10.1230540037
74.4003703176,24.6375160234,29.7570146703,5.26278307933,33.5916536106,8.23657598633,18.6762569435,2.0,11.5060532688,5.43740207948,18.3075060533,9.6477709728
113.022711143,23.1632701342,29.4522288688,2.33012268073,42.7870830376,8.98306803204,10.8270303153,2.07999594444,12.6003582412,90.6116800162,37.6162763189,37.7298658285
90.5773244782,19.9501897533,20.0,11.5777988615,39.10056926,7.38140417457,10.3320683112,1.54269449715,6.73197343454,60.169829222,38.8548387097,7.6940227704
86.0411139788,19.5983434368,20.3540603805,0.712742332393,28.3464377888,8.28677750435,13.0345717544,1.95360422544,10.9755716944,39.6785307004,16.6956965368,12.9745513475
72.9325547608,19.9382543585,21.1324877068,8.33130308449,25.0657688869,8.97194903889,12.8964014305,2.06236030398,3.05459320519,2.37650871703,20.4736253911,9.90942109969
103.818627604,23.7691851204,29.0715245026,4.55092607053,32.724521348,8.48546084892,9.03391948028,2.10144610676,6.51897429491,47.1127526002,17.2784458257,17.0125558297
85.5084881021,22.8494631457,27.8931369704,1.55709518282,24.7127829367,10.7932385374,9.949143935,2.09772199652,2.85570226349,2.03649158445,13.7724898433,8.11099825885
108.288089555,23.6510823936,30.8743106429,7.6501769693,34.5183965758,8.64532060252,10.4252201827,2.57906000494,6.46777512552,27.3382994485,31.6786566796,31.3950119351
121.820754717,22.6618867925,26.9055849057,4.44135849057,26.5753207547,9.72822641509,9.43947169811,2.24649056604,8.39418867925,62.9571320755,49.2768301887,19.1148679245
88.3656666024,24.2126664094,30.7106405557,7.19346903338,27.4584217635,7.40164962377,11.1729693228,2.27797607563,4.12502411731,48.1519872661,27.9413467104,21.8404398997
91.6465016531,20.3827182557,20.9183272272,7.47788401394,32.5115717988,8.84282012331,22.6591904209,1.99258332589,4.30730050934,46.1755875257,34.7361272451,22.2858547047
89.0724868251,24.4188127672,33.2616088297,5.55692552451,25.1907129363,11.4524211992,13.0352987969,2.30118325544,25.5085015412,19.6763448344,19.0242617083,9.77766729641
104.555489022,23.1176646707,29.3572854291,7.01407185629,24.8193612774,7.85369261477,9.66846307385,1.89860279441,4.16097804391,45.3931137725,42.3791417166,20.9720558882
92.4523801196,24.051484733,28.9424294358,1.44388094156,27.4858521912,8.69112657829,10.4950508901,1.06634955056,9.44024343325,26.3284250289,22.1931377007,19.729705152
91.7788252357,22.3630995545,27.4088884285,5.63234227701,29.6431161297,8.25743292241,9.36423909665,2.6788563141,6.77530301461,26.9891225526,41.0430954108,16.5930798715
95.5376467953,22.8120700138,24.7869508176,5.47163290775,36.5835973249,9.62263607565,11.7941185882,1.20943329813,4.11990016319,39.6820261752,39.0948769639,15.5763335573
83.4694701829,21.9562502121,24.131147541,6.1680412721,23.5594474426,8.87516546177,11.4928554458,1.78386450803,6.68200794216,28.1083053321,30.4632929437,23.4076638496
106.100273117,20.8708544674,20.6359734686,4.57939914163,32.7167381974,7.84783456886,26.6980101444,2.0,3.61412407335,69.9403043309,21.8396410456,12.9547405384
100.995302959,22.1268201033,30.4798027243,3.00446218882,20.9819163927,8.30953499295,6.93776420855,1.87036167215,2.91850634101,28.4917801785,12.6761390324,7.695631752
65.9197203982,22.8733319212,25.946409659,5.31508155052,29.9024571065,5.31645837746,10.3796865071,1.57011226435,11.6856598178,26.3267316247,31.3482313069,11.5872696463
78.7952492133,22.398639732,26.4936554665,4.9073190539,23.6882549995,7.22058674246,15.2203837174,1.82895137549,5.67302811897,15.3578316922,19.2227185057,13.2167292661
72.1124952812,20.5154303511,20.4107210268,19.2741600604,50.3361645904,62.4647508494,14.4476689317,1.80322763307,2.91341072103,2.18153076633,22.4899490374,6.73985466214
92.736381323,19.4289883268,21.3709468223,2.61738002594,39.3375486381,7.54053177691,11.9521725032,0.0,4.27610246433,49.8910505837,25.870460441,16.5392347601
56.9366576819,18.7879604672,20.0,3.0,30.4991015274,5.55076370171,10.149146451,2.0,3.85893980234,3.0,16.2106918239,14.6154537287
106.837686018,22.2649844127,27.9429739427,5.91609317099,27.7638374213,8.36209634727,15.7056055526,1.82218693018,6.50097053115,27.2807481913,27.4838538909,21.6403740956
141.954370797,21.5749279539,20.6260806916,3.37031700288,37.004803074,6.42939481268,20.2339097022,3.84726224784,4.0,15.835975024,40.6174351585,17.431556196
133.873162765,21.2638359644,21.6516058792,5.67628379604,33.6412629287,10.4980947197,9.50553438577,2.65668662675,2.11576846307,20.8816911631,80.0685900925,16.7878787879
94.5175072278,24.2876110933,29.0208801799,5.5784345219,33.0782739051,8.32819359674,9.3062426384,1.43409358604,8.19199057715,40.1174643966,31.1723953314,11.9775136524
93.6477062746,25.495380413,32.8025226962,10.4129509119,30.1134409898,14.6853056962,12.9122680164,2.03036876356,2.97324656544,2.77279665783,21.1723306821,8.75954045151
75.8469892436,19.0487324041,20.9085186594,32.2463943555,50.140905475,23.9547608342,14.2829177187,2.64808217757,3.47144882925,2.61221595822,22.3749524435,7.23574170788
77.013309111,21.4077643063,24.5560996801,2.9290707318,35.1945025868,9.34603688638,8.74716638363,2.21365664863,11.5905769914,47.368824296,20.1214801943,16.5683029896
77.4889004284,21.304037388,24.6395560171,7.67434765676,28.4403479164,9.54037388031,9.89160067506,1.32344541088,4.02479553421,99.342204336,35.0166818123,16.9200960665
76.8391391169,25.2087863324,32.5453738629,2.33059684935,22.7115597959,14.2141113823,7.21721766142,2.0,7.19747060129,10.4659418682,13.9119147992,8.70978477923
121.561420067,21.4911427327,22.2318135618,7.78909539713,46.663690044,9.39814142587,11.0467789555,0.904627075166,4.58305503122,98.4565364697,30.208944388,39.697763903
99.9693601121,23.0630920131,28.8713311537,3.54292386735,49.6169266698,8.0615973844,11.4391779542,3.30350303596,5.02017748716,74.8462213919,41.1439887903,21.8433815974
90.6084048027,24.1660377358,28.9847341338,29.2706689537,39.036535163,20.7588336192,15.8698113208,2.55866209262,3.96518010292,0.499313893654,16.0243567753,9.75488850772
79.9630964394,23.1224592763,29.4463745135,0.0,22.336024218,6.7940031714,11.0554994955,2.04980539138,8.11359377252,10.2273316996,14.5480034597,7.92395848349
79.7580808813,24.4571677055,31.1437889549,6.27395274677,25.1000144949,7.17002464125,7.72271343673,2.0,16.1040730541,18.7589505725,47.0071024786,14.0169589796
81.115942029,20.1206243032,22.0616499443,13.1144927536,25.4748049052,15.846599777,11.522296544,1.49108138239,2.91984392419,2.41984392419,24.7052396878,10.8267558528
85.7075042638,22.8385446276,27.0298465037,8.0193291643,34.3487777146,6.66245025583,18.1023308698,1.93703808982,8.12436043206,39.9997157476,26.8077032405,10.6793632746
84.9243325706,20.7818459191,22.5080091533,3.62242562929,20.7038901602,8.00442410374,12.065293669,0.956064073227,3.00579710145,10.7960335622,29.7775743707,29.8385964912
113.092431456,25.3922180266,32.4130684617,9.19816122147,24.513544574,8.295682154,8.24248891808,2.54785749466,20.9287473321,12.3091446396,12.5091118043,9.75176489903
88.2373119524,19.6454510387,21.4534082769,3.80762660495,23.5926874966,8.67228743043,10.3195845043,1.95426241252,9.78120350471,31.0232820852,15.8479638508,11.5724362154
76.4546748932,19.1319411486,19.990507831,4.7579496915,38.5685809207,7.95396298054,9.5049833887,0.197911722829,42.8315140009,2.17655434267,15.6198386331,49.5268153773
92.200913651,22.4197121701,27.3887495521,3.95825868864,36.027081094,9.0890959035,9.12698554879,2.47590469366,7.38907798877,38.4467335483,39.8991400932,25.4798757912
73.8754711614,22.7198634521,29.374511059,1.68657990186,31.0633667591,11.2967072043,10.0119479411,0.716591992035,12.9030652158,30.5229357798,23.5556503805,12.3100064007
102.695460238,22.6004696306,28.4186599875,4.66684408265,27.2932686287,8.75181590482,8.93584846587,3.12761427677,4.75560425798,28.1065122104,29.1827802129,17.8099561678
111.438889231,18.515854935,27.0688996983,6.92044824826,37.5976848716,9.51770211194,9.33754079182,3.07585739794,2.87870205037,1.03842127948,16.7361615664,12.2936395542
106.58177137,19.048815654,26.9733264676,3.89979402678,21.0356333677,7.73089598352,9.26992790937,0.157466529351,2.74696189495,20.5256436663,29.141915551,11.529454171
119.449675816,17.7583281823,26.6489472231,3.10118757973,23.838933677,8.49653458185,7.98674329603,0.469310993332,7.67246209082,25.8503228691,14.7681918014,16.8699054408
98.9455648869,19.0175320297,26.6263716055,4.75639060872,22.4627597622,8.49242935082,7.15778826703,0.325078158524,3.68129712499,49.0422975541,30.4006007479,35.6698338748
94.1170140075,23.5411684318,28.4179193714,6.93824735224,40.2776733857,8.38674410659,12.458062863,2.0043559959,2.97685343355,40.3366074479,32.6625384353,9.97753672702
80.0824453169,21.7249953262,29.0772106936,1.18508132361,30.4400822584,6.27687418209,16.5492615442,2.00205645915,21.1162834175,10.0747803328,13.753037951,10.2707048046
89.7370763437,21.1292707977,20.9315302978,7.0570352619,24.1768572407,8.35029099623,9.39746662102,0.232865457035,7.7619993153,10.6395754878,14.7118110236,8.97411845258
116.758852691,24.5151479383,31.359832389,0.834690745987,38.5783168083,8.76632829714,9.27756137866,1.862232452,9.14693500157,53.8918594586,17.8736425873,15.0187283601
89.6706249124,20.6566484517,24.2729788427,1.78240156929,28.2071248424,8.93943533698,9.66193778899,2.0,4.4290668348,24.4584909626,40.5735252907,18.9441992434
84.1009406762,21.8330954947,27.2388094475,2.86055858112,43.2082884352,7.5359524711,16.8992049393,1.95130617119,10.5302734659,64.4471270059,23.9029909427,18.2021725835
87.117384844,20.8603268945,25.0122299691,5.4349068465,25.917476283,8.36255572065,8.50622928335,1.89198765573,2.12550005715,45.8605554921,16.4177620299,12.912332838
111.964721775,24.0779861797,30.1559204032,5.34119603055,27.2846157843,7.45783758508,17.0062347379,2.314854263,23.0521639736,18.1790928456,14.2794721255,8.43248298436
80.8881172418,21.2829332313,26.2320227484,9.60228577678,30.7547438071,7.53147044348,8.29649477771,2.0,3.11549187948,13.2890578006,24.8496199486,11.4046590474
101.545485951,23.0004606172,31.063450023,3.2005988024,21.0572316905,9.04111008752,7.90626439429,0.350990327038,3.0,2.98767848918,21.432058959,6.92042837402
83.0142922813,23.9237744996,29.9223954198,6.03915750763,27.2398763007,8.2716787162,10.3157674788,1.87876635045,4.16365080028,8.4859375653,36.2870993355,17.9008734172
118.291812573,25.9044522261,30.9176254794,12.7908954477,21.8632649658,8.72452893113,10.1575787894,2.0,5.36484909121,2.67783891946,15.8342504586,8.23695180924
77.190148871,23.0641783603,28.133022295,3.92866301019,34.1307073153,7.88325379301,9.57539710806,1.68309708669,9.24015243251,51.0016739084,26.7196381509,17.3877412921
98.1274142886,23.5604825236,28.565127314,4.80642250886,35.4352402593,7.34588652008,10.6843547417,1.54026598944,6.51132794226,44.1664104792,19.0747176368,11.2762146628
78.3962820408,20.1058881336,22.9909098354,11.2487101793,24.4892310212,7.86635001228,8.76521169437,2.0,5.69019736303,17.7202522316,31.2464990582,21.5503234788
68.2052822189,22.7280275594,28.2623443159,1.74096811236,25.2709124636,7.762476813,7.72153520007,2.0,6.84029679357,21.7820863881,17.2757706916,11.4085769808
85.2263511366,23.4160081354,29.0442999089,6.34514099278,46.1908434143,10.4641215228,9.55479756785,0.565390563759,4.70606554946,50.3371750599,21.0014830194,30.8634986547
118.251836719,24.1897615212,28.8405296036,4.70860016501,24.5091737713,8.83263269556,9.14599457824,1.02317997878,5.71496483715,54.4492987074,39.2627980985,16.6937492633
76.4805250013,22.8320845954,28.1192943302,3.15457782029,33.1554811627,8.1785429619,9.60369838993,2.32833838142,9.74727668845,44.2542111696,36.9307614645,18.6542855625
69.7280628519,20.6712692398,26.5303876865,4.67760580566,25.5297882816,8.09913728512,8.90567936121,1.98824738296,5.33746494552,22.9727913001,26.5227666817,9.98242459273
115.434576238,19.1602564103,27.8559894304,3.81728322568,25.3427774516,15.2744666275,9.29105500098,2.52989821883,6.60657662948,9.88510471717,28.5570561754,36.2930123312
88.4407291348,20.2226765515,26.2221033323,2.73031947417,24.0988612045,8.5132604708,10.6152934882,2.18851268725,3.07352491593,52.1144909814,27.4003745032,26.0374121064
81.8653926049,22.7934150395,27.5634607395,2.91472787703,28.4004985459,8.53926049024,16.8290402991,2.19007062734,8.74896136269,47.3723514749,29.5633568758,19.1098878272
89.4815357952,22.6832422344,26.7840287962,1.5424610052,26.3563524863,7.82135715238,7.5307292361,2.14691374483,7.88494867351,17.1459805359,17.4724703373,14.7797626983
85.6748099891,21.0186252401,25.2197861856,6.94725632674,35.4246220663,7.6433642362,9.23811910131,1.84118433141,3.64311367243,41.9838803976,31.1034828364,18.3553411843
73.8599106836,18.9005839918,21.7442116111,5.17320508416,24.0357265544,9.17059429749,11.3754723463,2.0,10.2414977671,13.3001717623,15.6475437994,9.37244933013
70.8649932157,20.9336838535,22.5685210312,11.8012211669,34.2988466757,7.30376526459,16.3714382632,0.410108548168,15.197761194,14.7452510176,28.302238806,9.06631614654
77.7100230795,20.6933728981,25.9462578305,0.0,43.7004615892,6.37636003956,6.6749093307,0.0,10.982360699,35.0613254204,18.6455654468,21.6557863501
68.9699992443,19.5477971737,23.6174714728,4.96561626237,22.5089548855,9.47683820751,8.38275523313,0.109952391748,9.12567067181,43.3249452127,16.1255195345,11.1824227311
84.8048024297,23.5572147173,29.0683033313,4.32952640071,32.4509158784,8.20155651871,8.6148565282,0.294852731817,2.96757252681,53.398620646,28.6977126768,18.1832705875
109.564204475,24.3935130148,29.5554924679,2.84733582924,27.6413704998,10.9633244025,10.2481058926,1.30238293795,6.00466651289,33.1895172022,17.3736758991,17.6323391118
71.9033942559,21.318537859,27.2785030461,3.81549173194,22.6762402089,8.12837249782,9.24804177546,0.0,3.0,1.85509138381,13.4364664926,7.24151436031
97.797752809,23.6404494382,30.6384666226,13.6533377396,25.8952412426,66.529742234,11.0039656312,3.24818241904,6.70026437541,1.74983476537,29.6754791804,6.32683410443
86.6855888878,19.6729044082,21.5421047555,25.2078711295,23.9019484904,77.3397800714,18.4823478345,0.146763769654,4.6709752098,2.26193691521,16.6669721231,6.69359506125
46.4759155394,22.0270537776,30.0465193006,0.0,19.7410095678,6.76789838337,10.0875948532,0.024744308809,2.87264929066,17.5244143847,12.1276806335,14.6369185087
76.9218866644,21.1487275195,25.2005089922,5.78812351544,24.6398710553,8.89650492026,8.92480488633,2.27685782151,4.58659653885,17.5040719376,34.9486935867,17.971326773
93.7905949008,21.1385835694,26.7307082153,5.95915014164,23.5791501416,8.76917847025,7.79722379603,8.78232294618,3.63235127479,6.21960339943,24.7683852691,9.57512747875
99.1124559859,24.091475939,31.4762323944,36.621185446,27.9467062793,37.06686473,13.0560812793,1.19523914319,6.48789612676,1.81257335681,18.9186106221,6.71867664319
117.385779725,23.4447321251,29.2164907389,4.80163314081,29.3993228441,8.33021310496,8.79446325433,0.373630750846,2.82991435969,2.31507667795,18.7347142004,18.1001792472
108.835475492,23.7658469116,28.1231319367,8.36926087103,44.7562999696,9.11385487299,19.5518672199,2.0904766724,23.926728064,14.2596903147,12.8350032048,10.6283776946
82.1357056695,23.3547949337,26.6572677925,2.94963811821,24.0640832328,8.91314837153,8.37243667069,2.01809408926,6.94556694813,27.9888419783,13.0965018094,8.58293124246
103.80378748,24.3164650184,29.8942661757,4.68763808522,28.9187795897,8.06123093109,9.20115728564,2.67375065755,10.4566017885,42.1917937927,13.4067332983,18.7497106786
102.334477774,23.2159980725,26.0872184074,5.43856161908,30.8077942417,9.62552704493,18.280809541,0.53294783761,20.532465968,11.2470184315,14.4015178894,7.2646669076
86.6571197411,23.166828479,31.3469255663,9.43786407767,30.9608414239,8.53300970874,9.66359223301,2.64546925566,8.99724919094,31.2928802589,21.2980582524,13.2776699029
62.7957321165,21.9869816132,29.4925513354,21.0358341162,43.7841900416,43.7200375788,11.8970607972,2.27244665146,5.0234867803,6.16642061468,31.6566903771,7.61535364381
98.3801180491,23.290990991,29.4176141659,2.6045666356,39.6531842187,8.19707983846,9.10493942218,2.0,3.51985088537,27.0245107176,35.3253184219,13.4994408201
79.6013259517,23.4040051945,29.4866379605,5.97040530381,35.5957214134,6.50468183993,9.13703779646,2.0,5.68580411455,41.0090219397,20.5566263413,10.4591620532
72.2329103688,21.2129439572,27.1838029483,3.84530696025,45.37264415,6.90097655035,9.59131056789,0.0695092367979,10.0916837718,26.1756857623,19.321795111,9.83243142377
88.6316814016,24.3301970963,31.2374077379,8.43782950766,52.3590721064,7.5232378944,13.7552112905,2.61391840376,8.85781490794,42.2105604672,24.8252899667,23.2348122313
82.3357742628,23.1501659832,28.346709627,1.1620777192,30.5033196641,7.55867994532,10.3105838703,2.02294473736,15.2205623902,9.74780316344,27.5938293302,14.317418473
129.006363797,21.866890578,25.6674916033,4.38306522892,30.7820399505,9.68569913382,10.1403570797,2.78769665901,3.19091391197,21.5225384479,26.2381120735,10.3910199753
109.255174875,22.2191291934,29.8754461099,3.32512491078,42.3315488936,10.5688793719,9.05317630264,2.0,3.19379014989,8.47037830121,13.1709493219,10.9503925767
90.0684708184,18.9682099772,27.3452885556,0.165634170199,25.2988262145,8.64623410499,6.92321486795,3.8747962178,7.90837952396,25.3716987284,25.1294424519,11.9755461363
114.660930617,20.4604900881,27.7411894273,27.9990363436,36.8890418502,52.6411068282,23.1160517621,2.97370594714,6.40418502203,2.17111784141,20.4560848018,8.75165198238
79.7635285967,18.8646755446,25.9953814179,24.0757447464,32.0165499192,29.6458317297,14.717188823,1.51851281657,2.4214456162,2.40497267339,22.4229851436,6.8207990147
117.907615564,20.2774193548,27.7883604922,2.60345859661,23.9986697705,9.8317924842,10.0520784835,2.58623212504,12.4023279016,21.6762221483,27.7386764217,14.7136015963
122.014825411,19.8700175564,26.1425320242,1.91553416997,50.2253072371,7.54938552572,10.2601599584,2.57695558879,3.52857793094,30.4911892841,31.2830483126,21.38819169
114.178368248,19.6395823573,26.8934475604,2.35546482832,21.140686701,8.05180376146,10.0236931932,2.52158490061,3.21303794927,27.6906498896,24.5363764139,14.7331503915
109.170848872,19.7100056886,27.368244738,6.54035775235,25.2308324379,9.97383224828,11.4533847418,0.0424119840718,13.8601226218,21.987801024,18.3739333797,33.9180835598
105.923003638,24.3455742248,29.9213580461,5.13043478261,45.81915815,7.25047635545,8.36895894682,3.53065996882,2.76199549628,29.0442577516,21.2239736705,16.5103065997
76.3946360153,20.9692504175,25.5944591807,8.41104234208,21.3103448276,8.27311130759,9.31486393555,2.70773160428,5.216622458,18.9623735141,14.1386187248,11.4468022399
101.560580107,18.6418864908,27.4471851091,5.84663697613,38.0920406532,8.01952723535,11.3488637661,3.07045791938,5.71211602147,21.408016444,34.1331506224,10.6891629554
105.972775887,18.5724355858,26.3434613515,4.81550802139,37.2032085561,8.9275644142,10.5099659699,2.09066601847,23.3587749149,11.241614001,47.6280991736,8.83835683034
88.9168823326,19.7687198068,26.2150621118,5.00034506556,26.3364389234,14.6400534852,9.22131642512,2.58195307108,6.12258454106,16.2766994479,21.2284334023,10.021652864
89.202444778,22.7208235042,27.6721852884,5.91494745872,29.9070126528,8.13647866181,9.43448423762,2.37966974051,5.37336478662,42.9411537637,23.4711130174,17.2811494746
84.9582599591,22.1188425111,28.875113036,17.8659273714,23.7954404836,6.94626624149,9.9942411118,1.73099804864,6.6716957784,24.0246061587,14.3724715625,16.5604683261
101.111839158,21.9125224014,28.3660954301,1.57011648746,31.8096998208,12.0010640681,9.78119399642,2.17596326165,5.83546146953,27.1322804659,42.9457325269,21.1330645161
89.2866890197,24.3704190016,30.9757790335,3.29731060517,40.7923046261,9.95254284977,12.1613871369,0.484278646627,12.0634246993,55.4489905977,49.3134188375,17.5067879669
91.2656955965,23.374940994,28.7662687976,4.73835052937,31.1907748331,12.6609346551,11.2963787174,1.7807674152,3.2567266842,50.2346752984,16.5466316002,13.3262526131
59.4700514139,21.7903598972,28.7533419023,5.53868894602,29.9354755784,6.60218508997,9.60706940874,2.10912596401,2.38483290488,24.2287917738,26.6897172237,26.8250642674
91.981044905,24.3656735751,29.1083333333,9.04525043178,23.0601468048,8.498791019,9.90682210708,2.14373920553,3.57016407599,48.7177892919,20.1392487047,14.2993523316
89.6623252167,25.0607657795,31.3734372958,4.36232957268,23.6193317942,8.91627825935,8.93727403406,2.0000435597,7.74373829333,55.8114736246,12.6890708716,15.3020429499
81.1826979227,23.0884291316,30.2212396763,30.7414699258,36.832568616,35.9139067323,13.5520146826,0.0,2.88579294235,7.4967881872,17.2793025778,8.14448986402
96.9927269821,24.7424872123,30.4627957161,4.46930946292,25.300951087,7.68861892583,9.50211796675,2.90405210997,3.83284047315,30.5660565857,13.985693734,12.0466751918
61.9984771574,16.5911167513,25.2472081218,37.5269035533,25.5512690355,110.851015228,21.9294416244,2.2961928934,4.37335025381,2.38680203046,16.1378172589,7.28426395939
114.884216819,23.5607811877,30.4543642886,5.60163411718,29.128935831,7.90613790355,13.3933838183,2.11359107214,17.3776404942,1.23953766441,15.1474691112,8.46472698286
100.468410976,23.5231819317,30.3558447324,4.87985904942,30.6531450293,6.98773618934,8.16969562443,2.53724924392,2.86224022641,85.5456563358,20.1512999084,25.2129519159
123.85242904,24.1229688734,30.5517184059,5.87796617213,29.2679424843,8.49840003325,9.74556372855,0.59192536259,3.92008477746,67.6548435357,23.1600590118,23.3739143083
125.495010691,17.1327512473,24.9128652887,2.42765502495,42.0420527441,8.29793300071,16.2382394868,2.1364932288,5.01015680684,6.84408410549,22.7720955096,7.86136849608
106.749401437,23.1754012592,27.7190742219,7.08468564334,36.5256717212,8.66826283586,12.5805622063,2.05648665425,8.98040258934,84.4408087257,27.9485678815,18.1078300967
78.7923471021,22.9003095314,28.3762407941,28.3477959227,32.079090618,17.8837122425,12.4852705732,2.05651617035,2.74607748959,2.28503575622,16.5987298538,7.32340698047
79.0485204926,20.2745818783,23.5642345157,2.89009373277,23.1192795442,9.45322551002,8.02756846168,2.0,2.81143172211,2.45469582797,12.4795074435,6.95993383569
110.221715818,21.1806970509,26.6833780161,9.39034852547,24.4989276139,8.1600536193,8.91528150134,2.25361930295,9.17050938338,2.41367292225,14.863002681,8.77399463807
97.2636923453,24.3176868806,30.8019656621,6.76208148118,22.7139186819,7.66155540149,9.6894498593,1.9364218425,5.34492883651,24.6482198932,26.3410546063,17.8615064638
74.2507263219,22.8747821034,29.9973852411,3.29372457873,39.8265543289,8.00145264381,13.4979662987,2.0,16.0264381174,4.04503195816,16.5691458454,10.8448576409
46.515433611,24.3988241058,30.3020578148,8.22292993631,25.2871141597,5.0188633023,6.38118569329,2.0,15.3797158256,10.3912297893,14.1077902989,6.19647231749
105.088053553,23.5108135942,30.8738414006,3.73635427394,22.7188465499,9.73789907312,10.7651905252,1.4850669413,6.40113285273,16.5937178167,12.6560247168,10.4685890834
127.844564354,22.1095495043,28.5203496884,6.64169490107,23.6542853558,9.70418705818,12.2815075083,2.00163132137,2.90688919563,46.4220939474,29.671518802,37.6738612122
68.4471434124,18.4119704625,25.6568208317,5.77361057132,24.2164788185,7.83424018655,13.3661095997,2.21414691022,6.26506024096,14.4249902837,18.7916828605,10.46618733
68.2367385323,22.2235728466,27.5908536798,5.78757270732,44.2599352165,7.17223363868,9.34370102051,1.9985719759,8.48019922678,33.6826651806,26.7216746195,16.2304343283
89.3414506567,20.3362199233,21.3287225386,10.9321167035,27.9873881204,8.87376496571,11.5216784842,1.99732651401,9.45449261885,18.4208996862,52.8283738231,9.59682668836
71.9322024713,22.4963689573,28.6287123347,5.89529590288,35.1211250813,7.78002384565,10.4878061999,2.1183069586,15.9889984825,25.2969867765,19.9120962497,13.9279752872
95.173874669,22.4991173875,28.3548102383,2.48764342454,24.645631068,8.11915269197,12.4192409532,0.0,11.4571932921,19.3861429832,13.1045895852,8.3773168579
135.310551876,20.4195143488,28.6372626932,4.66022075055,27.5367770419,10.2034437086,9.25969094923,4.39081677704,31.2208388521,71.570419426,12.9497571744,19.3654746137
117.074338388,21.5518881951,24.5289919715,3.97085935177,19.7624145109,10.2239072257,9.56051144811,2.96788581624,2.54296758846,40.1638418079,15.5551590842,14.1909009813
77.5990427099,22.8379970545,24.1218703976,34.6520618557,51.3508836524,53.8265832106,14.3919366716,1.88604565538,4.23159057437,1.21354933726,23.6754418262,7.35714285714
102.015560495,21.0441409971,20.4350587488,30.6456017783,29.1794220387,0.98793267704,14.2778659892,1.69228326453,2.31787869165,2.54874563353,19.116862496,8.76976818037
138.230153203,20.6215181058,27.8579387187,0.0181058495822,42.9644846797,9.65842618384,8.77646239554,0.0,3.34784122563,15.2698467967,22.741643454,8.83461002786
90.4965421853,23.7154400524,31.6349275679,6.42964257116,23.2892188979,8.98500400379,9.04207614472,2.26818082551,2.82026643372,1.78889131543,15.3154982893,6.04964693892
128.467398321,22.3421562298,28.6583279535,13.8528082634,24.2901872176,9.06471917366,10.7009360878,2.0,10.0761781795,12.1063589413,14.8173014848,9.49548095546
127.926347474,21.6409556956,26.232903772,5.59796820619,51.0995202709,9.95522528455,9.38171385571,2.13959175995,11.9406452827,8.20195654219,16.3550935942,7.68732950804
99.5072977099,21.8461374046,25.4959389313,5.72711450382,25.039389313,8.16232061069,7.92473282443,1.45264122137,3.2013129771,23.7590229008,13.3541374046,16.4283664122
102.976351839,18.4448449892,26.1454938717,6.07555875991,31.6738284066,8.37736121125,8.50209084355,2.86733958183,2.8408074982,24.5126171593,12.7346791637,12.4633020908
82.8338054046,19.9418969609,19.611115364,4.92007961418,26.1978871622,8.9392941897,11.1283778611,2.00030620837,3.96271913037,34.7713388961,32.0780065835,20.8701676491
126.835158151,17.5182481752,18.2414841849,2.60644768856,28.9513381995,8.58941605839,9.75425790754,2.0,18.4081508516,21.7384428224,13.3588807786,20.048053528
111.886082864,22.966299689,30.4273468359,3.87662828809,25.4894528952,8.32624590302,13.9849987394,2.04958399866,10.4922262375,45.8978485587,14.9829397428,14.009706698
127.385964912,21.7174653051,27.2746792354,5.34380727939,20.6179628175,7.54516889238,8.78083267871,0.131448023043,3.74103168369,24.1681068342,37.8415815659,14.6158680283
121.316871253,22.2111523456,26.161004853,4.32648206299,43.1446379294,10.850604244,10.0102769055,4.55552383671,5.01065753164,88.3697782853,22.2677704824,25.846131887
