617,580,1
621,578,1
646,424,1
712,823,1
867,447,1
930.5,1502,1
951.5,1112,2
964.67,481.67,1
967.4,1108.8,1.6
1009,1166,1
1054,1739,1
1058,2003,1
1085,776.5,1
1098,1050,1
1110,757,1.5
1151,1909,1
1151,1911,1
1184,1612.5,1
1191,896,1
1209,326,1
1226,2472,1
1260,2661,1
1283,1913,1
1285,3207,1
1290,1207,1
1293,842,1
1295,842,1
1296,1786.3,1.3333
1298,1785.8,1.6
1301,1780,1
1310,970,1
1352.6,2902.8,1.6667
1385,2198,1.5
1419,2954,1
1439,1235,1
1456,3048,1
1489,580,1
1491.5,1875,1
1647,3759,1.5
1659,854.5,1.5
1664,1256,1
1698,1582,1
1717,3129.5,1
1718,3736,1
1723,3787,1
1723,3789,1
1725,3791,1
1728,3297,1
1748,3648,1
1750,3646,1
1750,3648,1
1762,785.17,2
1778,1059,1
1778,1061,1.5
1825.7,2802.3,1.3333
1873,1021,1.5
1873,3124,1
1891,1364,1
1901.5,3594,1
1922,3079,1
1924,3075,1
1925,3516,1
1935.2,1171,1.5556
1943,932,1
1965.8,1273.2,1
1988,1843,1
2052.4,321.56,2.0781
2131,3095,1
2134,3787,1
2136,3783,1
2195,3703,1
2231,1882,1
2247,908,1
2253,2328,1.5
2259,2446,1
2264,3761,1
2266,3761,1
2273.4,594,2.2857
2273.4,596,2.2857
2273.4,598,2.2857
2296.8,2825,1.4
2298.5,2442,1
2298,2823,1
2298,2827,1.5
2329,2301,1
2329,2304.8,1.2
2340,3367.5,1
2353.8,3905.2,1.625
2369,3552,1
2372.5,3597,1
2377,3278,1
2376,3595,1
2404,1420.5,1
2408,1423,1
2435,2513,1
2477.5,839,1
2510,3050,1.5
2512,3050,1
2533,1652,1
2577,3596,1
2607,1508,1.5
2609,1508,1
2618,3869,1
2624,3786,1
2663,2381,1
2665,2381,1
2675.4,1850.1,1.4
2716,2238,1
2716,2469,1
2719,3498.5,1
2740,3483,1
2750,2010,1
2768,1616,2
2778,3348,1
2799,699,1
2801,698.5,1.5
2806,3017,1
2829,2135.5,1
2830,900,1
2832,900,1.5
2832,3361,1
2933,1923,1
3001,1869,1.5
3035,3146,1
3040,681,1.5
3040,683,1
3165,3211,1
3190,2796.5,1
3224,1500,1
3224,1504,1
3249,3581,1
3286,2540,1
3292,2371,1.5
3320,3354,1
3348,3085,1
3348,3087,1
3465,2461,1
3470,2346,1
3563.8,2187,1.6
3574.3,1552.3,1
3626,3573.5,1
3640,3246,1.5
3703,2612,1
3739,3741,1
3796,4023,1
3858.3,3514.8,1
3859,3518,1
3907,3718,1
3938.2,3929.8,1.75
3943,2894,1
3949,3199.4,1.8571
3951,3202,1
4042,3465,1
4042,3467,1
547,729,2
569,655,2
622.67,574.67,2
648,422,2
696,1145.5,2
758,818,2
809,1426.3,2.6667
906.5,1305,2
921,2298,2
923,2298,2
925,378,2
961,476,2
981,1827.2,2
984,2164,2
996.5,2162,2
1007,2011.7,2.6667
1010,2189,2
1010,2191,2
1117,3113,2
1127,1494,2
1128,2180,2
1143,834.5,2
1148,1909.2,2
1156,3063,2
1164,679,2
1167,378,2
1169,378,2
1181,2692,2
1183,1883,2
1199,2764,2.5
1201,2764,2
1219.9,2129,2.8571
1262.4,2659.4,3.25
1267,3414,2
1284,2881,2
1286,2877,2
1286,2881,2
1288,2877,2
1316,431,2
1329,2497,2
1333,2497,2
1334,2924,2
1343.8,1780.8,3.3077
1343.4,3277,2
1352,1222,2
1367,3348,2
1368.2,524,2
1373,3454,2
1381,3383,2
1390.3,1684.3,2
1394,1839,2
1401,1616,2
1407,1880,2
1407,1882,2
1408,2297,2
1420,1193,2
1420,1195,2.5
1436,889,2
1444.5,755,2
1458.5,3743.5,2
1462,1628,2
1464,1889,2.5
1467,2967,2
1485,1796,2
1488,3587,2
1490,3587,2
1503.5,2454,2
1503.5,2456,2
1511,2996,2
1526,395,2
1558.5,1044,2
1557,1046,2
1630,794.5,2
1645,3759,2.5
1652,3740,2
1659,3282,2
1661,3282,2
1706,3586,2
1715,3132.8,2
1738,3246,2
1749,3133,2
1767,2270,2
1771,3891,2
1780,1059,2.5
1803,1318,2
1821.5,3577.5,2
1837,3732,2
1841,3540,2
1841,3542,2
1862,3760,2.5
1864,1882,2
1877,921,2
1893,1362,2
1898.4,3491.8,2.3333
1920,3516,2
1931,350,2
1931,352,2
1931,3665,2
1936.5,3331,2
1944,1606,2
1966,3751,2
2010,2396,2
2029.3,2796.6,2.5714
2078,1317.5,2
2079,1588,2
2080,1317.5,2
2083,3508,2
2146,1889,2
2250,1160,2
2283,803,2
2296,2576,2
2305,2518,2
2316,3079,2
2334,737,2
2343,3274,2
2373,3593,2
2434,840,2
2435,2517,2
2439,1729,2
2439,1731,2
2453.4,3011.6,2.375
2463,2237,2
2466,1635,2
2481,1780,2
2570,3056,2
2619,1959,2
2640,3465,2
2646,1564,2
2683,3435.3,2.6667
2685,3435,2
2713,3763.4,2.8571
2733,1213,2.5
2766,952,2
2767,1809,2
2769,1811,2
2769,1813,2
2771,1813,2
2780,536,2
2779.7,3809,2.6667
2808,2095,2
2822.6,2435.8,2
2855,3575,2
2913,3802,2
2932,3603,2
2988.7,2042.7,2.3333
3003,1873,2
3008.2,3283,2.25
3034,1828,2
3066.2,1843.2,3
3097,3389,2.5
3099,3389,2
3113,2559,2
3117.5,2590,2
3117,2592,2
3174,2162,2
3222,1504,2
3243,2867,2
3271,1756,2
3294,2634,2
3398,2488,2
3494,2809,2
3552,2721,2.5
3592,3267,2
3598,2988,2
3638,3246,2
3695,3566,2.5
3712,3301,2
3712,3303,2.8333
3734,2577,2
3740,2851.5,2
3791,4012,2
3793,4012,2
4017,3529,2.5
547,727,3
676,456,3
684,950,3
698,1145,3
713.5,1056.5,3
819,1414,3
829,1753,3
830,696,3
832,663,3
832,696,3.5
844,718,3
925,1145,3
927,380,3
928,1589,3
929,380,3
930,1589,3
952,1110,3
959,1795,3
964.4,1108.8,3.5
978,1109,3
979,1004,3
979,1006,3
1017,1203.5,3
1039.2,702,3.25
1041,700,3
1048,1093,3.5
1051,1547,3
1058,433,3
1059,451,3
1084,495,3
1092,797,3
1107,1301.5,3
1116,1831,3.5
1119,752,3
1118.5,754,3
1120.9,756,3.1429
1160,676.5,3
1172,2264,3
1175,1169,3
1176,855,3
1189,457,3
1191,896,3
1191.8,1418.5,3.75
1212,1418,3
1217,636,3
1276,2561,3
1277,1582,3
1277,1584,3
1307,1180,3.5
1311.6,1973.6,4.1429
1315,567.5,3
1319,3595,3
1339,1008,3
1344.5,1617,3.5
1373.3,1204,3.5714
1386,1683,3
1388,3676.5,3
1395.8,2065,3
1409,1280,3.5
1422,1195,3
1434,887,3
1434,1594,3
1439,1665,3
1447,3475,3
1453,2265,3
1477,604,3.5
1506,3537,3
1553,2296,3
1560,2720,3
1572.5,1173,3
1614,1604,3.5
1614,1606,3
1616,1604,3
1618.5,1981,3
1659.5,1996,3
1693,3657,3
1693,3659,3
1700,1582,3
1738,2236,3
1745,3658,3
1770,2270,3.5
1786,1995,3
1802,2647,3
1823,3613,3
1837,3542,3
1855.5,1342,3
1858,1342,3
1858,1812,3
1860,1338,3
1862,3758,3
1864,3760,3
1864,3762,3
1869,3533,3
1871,2439,3
1885,1534,3
1886,3217,3
1886,3219,3
1931,3667,3
1954,1424,3
1956,1423.5,3
1961.5,1853,3
1965,2002,3
1976,1732,3
1998,617,3
1998.5,619,3
1999.7,621,3.3333
2013,3590.5,3
2058,2390,3
2061,2992,3
2081,3506,3
2081,3508,3
2099,843,3
2100,3520,3
2101,881,3
2103,881,3
2111,3395,3
2113,3395,3
2113,3397,3
2113,3399,3.5
2141,3352,3
2162,2551,3
2162.5,3584,3
2162,3586,3
2212,1366.5,3
2297.5,2440,3
2306,2437,3
2330,2311,3
2341,1032,3.5
2345.5,1790,3
2352.5,3910,3.25
2353.7,3908,3.4286
2368,2321,3
2379,2182,3
2379,2184,3
2381,2182.8,3.6
2417,3386,3
2464,871,3
2467,3774,4
2467,3776,3.5
2474,2099,3
2486,2280.4,3
2542.5,2292,3
2592,2796,3
2615,2227,3
2643.5,1855,3
2681,2906,3
2681,2908,3.5
2698,1392,3
2698,1394,3
2709,3683,3
2715,1547,3
2716,2467,3.3333
2725,3157,3
2727,3157,3
2731,1213,3
2739,2310,3
2751,3303,3.5
2766,1616,3
2767,900,3
2768,1614,3
2769,900.5,3
2793.5,2250,3
2793,2252,3
2800,1187,3
2814,1224,3
2826.5,1655,3
2842,2391,3.5
2867,3045,3
2882,2978,3
2968,2231,3
3002,2780,3
3006,1828,3
3039,3794,3
3041,3794,3
3097,982,3
3117,3037,3
3134,1893.5,3
3164,1812,3
3179.2,3666.4,3
3184,2543,3
3190,3678,3
3259,1281,3
3283.3,2221.3,3
3324,1799,3
3351,2243,3
3353,2242.5,3
3382.3,3185.3,3
3484,2853,3
3513,2406.8,4
3514.5,3589.5,3
3526.5,3541.5,3
3529,3726,3
3583,3806,3
3897,3635,3
4013,3527,3
4013,3529,3
4015,3527,3
4015,3529,3
4042,3463,3
4066,3568,3
546.5,729,4
625,581,4
670,356.5,4
740.5,981.5,4
832,698,4
847,1695.3,4.5
871,1849,4
906,500,4
993,2164.5,4
1037,2575,4
1037,2577,4
1050,1093,4
1052,1545,4
1054.5,422,5.5
1056,431,4
1118,2613,4
1119,1667.5,4
1121,1667.5,4
1123,1667.5,4
1166,2043,4
1168,2043,4
1209,1421,4
1219,1998,4
1221,1998,4
1242,1876,4
1262,2931,4
1282.1,589.9,4
1301.5,1786,4
1303,2010,4
1310.5,567,4
1323,799,4
1329,1156,4.5
1350,3365,4
1410,901,4
1413,697,4
1417,1830,4
1435,1664,4
1437,1663.5,4
1444,2229,4
1460,3744.5,4
1470,3519.7,4.3333
1497,3301,4
1519,1985.5,4
1520,2767,4
1521,1985,4
1544,2831,4
1544,2833,4
1552,520,4
1569,2336,4
1569,2338,4
1580,2162,4
1582,2162,4
1601,3144,4
1608,2369,4
1608,2371,4
1624,3383,4.5
1635,3114,4
1637,3114,4
1653,2912,4
1657,2914,4.6667
1667,1334,4
1669,1276,4
1669,1332,4
1669,1334,4
1671,1332,4
1671,1334,4
1716,3427,4
1763,2496,4
1771,3554.3,4.3333
1776,2905,4
1776,2907,4
1789,937,4
1805.5,3800,4
1809.5,3802,4
1809.5,3804,4
1812,2929,4
1819,1825,4
1840,3192,4
1869,3535,4
1869,3537,4
1903,823,4
1948,932,4
1987,3493,4.5
1995,3552,4
2011,3591,4
2013,3006,4
2030,1722,4
2053,1516,4.5
2055,1516,4
2061,2994,4
2086.6,3271.1,4
2087,3019,4
2087,3021,4
2095,3732,4
2110,1699,4
2115,3399,4
2130,2019,4
2148,690,4
2161,2966,4
2171.2,1153.8,4
2181,2015,4
2183,3839,4
2183,3841,4
2207,2375,4
2208,1583,4
2231,3168,4
2250,1952,4
2266,2984,4
2305,3605,4
2328,3209,4
2331,1863.5,4
2341,1030,4
2357,1539,4
2399,1734,4
2422,1508,4
2434,2150,4.5
2434,2152,4
2444,3568,4
2449,1179,4
2449,1181,4
2511,1729,4
2519,1401,4
2533,3005,4
2570,3360,4
2571,2302,4
2592.3,2799.7,4.7778
2598,3381,4
2617,2787,4
2662,847,4
2664,847,4
2676,2911,4
2695,3437,4
2701,2181,4
2707,3683,4
2738,3352,4
2778,532,4
2780,534,4
2807,2827,4
2852,3493,4
2852,3495,4
2854,3493,4
2907,3824,4
2935,2670,4
2978.4,3036.1,4.8571
3001.7,2890.7,4
3099,3389,4
3101,3389,4
3125,1980,4
3131.5,1889,4
3152,3008,4
3178,3308,4
3180,3308,4
3226,2676,4
3254,956,4
3293,2636,4
3305,3301,4
3346,3479,4.5
3347,1606,4
3432,3642,4
3432,3644,4
3458,3768,4
3472,3377,4.5
3504,3577,4
3523,3360,4
3566,3099,4
3729.5,2585,4
3952.5,3998,4
4040,3537,4
4042,3537,4
655,410,5
789,1053,5
846,352,5
859.2,1023.4,5
885.5,2097,5
900,967,5
900,969,5
939,1188,5
1017,1929,5
1094,2062,5.5
1109,1310,5
1120,2611,5
1120,2613,5
1123,737,5.5
1147,2797,5
1211.5,1928,5
1215,637.5,5.5
1224,333,5
1228,2311,5
1233,2476,5
1237,834,5
1239,1195,5.5
1251,1513,5
1262,2927,5
1333,1276,5
1348,574,5
1350,3367,5
1365,3731,5
1365,3733,5
1367,3731,5
1385,1759,5
1391,1776,5
1443,2045,5
1445,2045,5
1456,3258,5
1465.8,1520,6
1520,2440,5
1535,1935,5
1561.7,853,5.3333
1611.6,1861,6
1669,1336,5.5
1693,3140,5
1739,3749,5
1743,1091,5
1773,3555,5
1788,935,5
1800,3156,5.5
1816,1592,6
1877,608,5
1877,610,5.5
1883,819,5
1904,3572,5
1941,626,5
1982,1599,5
1989,3493,5
1989,3495,5.5
2007,1296,5
2029,804,5.5
2034,780,5
2053,1514,5
2086,1079,5
2089,987,5.5
2101,883,5
2141,574,5
2146,690,5
2154,2213,5.5
2155.5,1206,5
2181.5,2012.8,5.75
2187.7,3570.7,5
2200,1952,5
2262,1112,5
2291,2374,5
2299.5,914,5
2302,2361.5,5
2304,2361,5
2338,2208,5
2340,2208,5
2352.4,3248.6,5.5
2389.5,840,5
2412,3242,5
2421,3672,5
2439.8,1482.7,5
2446,1588,5
2460,3475,5
2472,3634,5
2476.5,2084.5,5.5
2532,3503,5
2555,3439,5
2561,1949,5
2579,1026,5
2584,2419,5.5
2586,1946,5
2591,1232,5
2600.7,1823,5
2622,3029,5
2622,3031,5
2665,1973,5
2681,3436,5
2696,2011,5.5
2755,1915,5
2756,2089,5
2757,1915,5
2782.5,3808.5,5.5
2783,3300.5,5
2814,2361,5
2816,3557,5.5
2843,1599,5
2882,2976,5
2884,2974,5
2884,2976,5
2901,2517,5
2983,1773,5
2983,1775,5
3005,3507,5
3028.5,3058,5
3043,1532,5
3048.5,3598,5
3049,3600,5
3060,2474,5
3063,2805,5
3064,1371,5
3064,2476,5
3090,2105.3,5.3333
3133,1181,5
3135,1179,5
3135,1181,5
3192,3678,5
3225,1933,5
3227,1933,5.5
3251,1756,5
3259.7,1858.7,5
3282,2530,5
3293,2630,5
3295,3087,5
3297,3087,5
3318,1748,5
3327,3318,5
3327,3320,5
3329,3316,5
3329,3318,5
3338,1709,5
3348,3479,5
3461,1456,5
3483.5,3451,5
3524,3542,5
3526.3,3541.3,5
3529,3541,5
3559,1570,5
3559.5,3704,5.5
3581,3806.5,5
3583,3806.5,5
3631,3085,5
3637,3199.5,5
3639.5,3645,5
701,357,6
858,1027,6
861,819,6
1023,447,6
1027.5,445,6
1070.2,3282,6
1191,2326,6
1191,2328,6
1204,3599.5,6
1206,3599.5,6
1216,947,6
1219,2002,6
1221,3814,6
1232,3730.5,6
1239,1038,6
1241,1037.5,6
1241,1195,6
1334,1571,6
1348,576,6
1350,572,6.5
1350,574,6.5
1368,2565,6
1385,1761,6
1391,1535,6
1471,1471,6
1474,757,6
1474,759,6
1496.5,1565,6
1502,3320,6
1506,1742.5,6
1539,2672,6
1545,1939,6
1568,1337,6
1572,598,6
1589.5,1253,6
1612,1859,6
1621,1241.9,6
1636,2629,6
1648,3286,6
1668,3430,6
1670,3428,6.5
1670,3430,6
1675,2367,6
1678,1670.5,6
1723,3340,6
1725,894,6
1738,3747,6
1742,3747,6
1761,1495,6
1761,1497,6
1763,1495,6
1764.5,3823,6
1787,3643,6
1800,3154,6
1801.5,2135,6
1929,1593.5,6
1944,3042,6
1948,1260,6
1948,1262,6
1951,1954.5,7
1953,1954.6,6.8
1963,3038.4,6.375
1986,2844,6
1991,3495,6
1994,3776,6
2028,1724,6
2029,2082,6
2072,1876,6
2138.5,2304,6
2151,1700,6
2152,2213,6.5
2180,665.67,6.6667
2190,2015,6
2205,1090,6
2213,1450,6
2226,2649,6
2228,2649,6
2232,1222.5,6
2239,3102,6
2239,3104,6
2239,3106,7.5
2249,3237,6
2253,3242.5,6
2292,2596,6
2298.7,3564.7,6.5
2314,2513,6.5
2389,2415,6
2412,1930,7
2412,3240,6.5
2417,957,6
2438,2941,6
2440,2141,6
2461,3642,6
2509,1530,6
2527,1602.5,6
2529,1602.8,6.1667
2531,3581,6
2532,2990,6
2533,1606,6
2568,3359.7,6.6667
2570,3360,6
2596,3381,6
2644,2257,6
2669,1973,6
2672,1567,6
2729,1949,6
2729,1951,6
2735.8,3196,6
2788,1902,6
2790,1902,6
2809,2825,6
2865,856,6
2943.7,2077.4,6.5556
2965.8,1706.2,6.75
2966,1709,6
3044.7,3602.3,6.3333
3068,1611,6
3072,3527,6
3127,2563,6
3174.5,2602,6
3215,2634,6
3218,2020,6
3220.3,1990,6.6667
3222,3572,6
3224,3572,6
3229,2930,6
3358,2260,6
3431,3521,6
3450,1325.5,6
3543,2506,6
3545,2508,6
3559,3702,6
3561,3048.5,6
3563,3048,6
3603,3216,6
3623,2306,6
3623,2308,6
3808,2917,6
937,1188,7
942,912,7
988,402,7
990,402,7
990,495,7
1065,503,7
1065,1904,7
1076,436,7
1110,1298,7
1141,1477,7
1152,2703,7
1176,3266,7
1179,878,7
1189,1922,7
1191,1922,7.5
1207,1549,7
1233.5,3868,7
1236,3314,7
1237,1748,7
1244.5,1776.5,7
1245,1070,7
1245,1072,7
1249.7,1069.7,7.8571
1271,582,7
1285,1436,7
1303,2448,7
1309,1898,7
1321,2733,7
1325,2554,7
1335.4,3584,7.7143
1346.2,3904.6,8.0909
1346,1106,7
1348,574,7
1348,1106,7.5
1351,3364,7
1363,2449,7
1367,3263,7
1370,3103,7
1405.5,2943.5,7
1433,1525,7
1433,1527,7
1440,483,7
1451,1799,7.5
1451,1801,8
1460,1518,7
1469,2039,7.5
1480,543,7
1498,1980,7
1516.8,3254.2,7.1667
1518,1985,7
1521.5,1413,7
1543,2845,7.5
1556,2073,7.5
1561,3201,7
1575,1348.5,7
1577,1348.5,7
1584,3752,7
1630,3923.6,7.6
1638,1988,7
1638,1990,7
1640,2806,7
1649,916,7
1658.4,437.7,8.0741
1660,1627,7
1675,1083,7
1679,3026,7
1730,2333.5,7
1742,3523,7
1791,3843,7
1791,3845,7.5
1794,1479,7
1810,2929.3,7
1816,1590,7
1818,1068.5,7
1829,3518,7
1831,2160,7
1831,2162,7
1862,1488,7
1863,3517,7
1872,1321,7
1891,2732,7
1906,1984,7
1943.6,2836.2,7
1979,1196,7
2006,1296,7
2007,2536,7
2032,2796,7
2037.6,3579,7
2077,1586,7
2078,2017,7
2089,983,7
2104,1671,7
2106,1534,7
2127,896,7.5
2144,3006,7
2155.5,1204,7
2155.5,1206,7
2202,1952,7
2238,2255,7.5
2246.5,754,7
2252,2155,7
2266.5,1165.8,7.3333
2384,2931,7
2385,2413,7
2402,3204,7
2404,420,7
2405,2172,7
2406,420,7
2408,420,7
2448,3782,7
2490.7,3840.7,7.3333
2548,3775,7
2559,2523,7
2579,3644,7
2599,3253,7
2602,1050,7
2602,1052,7
2613,2644,7
2640,3672,7
2701.3,2180,7.6667
2780,734,7
2815,2690,7
2817,2690,7
2846,3331,7
2933,1451,7
2941,2674,7
3013,3373,7
3043,3001,7
3056,2955,7
3103,2093,7
3122.5,2123,7
3130,1418,7
3205.7,2139.7,7
3225,2674,7
3265,2947,7
3267,2947,7
3294,1737,7
3303,3102,7
3306,1181,7
3310,1688.5,7
3375,2267,7
3417,2692,7
3461,3762,7.5
3484.5,2455,8
3499,1835,7
3529.5,3466,7
3529.5,3468,7
3585,3765,7
3652,3192.5,7
1021,1911,8.5
1024,781,8
1066,985,8
1081.5,373,8
1085,733,8
1097,915,8
1136.5,2551,8
1139,2804,8
1152,2701,8
1177,3646,8
1250,1073,8
1263,3361,8
1265,3361,8
1283,2953,8
1286,3510,8
1297,2697,8
1308,453,8
1322,2537,8
1324,2537,8
1367,2082,8.5
1367,2757,8
1368,380,8
1369,2082,8
1377.5,3800,8
1383,1903,8
1383,1905,8
1390,3221,8
1394,594,8
1418,3133,8
1431,1578,8
1431,2960,8
1444,2217,8
1453,1799,8
1453,1801,8
1464.8,1458.6,8.8
1469,2041,8
1470,2344,8
1509,2096,8
1511,903,8
1526,3426,8
1539,1640,8
1540,3044,8
1550,3828,8
1554.5,2058.5,8
1554.5,2069,8
1570,778,8
1619,2551,8
1619.5,3486.5,8
1641,1677,8
1649,378,8
1652,3314,8
1654,1106,8
1655,447,8
1658,708,8
1664.5,2961,8
1717,2863,8
1721,3395.5,9
1725,2261,8
1725,3338,8
1756,3100,8
1768.5,3389,8
1768.5,3391,8
1775,3550,8
1777.5,1074,8
1777,1076,8
1777,3550,8
1789.3,867.67,8
1796,3462,8
1802,599,8
1810,3909,8
1819,2045,8
1823,3572,8
1827,3468,8
1837,2522,8
1847,1671,8
1882,3039,9
1884,3039,8
1919,821,8
1921,902,8.5
1932.5,1593,8
1948,3512,8
1948,3514,8
1965,3752,8
2003,2939,8
2029,3397,8
2051,2269,8
2053,2269,8
2109,2656.5,8
2112,1676,8
2114,1676,8
2150,3566,8.5
2182,2015,8
2234,2210,8
2234,2212,8
2241,3106,8
2258,686,8
2278,850,8
2284,1428,8
2321,3475,8
2325,2233,8
2343,3361,8
2345,3361,8.5
2347,3805,8
2354,3387,8.5
2355,3748.5,8
2375,2109,8
2384,3912,8
2426.1,2636.2,10.026
2448,3784,8
2458.5,2379.5,8
2476,1734.5,8
2478,1736.5,8
2480,3034,8
2482,2786,8
2483.1,754.29,8.7143
2491,3394,8
2493,3394.5,8
2497,1353.5,8
2509,2161,8
2513.9,2964.2,9.1053
2565,1285,8
2578,1025,8
2580,1025,8
2622,2215,8
2622,2217,8
2670,3377,8
2695,2653.5,8
2704.6,2735.7,8.2857
2740,1599,8
2753,1602,8
2755,1602,8
2755,1604,8.5
2756.5,2089.5,8
2757,1604,8.5
2765,3509,8
2767,3508.5,8
2790,1202,8
2802.5,1769,8
2802.5,1771,8
2843,1469,8
2845,1469,8
2872.1,3027.9,8.7647
2888,3497,8
2888,3499,8.5
2890,3497,8
2890,3499,8.5
2923,1482,8
2925,1484,8
2931,1896,8
2934,1449,8
2939,2869,8
2941,2869,8
2972,1705.2,8.75
3044,3218,8
3055,3409,8
3056,2960,8
3094,3458,8
3094,3460,8
3094,3753,8
3104,694,8
3123,906,8
3123,908,8
3125,2561,8
3133,1917,8
3135,1915,8
3135,1917,8
3189.7,3361,8
3252.5,3431,8
3361,3550,8
3419,2692,8
3419,2694,8
3424,2160,8
3457,3837,8
3461,3760,8
845,350,9
876,699,9
898,1379,9
901.33,1217.3,9.6667
909,1007,9
942.33,439.67,9.6667
947,1365.5,9
988,404,9
990,402,9
996,1837,9.5
1010,846,9
1021,1913,9
1029,2164.5,9
1051,848,9
1119,1254.5,9.5
1121,625,9
1126,564,9
1128,1798,10
1137.5,2617.5,9.5
1138,1027,9
1148,502,9
1165.5,2929,9
1179,3648.5,9
1199.5,1715,9
1206,1191,9.5
1207,2645,9
1240.1,2557.7,9.5714
1240,3168,9
1262,2175,9.5
1262,2177,9.5
1264,2181.7,9.3333
1293,3241,9
1320,1173,9
1324,3429,9.5
1379.3,1956.7,9
1379,3066,9.5
1380.5,3800,9
1382,3960.3,9
1384.5,3388,9
1385.5,3957.7,9
1393,2978.3,10
1414,2570,9
1448,3252.3,9.3333
1455,2796,9
1463,3646,9
1465,3646,9
1498,1843,9.5
1549,3816,9.5
1549,3818,9.5
1565.5,2777,9
1568,2131,9
1570,776,9
1627,3545,9.75
1647,378,9
1651,2952,9
1665,3764,9
1674.5,3311.5,9.75
1709,1909,9
1711,1909,9
1719,3391,9.5
1721,1271,9
1730,3627,9
1730,3629,9
1762,912,9
1800,3459.8,9.5
1817,1281.5,9
1819,2041,9
1819,2043,9
1825,3468,9.5
1837,1795,9
1843,965,9
1870,2426,9
1873,2428,9.5
1882,3037,9
1887,3583,9.5
1887,3585,9.5
1906,1982,9
1954,2761,9
1994,2197,9
2007,3561,9
2015,3191,9
2017,3191,9
2017,1211.7,9.6667
2027,3393,9
2077,718,9
2081,1820,9.5
2101,3482,9
2108,1536,9
2109.5,654,9
2118.2,2715.7,9.4444
2152,3568,9
2178.3,3355.8,9
2206,2573,9
2211,3412.9,9.7143
2238.5,2311,9.25
2262,1349,9
2275.6,1164.7,9.5714
2284,3663,9
2284,3665,9
2325,2235,9
2330,3463,9
2332,3463,9
2342.8,1862,9.5
2365,1997,9.4
2386.5,1355,9
2386,3914,9
2434,2110,9
2435.7,933,9
2460,2377,9.5
2510,1615,9
2510,1617,9
2512,1530,9
2524,1375,9.5
2524,1377,9
2546,3775,9
2548,3775,9
2551,1545,9
2559,2525,9
2567.5,2784.5,9
2569,2258,9
2609,2231,9
2614,3745,9
2649,2738,9
2707.5,3148.5,9
2757,3050,9
2772,3346,9.5
2844,3329,9
2851,2127,9
2853,2127,9
2853,2129,9
2883,3567,9
2888,1994,9
2939,2871,9
2975,1480,9
3013,2502,9
3018,1190,9
3084,1163,9
3107,684,9
3114,1734,9.5
3203,2137,9
3230,2036,9
3245,3144,9
3291.5,2851.5,9.5
3301,3464,9
3302,3165,9
3359,3550,9
3415,2694,9
3415,2692,9
3415,2696,9
3422.7,2160.1,11
3472,3454,10.25
3473,3561,9
3545,1859,9
3562,2964,9.5
3636,1737,9
3637,3106,9
3670,3217,9
3771,2397,9
3838.5,3911,9.5
857,695,10
857,697,10
912,1887,10.5
1007.9,332.62,10.75
1015,2412,10
1037,463.5,10
1037.5,1586,10
1038,1584,10
1071,756.5,10
1082,382,10
1082,384,10
1088,294,10
1091,752,10
1134,724,10
1139,2804,10
1140,2617,10
1156,2627,10.5
1178,454,10
1180,454,10
1186.1,742,11.625
1201,2476,10
1206,1193,10
1245,3656,10
1247,3656,10
1249,3654,10
1260,2176,10
1264,2175,10
1278,2846,10
1289,2196,10
1299,1090,10
1301,2634,10
1331,3436,10
1334,3148,10
1338,236,10
1344,2856,10
1347.7,3386,10.667
1364,1891,10
1389,3691,10
1398,2128,10
1399,1952,10.5
1400,2749,10
1405,1892,10
1408.1,3415.9,10.375
1415,1951,10
1422,931,10
1428,3432,10
1431,1580,10
1441,2580,10
1456,506,10
1459,1750,10
1482,2973,10
1494,2262,10
1497,956,10
1499.2,3142.2,10.25
1501,1905,10
1503.5,1907,10.75
1507,1213,10
1523,3893,10
1525,3774,10
1531.6,3482.4,11.286
1532,3122,10.5
1544.5,2586.8,10.5
1549,3820,10
1577,502.67,10.333
1585,3421.3,11.3
1587,2928,10
1586,2932,10
1620,2137,10
1633,2265,10
1645.4,3294.6,10.4
1682,760,10
1690,2354.5,10
1697.5,2238,10
1710,1855,10
1717,3391,10
1741,3200,10
1743,3623,10
1759.6,203,10.375
1758.5,205,10
1759,3105,12.409
1759,3107,12.409
1759,3109,12.409
1768,784,10
1783,2123,10
1783.3,3692,10.333
1784,2738,10
1786,2738,10
1787,1220,10
1789,868,10
1801,3462,10
1820,3483,10
1824,1349,10
1889,3583,10
1928,1593,10
1952,2763,10
1984,1191,10
1984.5,1193,10
2004,1526,10
2006,1526,10
2014.8,3187.6,10.5
2049,771,10
2050,2949,10
2051,767,10
2051,769,10
2051,1999,10
2053,1999,10
2057.5,1204.5,10
2059,1070,10
2095,887,10
2095,947,10
2114,2715,10
2117,3227,10
2132,2985,10
2150,1920,10
2150,1922,10
2163,1216,10
2171,946,10.5
2183.5,3355,10
2184,2912,10
2194.3,2666.3,10.333
2219,2123,10
2221,3808,10
2249,1588,10
2284,1424,10
2317,1533,10
2319,1533,10
2319,3679,10
2373,684,10.5
2394,2460,10
2459,2839,10
2464,3909,10
2480,2786,10
2540,1542,10
2549,987,10.5
2549,1671,10
2583,2062.7,10.333
2598,2104,10
2607,1557,10
2675,3191,10
2751.5,3044.5,10
2757,1482,10.5
2765,3778,10
2765,3780,10
2774,3346,10
2783,3219,10
2803,1152,10
2803.9,1579.1,10.889
2807,1964,10
2809,1964,10
2849,946,10
2849.5,2940,10
2851,1154,10.5
2875,2156,10
2881,2030.6,10
2888,3550,10
2895,1148,10
2937,1718,10
2940,1339,10
2972,1707,10
2996,1651,10
3063,3823,10
3086.7,2207,10.333
3101,2094,10.25
3108.3,999,10
3213,2841,10
3213,2843,10
3229,2345,10
3271.7,2527.3,10
3334,2753,10
3360,2509,10
3416,3147,10
3419.2,2159.4,10
3418,3147,10
3427,3520,10
3429,3520,10
3440,1626,10
3445,3264,10
3459,3837,10
3475,2703,10
3476,3543,10
3486,2375,10
3499,3688,10
3500,2284,10
3540,3652.5,10
3562,2966,10.5
3755,3182,10
3839,3909,10
862,1129,11
913,1007,11
927,446,11.5
946,552,11
956,1785,11
992,1125,11.5
1012,1706,11
1013,2408,11
1013,2410,11
1015,2410,11
1032,1630,11
1032,1632,11
1034,1632,11
1048,3235,11
1050,846,11
1051.5,848,11
1052,850,11
1058,1652,11
1064,2226,11
1065,3089,11
1070.7,2745,11.667
1074.5,2741,11
1153,847,11
1155,847,11
1163.7,1493,11.333
1170,2986,11
1170,3869,11
1172,3869,11
1185,1052,11
1201.5,2979,11
1248,2292,11
1252,2294,11
1258,2445,11.5
1262,522,11
1264,2180,11
1272,923,11
1273,3786,11
1324,3431,11
1331,3438,11
1332,1911,11
1340,2269.5,11
1386,620,11
1399,1954,11
1401,2284,11
1430,3434,11
1436,1592,11
1492.3,2266.7,11
1503,1275,11
1504,2787,11
1526.5,2869.5,11
1539,1919,11
1547,574,11.5
1555,907,11
1554,2397,11
1558,907,11
1573,500,11
1596,3668,11
1627,2666,11
1640,1900,11.5
1654,3144,11
1654,3146,11
1664,3684,11
1668.5,3193,11
1672.5,3197,11
1701,3380,11
1702,1354,11.5
1726,324,11
1743,3201,11
1747,3625,11
1758.5,201,11.5
1762,535,11.5
1762,537,11.5
1763,2620,11
1766,1821,11
1766,1823,11
1781,2123,11
1787,1216,11
1789,1216,11
1812,3441,11
1820,3481,11.5
1824,3225,11.5
1841,3294,11
1842,3250.7,11.333
1843,3294,11
1856,2794,11.5
1862,2012,11
1864,2012,11
1876,1359,11
1898,2127,11
1917,3434.5,11
1956,3372,11
1982,1544,11
1983,898,11
1985,898,11
1994,2195,11
2004,1982,11
2044,1944.9,12.375
2070,1879,11
2072.1,3806.2,11.583
2072,1877,11
2072,1879,11
2077,718,11
2096,1747,11
2097.5,2056,11
2097,2058,11
2098,1749,11
2105,2427,11.5
2107,2427,11.5
2110,1232,11
2110,3933,11
2111.5,656,11
2169,1880,11
2171,948,11
2184,1030,11
2217,2123,11
2243,3279,11
2252,913,11
2288.7,2595.7,11
2319,1531,11
2338,1591,11
2340,3784,11
2360.8,1167.4,11
2387,2825,11
2389,2825.5,11
2415,2013,11
2424,2455,11
2424,2457,11
2426,2455,11
2426,2457,11
2480.8,832.75,11.75
2488.5,1838,11
2497,3060,11
2499,3060,11.5
2512.8,1413,11
2515,2617,11
2516,2615,11
2529,3460,11
2536,1540,11
2536,3288,11.5
2544,1594,11
2598.5,2099.5,11
2621,1625,11
2629,1444,11
2631,1443.5,11
2638.5,2484,11
2644,1084,11
2676.7,3375.6,12
2716,3308,11
2718,3308,11
2731,2049,11.5
2748,866.5,11
2750,866.5,11
2763,3780,11
2801,2034,11
2831.3,2850.3,11
2850,2938,11
2878,2840,11
2880,2840,11
2882,2840,11
2886,1994,11
2906.5,3548,11
2918.5,2452.5,11
2933,3501,11
3048.7,3121.7,11
3087,2203,11
3087,2205,11
3102,688,11
3111.8,1334.7,11.667
3115,3420,11
3157.5,2572.5,11
3159.5,2114,11
3159,2116,11
3189,1923,11
3197,2537,11
3197,2539,11.5
3248,1158,11
3268,3494,11
3283.3,2006.3,11.667
3303,3166,11
3336,2091,11
3344,2382,11
3364,2394,11
3381,2174,11
3389.5,2577,11
3390,2575,11
3402,2012,11
3416,3145,11.5
3418,3145,11.5
3419,3053,11
3447,2173,11
3551,3425,11
3573.7,2651.3,11
3602,2256,11
3668,3212.5,11
3692,1893,11
3694,1893,11
3697,2857,11
3806,3654,11.5
910,1885,12
910,1887,12
929,446,12
972.67,1193.3,12.667
990.4,443,12.8
991,441,12
1006,336,12
1014,605,12
1018.5,3927,12.5
1035,1751,12
1063.5,1268,12
1064,1270,12.5
1084,730.83,12.333
1088,292,12
1114,3560,12
1127,3705,12
1152,2634,12
1154,2634,12
1162,2377,12
1164,1495,12
1175,3873,12
1177,3902,12
1213,2226,12
1213,3485,12.5
1214,1306.5,12
1223,1575,12
1225,3756,12
1251,3730,12
1252,283,12
1252,2296,12
1328,1911,12
1366,1478,12
1372.5,1254,12
1376,2727,12
1398,2753,12
1399,2152,12
1404,3873,12
1427,3880,12
1430.5,3410.5,12
1430,3413,12
1443,1452.3,12.667
1449,1226,12
1451,1224.5,12
1464,2613.5,12
1467,2925,12
1467,2927,12
1476,1748,12
1486,1595,12.5
1499,957,12
1501,3003,12
1504,2785,12
1520,3063,12
1539,2202,12
1546,1914,12
1556,2025,12
1571,2313,12
1573,2312.5,12
1581,3868,12
1582.5,1755,12
1584,3811,12.5
1609,2761,12
1611,3568.5,12
1618,422,12
1623,198,12
1626,851,12
1645,804,12
1650,3731,12
1651.5,3304,12
1652,3306,12
1671.5,1185.3,12.333
1701.5,1469.5,12
1722,1952,12
1724,1952,12
1760,537,12
1763,2618,12
1770,2263,12
1772,3119.8,12
1773,2084.5,12
1781,2047,12
1783,2047,12
1783,2123,12
1783,2125,12
1815.5,738.5,12
1819,2109,12
1821,2109,12
1944.5,3006,12
1967,3505,12
1969,724,12
1969,3505,12
2007.5,3738.5,12
2024,1860,12
2126,3189,12
2135,602,12.5
2145,1574,12
2169,1151,12
2196,2131,12
2236,3594,12
2330,2933,12
2330,2935,12
2335,1383,12.5
2362,3750,12.5
2366,3284,12.5
2366,3286,12
2407,844,12
2409,846,12
2409,1486,12.5
2457,3761,12.5
2483,832,12
2485,832,12
2488.5,2096,12
2522,2161,12
2523,3467.1,13
2573,782,12.5
2596,2228,12
2598,2228,12
2600,1412.3,12
2618,1622,12
2638.5,1089,12
2659.7,3478,12.333
2688,2296,12
2688,2298,12
2719,902,12
2729,2049,12
2733,2047,12
2733,2049,12
2764.5,3783,12
2808.5,2797.1,13.5
2814,2464,12
2877,3692,12
2879,2591.5,12
2879,3692,12
2894,1934,12
2897,1150,12
2923,2805,12
2985,3205,12
3011,1997,12
3018.5,1324.5,12
3054.5,3208.5,12
3067,2653,12
3078,2362,12
3093,2582,12
3103,683,12
3142.5,2151,12
3146,3523,13
3147.6,3525,13.6
3147.5,3527,14
3148,3523,13
3150,3523,13
3161,1862,12
3171,1548,12.5
3177.5,955,12
3192,2371,12
3237,3198.5,12
3252,3430,12
3265,2000,12
3273,2502,12
3284,2004,12
3402,2014,12
3404,2014,12
3431,2525,12
3491,3366,12
3521,2084,12
3604,1514,12
3606,1514,12
3606,1516,12
3725,2777,12
3759,3327,12
3759,3329,12
3804,3654,12
3843,3911,12
989.33,1223,13
990,445,13
1020,2410,13
1026,491,13.5
1038,2464,13.5
1061,1192,13
1101,959,13
1162.5,1879,13
1166,3113,13
1170,2812,13
1170,3113,13
1186,2432,13
1215,2427.5,13.5
1222,3025,13
1235,2402,13
1267,3353,13
1293.5,2676.5,13
1294,2674,13
1300,2673,13
1304.6,684.29,13
1318,1758,13
1330,777,13
1330,1911,13
1330,1913,13
1332,579,13
1335,3161,13.857
1348,2976,13
1350.5,3102.5,13
1369.5,1943,13
1375.5,1254,13
1375.5,1256,13
1404,3875,13
1405,567,13
1405,1505,13
1428,2016,13
1434,901,13
1446,2056,13
1471.7,1747.7,13
1484.3,2694.3,13
1501,1060,13
1525,3913,13
1529,2388,13
1542,2893.5,13
1542,2899,13
1554,3222,13
1555,2279,13
1555,3224,13
1574,1317,13
1584,3809,13
1588,3266,13
1589.1,1370.6,13.8
1605,698,13
1607,697.5,13
1609,2899,13
1611,2899,13.5
1614,2266,13
1634.5,3115,13
1648.3,3287.3,13
1656,3408,13
1658,3408,13
1683,942,13
1684.3,1404,13.667
1685,940,13
1687,1511,13
1688.5,2315,13
1690,3818,13
1703,2271,13
1708,3414,13.5
1715,2353,13
1755,2161.5,13
1759,2618,13
1772,1882,13
1773,3879,13
1782,1048.4,13.4
1800,2725,13
1809.3,1241.7,13
1818.5,734.5,13
1820,2436,13.5
1834,2126,13
1880,2218,13
1957.5,2761.5,13
1969,726,13
1980,639,13
1990,1606,13.5
2014.5,1371,13
2054,2229,13
2056.6,1203.2,13
2086,3810.7,13.667
2100.2,844.25,13.25
2106,846,13
2110,1235,13
2137,2662,13
2139,2662,13
2175,2324,13
2184,2592,13
2211,3681,13
2230.2,2167.4,13.6
2283,3249,13
2285,3249.5,13
2331,2475,13
2333,2937,13
2338,1749,13
2339,1387,13
2340,3685,13
2367,2797,13.5
2368,3282,13
2368,3284,13
2371,1678,13
2385,2561,13
2409,1372,13
2410,1370,13
2414,1126,13
2471,2376,13
2529,3459,13
2531,3459,13
2567.6,2021.4,14.3
2579,1001,13
2593.5,1474,13
2601,2101,13
2606,1056,13
2644,1087.5,13
2715,1581,13
2724,2425,13
2725,3760,13
2726,2425,13
2726,2427,13
2728,2425,13
2753,1392,13
2842,3218,13
2872,2576,13
2883.5,2838.5,13
2896,1116,13
2896,1118,13
3002,3461,13
3008,2021,13
3010,3238,13
3065,2655,13
3070.8,3551.2,13.562
3096,3324,13
3129,3643,13
3131,3643,13
3157,2119,13
3159,2119,13.5
3169,1550,13
3170,1343.3,14
3171,1550,13
3183,1152,13.5
3183,1154,13
3213,1344,13
3249,1521,13
3256,2161,13
3263,2122,13
3280,3479,13
3318,2045,13
3344.3,3478.3,13
3367,2047,13
3414,1100,13
3416,1100,13
3554,2306,13
3556,2306,13
3662,2060,13
3725,2780,13
3756.5,3327,13
3806,3650,13
981,2029,14
985.5,1221.5,14
1030,2140,14
1082,1016,14
1099,1966,14
1108,907,14
1121,2250,14
1157,1690,14
1189,334,14
1190,3015,14.5
1192,1868,14
1197.5,2334,14
1217,2427,14
1246.5,1392,14.5
1253,1708,14
1255,1708,14
1262,1755,14
1265.5,998,14
1276.2,954.89,14.947
1311,2714,14
1313,2714,14
1318,1561,14
1332,777,14
1355,2502,15
1372.5,2727,14
1384,3305,14
1405,563,14
1408,1286,14
1415,1714,14
1415,1716,14
1415,1983,14
1416,1566,14
1453,1225,14
1455,2029,14
1455,2031,14
1464,926,14
1464,3494,14
1479,1837,14
1496,2533.8,14.4
1508,3107,14
1512,2468,14
1513.3,2615.7,14
1523,3911,14
1532,3482.5,14
1534,3484,14
1541,145,14.5
1541,147,14.5
1543,145,14.5
1543,147,14.5
1545,145,14.5
1561,3120,14
1599,2092,14
1608,778.5,14
1615,633,14
1622,876,14
1622,878,14
1624,878,14
1638,3117,14
1642,3052,14
1682,2852.2,14
1708,956,14
1713,1180,14
1715,1180,14
1770.5,2267,14
1822,2436,14
1838,949,14.5
1868,993,14
1873,2875,14.5
1873,2877,14
1897,3599.5,14
1933,1375,14
1945,1580,14
1978,1545,14
1978,1547,14
1992,1606,14
1996,616,14
1998,2583.5,14
1998,2921,14
2000.3,2583.3,14
2047,2056,14
2049,2054,14
2084,3809.5,14
2090,3811,14
2123,2828,14
2131,602,14
2138,2180,14
2188,2665,14
2188,2667,14
2195,1455,14
2197,1454,14
2203,1614,14
2211,2206.5,14
2214,3427,14
2214,3429,14
2220,2063,14
2229.5,2290,14
2229.5,2292,14
2247,1393,14
2247,1395,14
2258,1898,14
2260,1898,14
2279.3,1165.3,14
2282,2216,14
2285,3254,14
2287,3253.5,14
2361,2752.5,14.5
2367,2795,14
2369,2768,14
2405,3434,14
2405,3436,14
2412,2056,14
2412.1,842.86,14.429
2419,2017,14
2420,2015,14
2443,933,14
2446,3122,14.5
2447.5,1336,14
2461,1396,14
2476,1614,14
2482.4,1220.7,14.4
2493,2325,14
2516,2403,14
2545,2773.3,14
2565,1645,14
2601,1415,14
2653,2013,14.5
2664,3480,14
2671,870,14
2678,2895,14
2709,1552,14.5
2709,1554,14
2719,2269,14
2724,1247,14
2724,1245,14
2748,2712,14
2752,2892,15
2804,2921,14.5
2806,2923,14.5
2873,1718,14
2879,1149,14
2882.2,3520,14.4
2915.5,962.25,14
2934,3231,14
3005,2469,14
3059,2375,14
3059,2377,14
3087,1090,14.5
3114.7,1333.3,14
3117,1347,14
3145,3529,15
3147,3529,15
3149,3529,15
3154,1457,14
3159.5,2567.5,14
3159,2903,14
3169,1546,14
3169,1548,14
3176,1921,14
3278.6,2279,14.8
3278.7,2277,14.667
3280,3481,14
3301,2794,14
3320,2045,14
3326,2446,14
3349.7,3295,14.333
3352,3295,14
3419,2087,14
3446,2120,14
3472,3803,14
3477,1722.5,14
3491,3366,14
3545.5,2765,14
3632,1842,14
3697,3271,14
3757,3341,14
967,2338,15
979,2647,15
1030,495,15
1055,2735,15
1055,2737,15
1078,1195,15
1093,2226,15
1099,1964,15
1101,959,15
1103,2511,15
1111,1704,15
1140,2334,15.5
1157.4,2627.6,15.286
1159.5,2588,15
1183,599.5,15
1183.7,2435.7,15.333
1185,337,15
1197,1305,15
1222,1261,15
1222,1263,15
1224,2511,15
1224,2513,15
1229,3058,15
1231,3411,15
1243.2,3415.7,15.051
1243,3411,15
1280,2482,15
1301.5,2507.5,15
1307,683,15
1307,2647,15
1315.5,2762,15
1317.5,2760,15
1343,1134,15
1350,3105.3,15
1354,614,15.5
1363,3272,15
1374,1045,15
1376,1043,15
1376,1045,15
1386.3,2629.3,15
1389,1507.3,15
1398,1187,15.5
1401,2557,15
1401,3059,15
1401,3348,15
1415,3718,15
1417.7,941.33,15.667
1427,901,15
1440,916,15
1453,1379,15
1455,1380,15
1455,1518,15
1457,1381.5,15
1460,3495,15
1465,2822,15
1479,1841,15
1503,1549,15
1516.4,3141.8,15.2
1529,1193,15
1541,149,15
1543,149,15
1545,147,15
1545,149,15
1554,1544,15
1561,1209,15
1561,1211,15
1561,1213,15
1564,2650,15
1572,2327,15
1572,2329,15
1597,2259.5,15
1601,3122,15
1605.8,3234,15
1613,2896,15
1617.3,994,15.9
1633.3,3320.8,15.333
1684,1858,15
1684,1860,15
1709,1266,15
1713,1182,15
1742,1585,15
1742,1587,15
1799,1022,15
1805.2,2754.5,16.5
1807,2755,15
1809,2753,15.5
1868,991,15
1882,2610,15
1887,1194,15.5
1900,2503,15
1904,3461,15
1909,1889,15.5
1914,3435,15
1976,2002,15
1984,2204,15
2006,2828,15
2007,2826,15
2023,2794,15
2051,2091,15
2060,2419,15
2062,2083,15
2066,1987,15
2078,2234.5,15
2153,2414,15
2154,1433,15
2157,2416,15
2175,2324,15
2187,3209,15
2196.5,1107.5,15
2202,1106.5,15
2206,1954,15
2206,1956,15
2242,1896,15
2251,2828,15
2256,1898,15.5
2266,819,15
2330,2542,15
2335,3369,15
2350.4,3246.1,16.889
2394,2988,15
2418,2728,15
2436,1067,15
2437,2914,15
2438,1721,15
2441,1420,15
2445,1605,15
2450.5,1334,15
2450,3120,15
2467,2239,15
2469,2375,15
2472,1616,15
2510,537,15
2511,3752,15
2518,2401,15
2532,1895,15
2561,3192,15
2564,2738.5,15
2577,2448,15
2583,998,15
2585,998,15
2601,943,15
2603,943,15
2633,1179,15
2633,1181,15
2635,1179,15
2636,2741,15
2662.5,2622,15
2677,3358,15
2691.5,2497,15
2707,1154,15
2707,1552,15
2710,2402,15
2711,1554,15
2712,2402,15
2717,1579,15
2718,2418,15
2750,3379,15
2751,1387,15
2752,2890,15.5
2756,1895,15
2758,1924,15
2760,1924,15
2763,668,15
2782,1793.5,15
2804,2923,15
2837,2687.5,15
2846,1882,15
2848,1882,15
2848.2,3665,16.25
2852,1478,15
2935,1341,15
2955,1628,15
3044,1871,15
3235,3289,15
3259,3139,15
3264,2135,15
3271,1906,15
3276,2279,15
3294.7,2849.3,15
3320,2043,15
3322,2043,15
3381,1681,15
3472,3081,15.5
3474,3681,15
3474,3079,15
3474,3081,15
3487,2278,15
3503,3809,15
3603.5,2245,15
3778,3140,15
928,3438,16
930,3437.5,16
945,3196,16
947,3196,16
981,2649.5,16
983.25,2649,16
1012,1930,16
1102,1920,16
1112,939.5,16
1125,3575,16
1131.5,1794,16
1186,2435,16
1211,2510,16
1225,2749,16
1225,2751,16
1234,1952,16
1244,1019,16
1252,2470,16
1264.2,1001.4,16.8
1311,3737,16
1329,3020,16
1339.5,966.5,16
1344.5,2976,16
1378.5,2718.5,16
1388,1961,16
1421.5,937,16
1421,3259,16
1507,1548.3,16.333
1511,2611.5,16
1528,1413,16
1531,1413,16
1542,2899,16
1543.3,1364,16.667
1547.5,739,16
1550,739,16
1564,1297,16
1565,3376,16
1575.5,1131.5,16.5
1584,1684,16
1587,3464,16
1587,3466,16
1589,3464,16
1591,868,16
1609,3399,16.667
1618,819,16
1626,2385,16
1654,1700,16
1670,2027,16.5
1684,2404,16
1696,1306,16.5
1804,778,17.333
1815,1597,16
1819,741,16
1849,1132,16
1891,606,16
1892,2537,16
1894,2537,16
1944,2242,16
1946,1351,16
1946,2242,16
1976.8,1998,16.8
2020,2797,16
2049,2089,16.5
2090,2058.5,16.75
2096,746,16.5
2106.5,2442,16
2110,2440,16
2151,2958,16
2194,3366,16
2205,2853,16
2207,2853,16
2211,2207.5,16
2246,3425,16
2248,2298,16
2258,3102,17.25
2276,1814,16
2276,2933,16.5
2278,2933,16
2296,2111,16
2298,2111,16.5
2337,2233,16
2339,3361,16
2411,844,16
2413,799,16
2413,1362,16
2430,1956,16
2438,1065,16
2443,3191,16
2461,2842,16
2470,2013,16.667
2480.7,2361.7,16
2511,970,16
2527,2068,17
2527,2773,16
2535,3464,16
2536,3462,16
2537,2381,16
2563,900,16.5
2581,2034,16
2585,2288,16.5
2586,2422,16
2596,1989,16
2626,3629,16
2629,1352,16.5
2634,2114,16
2634,2116,16
2636,2116,16
2669,2306,16
2671,866,16
2672,3357.5,16
2676,2773,16
2723,1243,16
2750.5,3377,16.5
2753,1391,16
2759,1560,16
2763,666,16
2812,2391,16.5
2816,1532,16
2829,2853,16
2832.2,2853.5,16.5
2846.3,2044.3,16
2849,1595,16
2851,1595,16
2865,925,16
2865,927,16
2922.8,1414,16
3185,1549,16
3278,3446,16
3301,2790,16
3324,2320,16
3413.5,2289,16
3654,2432,16
833.16,3829.9,17
843,3701,17
845,3701,17
866,3546,17
986,2396,17
1019.6,3557.4,17
1024,3557,17
1059.5,3692,17
1073,2538,17
1073,2540,17
1099,3571,17
1099,3573,17
1101,3571,17
1101,3573,17
1103,3571,17
1103,3573,17
1106.8,3567.8,17
1106.7,3571,17
1109,2380,17
1110,3570,17
1110,3572,17
1112,3570,17
1112,3572,17
1114,941,17
1130.5,3708,17
1130,3710,17
1131.5,3712,17
1143,3327,17
1155,2131,17
1155.7,2137.3,17
1173,716.67,17
1199.5,1186,17
1228,1570,17
1246,1281,17
1258,1903,17
1260,1903,17
1261,2163,17.5
1262,999,17
1262,1001,17
1264,999,17
1277,1770,17
1281.5,3862,17
1281,3858,17
1281,3860,17
1284,3858,17
1284,3860,17
1309,3735,17
1309,3737,17
1317.6,1654,17
1318,1740,17
1330.7,642,17.333
1347.5,3331.5,17
1386,1961,17
1398,2356.5,17
1400,2356.5,17
1413,969,17
1419,916,17
1421,2357,17
1435,1648,17.5
1458,673,17
1468,1950,17
1475,1670,17
1487,3554,17
1496,1594,17
1510,1813,17
1512,1813,17
1520,1358,17
1522.5,1814,17
1534,1013,17
1537,1211.5,17
1538,3167,17
1542,3169,17
1548,716,17
1549,3202,17
1583,1689,17
1607,3399,17
1635,2267,17
1635.5,2269,17
1635.5,2271,17
1643,2293,17
1685,1985,17
1698,1306,17
1710,1614,17
1774,1281,17.5
1774,1283,17
1790,2324,17
1795.5,1020.5,17
1816,1471,17
1818,2101,17
1833.3,2108.4,17
1841,2110,17
1841,2112,17
1843,2110,17
1843,2112,17
1845,2110,17
1847,1131.5,17
1856,2749,17.5
1914,1380,17
1921,848,17
1963,1425.5,17
2001.6,2581.2,17
2024,3581.5,17
2035,2952,17
2066,1987,17
2078,2231.5,17
2106,2279,17
2203.5,1959.5,17
2214,2093,17
2223,2396,17
2252,1336,17
2254,1336,17
2293,2284,17
2356,2341,17
2359,3776.5,17
2409.7,877.67,17
2462,2135,17
2480,1651,17
2480.5,1649,17
2540,840,17
2546,2125,17
2550,1386,17
2551,3532,17
2590,3281,17
2623,2700,17.5
2629,1350,17
2638,2114,17
2638,2116,17
2644,3629,17
2662,3306,17
2669,2275,17
2669,2304,17
2671,2304,17
2736,2970,17
2826.2,2571.8,17
2892,1973,17
2891.5,1975,17
2923,3613,17
2928,1578,17
2931,1337,17
2935,1341,17
2959.7,1745.3,17
3001.5,3302,17
3026,1342,17
3036,1581,17
3041.5,3159.5,17
3063.7,2817.7,17.833
3090,2477,17
3093,1340,17
3164,1756,17
3166,1756,17
3185,1654,17
3206,3156,17
3211,2683,17
3214,2834,17
3253,3112,17
3261,2300,17
3268,3528,17
3270,3526,17
3328.4,3005.9,18.571
3419,2084.5,17
3421,2084,17
3434,1214,17
3435,1212,17
3435,3289,18
3532,1525,17
3544,2282,17
3603.9,2237.4,17.429
3607,1628,17
957.59,1837,18
1035.7,3691.3,18
1038,3691,18
1109,2378,18
1153.7,2630.7,18.667
1157.7,2135.8,18
1213,418,18
1216,1742,18
1220,1559.8,18
1220,1893,18
1226,1572,18
1229,3220.4,19.6
1231,3220.7,18.667
1239,868,18
1261.2,1830.6,18
1261,2161,18
1263,493,18
1296,2610.5,18
1314,1008,18
1345,679,18
1356,1641.5,18
1358,1642,18
1358,2850,18
1360,1642,18
1363,2843,18
1365,2844,18
1369,431,18
1372,2081,18
1374,2081,18
1409,2377.5,18
1409,2381,18
1432,1714,18
1433.3,1652,18.667
1434.5,1650,18
1488,570,18
1491,2547,18
1501,989,18
1516,1442,18
1518,1812,18
1523,1472,18.5
1525,1472,18
1538.7,252,18.333
1538,816.5,18
1543,1167,18
1564.7,3375.7,18
1570,2668,18
1582,2546,18
1583,1943,18.5
1585,1943,18.5
1587,779,18
1589,779,18
1605,3403,18
1647,1337,18.5
1647,2295,18
1659,674,18
1666.2,619.5,18.75
1666,622,18
1687,1989,18
1727,294,18
1732,2592,18
1732,2594,18
1776,1401,18
1790,2326,18
1804.6,698.12,18.75
1831.4,2112.8,18
1838,1754,18
1849,1128,18
1856,2747,18.5
1926,3115,18
1990.5,1203,18
2056,934,18.5
2063,732,18
2065,732,18.5
2120,3665,18
2146,3805,18
2159,1272,18
2200,1861,18
2202,1860.5,18.5
2204,1861,18
2219,2699,18.5
2227.4,2397.6,18.571
2232,2289,18
2260,495,18
2262,495,18
2272.2,1236.5,18.833
2280,1662,18.5
2294,3167,18
2294.7,788.33,18
2296,2111,18
2317,3819,18
2329,2191,18
2331,2191,18
2384,1251,18
2386,1251,18
2392,2014,18
2416,1248,18
2449.5,1344.5,18
2470,1528,18
2519.5,2778,18
2582,879,18
2584,879,18
2598,2241,18
2625,2700,18
2625,3629,18
2644,3626,18
2725,3340,18
2739,1806,18
2754,541,18.5
2760,2480,18
2820,1892,18
2826,2482,18
2847,3797,18
2878,2524,18.5
2892,3760,18
2894,3760,18
2981.5,1454.5,18
3026.9,2141.9,18.429
3095,1340,18
3209,2683,18
3209,2685,18
3240.5,1864,18
3303,2790,18
3332,3047,18
3336,3049,18
3345,2336,18
3435,3287,18
3469,2722,18
3518.3,2623.7,18
3530,3252,18
3542,2598,18
3600.8,2241.7,18
1038.5,2915,19
1039,2913,19
1051,3154,19
1053,3152,19
1053,3154,19
1077.5,3423,19
1089.5,3183,19
1209,2514,19
1213,420,19
1228,1574,19
1237,3149,19
1239,3216,19
1258.5,1829,19
1260,1900,19
1289,578,19
1291,578,19
1330,1244,19
1348,998,19.5
1375,1424,19
1414,3119,19
1416,912,19
1416,914,19
1436,2116,19
1452,851,19
1465.8,1953.2,19
1476.3,859,19.333
1477,2163,19
1487,2580,19
1491,1258,19
1495,871,19
1496,1994,19
1496,1996,19
1503,3145,19
1505,3145,19
1535,254,19
1535,1212,19
1537,254,19
1538,1638,19
1544,1757,19
1546,1755,19
1546,1757,19
1547,3155,19
1556,3273,19
1565.8,2666.2,19.556
1577,2092,19
1593,2988,19
1616.5,2188.9,19
1619,993,19
1641,3335,19
1643,2291,19
1661,3451,19
1673,865,19
1674.6,2721.8,19
1715,1332.5,19
1718,3266,19
1737,1395,19
1739,522,19
1748,3210,19
1771,735,19
1771,737,19
1773,3430,19
1785,2285,19
1796,866,19
1816,3325,19
1838,1756,19
1840,1756,19
1842,1756,19
1846.5,3487,19
1857,1283,19
1859,1285,19
1864.9,2609.5,19.667
1873.6,2609.9,19
1879,1321,19
1918,1378,19
1920,427,19
1920,1766,19
1922,429,19
1922,431,19
1936,1968,19
1980.5,1942,19
1993,1205,19
2022,3584,19
2040,3346,19
2060,2359,19
2096,1144,19
2125.1,3223,19.857
2135,3282,19
2175,3038,19
2177,3038,19
2202.5,1858,19
2218,2067,19
2252,1338,19
2252,1340,19
2254,1338,19
2260,842,19
2280,1660,19
2292,3169,19
2373,3589,19
2412,1782,19
2507,3376,19
2509,3376,19
2524,3308,19
2544,844,19
2552,2604,19
2555,3534,19
2587,1716,19
2670,3488,19
2694,2751,19.5
2694,2754.2,20.25
2696,2753.5,20.182
2698,2753.5,20.182
2708,1918,19
2710,1918,19
2815,3078,19
2817,3078,19
2819,2818,19
2872,1658,19
2897,3711,19
3019,3079,19
3029,1502.8,19
3074,1206,19
3076,1204,19.5
3076,1206,19
3084,1398,19
3084,1400,19
3108.5,2484.5,19
3113,3091,19
3137,3566.5,19
3139,3566.5,19
3153.7,2113.3,19
3155,2117,19
3157,2117,19.5
3227,3714,19
3229,2952,19
3267,2984,19
3269,2982.5,19
3274,1393,19
3302,3119,19
3311,1696,19
3317,1195,19
3423,2383,19
3435,3420,19
3458,3602,19
3512,3823.5,19
3605,1632,19
3712,1270,19
957,3419,20
987,1707,20
1026.8,2610.2,20
1060,1637,20
1060,1639,20
1066,3183,20
1077,3425,20
1080,3299,20
1092,3577,20
1094,3575,20
1094,3577,20
1094,3579,20
1124,2603,20.5
1147,1426,20
1199,1697,20
1213,418,20
1224,1376,20
1225,2449.5,20
1253,494,20
1273.5,835,20.5
1299.7,659.67,20.667
1330,3187,20
1348,996,20
1359.7,1641.3,20
1364,3906,20.5
1378,529,20
1407,3878,20
1407,3881.5,20
1427,986,20
1473,2946,20
1491,2365,21
1499,987,20
1501,2093.7,20.333
1504,599,20
1530,1558,20.5
1532,1558,20
1541,1467,20.5
1541,1469,20
1553,2962,20
1555,788,20
1566,2079,20
1570,2079,20
1571,2085,20
1573,2092,20.5
1574,2333,20
1575,2084,20.75
1613,3137,20
1625.2,1176,20.5
1627,1252,20.5
1629,682,21
1629,1252,20.5
1630,722,20
1667,3607,20
1668,3056,20
1674,2719,20
1684,443,20
1703,926,20
1713,3482,20
1737,2136,20
1768.5,3691.5,20.5
1776.9,3312,20.714
1791,3399,20
1799.6,865.88,20.375
1805,2604,20
1855.5,1287,20
1855,3593,20
1857,3591,20
1857,3593,20
1859,2006,20
1884,1462,20
1899,1362,20
1901,1362,21
1913,1236,20.5
1923,3847,20.5
1953,2459,20
1994,2427,20
2001,2267.5,20
2038,3211,20
2041,806,20.5
2043,1198,20
2043,1200,20
2054,1809,20
2060,1822,20
2063,3833,20.5
2075,3669,20
2085,1051,20
2090.5,1177,20
2091,1141.5,20
2102,3246,20
2104,3246,20
2113.5,3674,20
2119,3188,20
2134,2068,20
2180,1094,20
2210.5,3179,20
2212.5,3181,20
2229.3,2538.7,20.667
2230,3349,20.5
2235.8,2358,20.667
2259,2153,20
2259,3484,20
2282,1904,20
2304,1493,20
2306,1491,20
2306,1493,20
2355,3274,20
2360.5,3775.5,20
2365,3778.5,20
2382,2323,20
2408,1392,20
2466,948,20
2524,603,20
2549,3535,20
2551,3457,20
2593,2157,20
2658,1345,20
2658,1347,20
2670,3492,20.5
2672,3492,20.5
2686,1939,20
2689.5,1300,20
2691,1302,20
2695.5,2080,20
2722,1941,20
2735,2617,20
2785,1426,20
2795,3194,20
2799,2081,20
2872,1654,20
2872,1656,20
2899,1049,20
2903,1968,20
2905,1968,20
2947.5,1534.5,20
3104.5,891.5,20.5
3131,1090,20
3210,3203,20
3212,3203,20
3285,1289,20
3303,1939,20
3309,1694,20
3309,1696,20.5
3362,3642,20
3363.2,1434.2,21.4
3365,2892,20
3384,1907,20
3426.5,2385,20
3534,2483,20
3544.6,2615,20.2
3560,2361,20
3599,2238,20
3601,2242,20
3607,2243,20
3618,2716,20
3619,3708,20
3702,2469,20.5
3758,2427,20
914,3051,21
914,3053,21.5
974,3052,21
1124,2605,21
1142,2339,21.5
1162,2925,21
1164,147.5,21
1166,148.5,21
1209,2696,21
1231,3220,21
1235.5,2048,21
1235,3149,21
1253.3,2982,21.333
1254,2984,21.5
1264,2600,21
1279,3324,21
1282,663,21
1284.5,1892,21
1286,2289,21
1296,3659,21
1334,3731,21
1352,1304,21
1369,1767,21
1369,1771,21
1371,1767,21.5
1386,2653,21
1410,1618.7,21
1416.5,2653,21
1424,1010.5,21.5
1426,1010.5,21
1443,901,21
1443,903,21
1466,588,21
1468,586,21
1468.3,1545.3,21
1482,448,21
1484,448,21
1530,1556,21
1556.5,2408,21
1578.3,2046.3,21
1580,408.5,21
1597,3098,21
1621,2173,21
1628.5,684,21
1649,2381,21
1656,3081,21
1670,3058,21
1699,1418,21.5
1720,2552,21
1729,854,21
1729,3923,21
1733,1390,21
1733,3928,21
1740.5,2134,21
1744,3210,21
1779,2429,21
1854,617,21
1872,1983,21
1876,2615,21
1877,2613,21
1878,2615,21
1900,1950,21
1901,1364,21.5
1918,2994,21
1923,3845,21
1926,3467,21
1936,1983,21
1938,1983,21
1944,1296,21
1944,3194.5,21
1989,3642,21
2021,1333,21
2037,806,21
2038,3344,21
2039,806,21
2041,804,21.5
2044,3445,21
2046,3443,21
2046,3445,21
2069,1761,21
2084,2184.2,21.6
2088,1896,21
2088.2,2791.8,21.75
2114,3672,21
2118,3437,21
2120,3435,21
2132,3622,21
2143,2242,21.5
2147,2268,21
2159.8,2493.2,21
2160.5,3280,21
2168,522,21
2186,3539,21
2207,1870,21
2255,3484,21
2269,1741,21
2283,1376,21
2286,1826,21
2287,1378,21
2360,1886.5,21
2362,1886,21
2453,1562,21
2479,979,21
2487,1521.5,21
2494,2442,21
2498.5,2438,21
2504,1563,21
2506,1563,21
2526,3754,21
2549.5,3419,21
2554,2520.3,21.667
2658,2649,21
2674,3492,21
2682,2779,21
2699,2080,21
2705,2486,21
2766.3,1905,21.333
2801,2080.5,21
2806,3582,21
2810.5,3042.5,21
2813.3,2301.6,21
2821,3049,21
2821,3051,21
2859,3240,21
2924,3445,21
2935,2499.5,21
2964,2731,21
3010,3364,21
3262,3441,21
3282,3404,21
3288,3521,21
3371,2427,21
3427,1935,21
3428,921.5,21
3429,1934.5,21
3461,2239,21
3512,3215,21
3701,3042,21
3833,1719,21
816,3127,22
912.62,3304,23
913,3306,23
932,3763,22
1009.3,3839.3,22
1028,2884,22
1045,2446,22
1045,3579,22
1049,2449,22
1068,3183,22
1079,3202,22
1079,3339,22
1086,3504,22
1097,1730,22
1136,1603,22
1140.5,2632,22
1142,2341,22
1174,3078,22
1183,2808,22
1209,2787,22
1264,599,22
1266,2490,22
1267.8,2600.3,22.667
1316,3323,22
1321,3633,22
1322,770,22
1325.5,3784,22
1366,1042,22
1397,3390,22
1398,2833,22
1408.1,869.12,22
1422,1012,22
1427,2578,22
1475,1721,22
1482,1759,22
1484,1759,22
1546,2083,22
1554.5,2398,22
1572,3488,22
1575,2002,22
1618,997,22.5
1651,2379,22
1664,166,22
1669,1488,22
1669,3502,22
1671,1488,22
1701,1999,22
1705,926,22
1719,2347,22
1734,1258,22
1736,3846,22
1749,2588,22
1787,2009,22
1859,1284.5,22
1871,2608,22
1873,2608.5,22
1877,3544,22
1877,3546,22
1903,1355.4,24.264
1934,684,22
1949,1819,22
1951,1819,22
1958,2774,22
1972,2823,22
1977,3623,22
1997,2270.5,22
1999.9,2267.9,22
2048,3445,22
2060,312,22.5
2060,314,22
2061,1804,22
2077.7,3669.3,22
2083,3319,22
2084.5,3317,22
2085,3006,22
2131,1812,22
2135,1814,22
2178,2518.5,22
2184,3539,22
2186,3115,22
2236,1017,22.5
2242.5,1847,22
2257.5,2567,22
2257.5,2569,22
2259,2151,22
2283,2763,22
2318,3784.7,22.333
2354.3,1874.3,22.571
2409,1391,22
2419,3088,22
2421,1039,22
2460,2456,22
2474,3536,22
2556,2521,22
2606,2853,22
2607,753,22
2624,3684,22.5
2636,2149,22
2636,2151,22
2683,3332,22
2689,3244,22
2691,3243.5,22
2692.5,1562,22
2719,1977,22
2762,1508,22
2802.7,3001.7,23
2834,3089,22
2838.6,3086.9,23
2866.8,1698.8,22.333
2882,1716,22
2898.5,1929,22
2945,2288,22
2975,3290,22
3032.4,1504.1,22
3051,3621,22
3066.8,2473.6,22.8
3072.3,2058.3,22
3079,1505,22
3086,1454,22
3113,725,22
3114,723,22
3152,3726,22
3154,3726,22
3211,3675,22
3232,1162,22
3233,3225,22
3233,3728.5,22
3279.5,3164,22
3287,2121,22
3311,3466,22
3313,3466,22
3317,2448,22
3369,2217,22
3405,3621,22
3407,3621,22
3451,2154,22
3474,2203,22
3565,1857,22
3581,2217,22
3583,3098,22
3604.1,2244.1,22
3605,2236.5,22
3615.2,1879.3,22.625
3617.3,2265.7,22
3784,2182,22
816,3129,23
832,3770,23
834,3770,23
900.5,2897,23
952,3424,23.5
983,2846,23
1010,3837,23
1024.5,2125.5,23
1116,2854,23
1122,2188,23
1162,3569,23
1167,3685,23
1176,3166,23
1180,1506,23
1185,3567,23
1189,3757,23
1194,3666,23
1201,1049,23
1242,1202,23
1242,3526,23.5
1244,3526,23
1246,3010,23
1246,3012,23
1271.2,851.17,23.167
1276,498,23
1296,3808,23
1303,2024,23
1321,1672,23
1325,676,23
1341,3326,23
1343,3326,23
1376,919,23.5
1387,2986,23
1390.8,933,23.111
1415.5,3284,23
1452,3416,23
1473,1719,23
1475,1719,23
1485,2188,23
1486,2365,23
1497,2103,23
1497,2105,23
1521,2477,23
1523,2477,23
1558,2396,23
1558,2398,23
1560.7,2478.3,23
1573.5,3486,23.5
1574,3484,23.5
1576,1987,23
1618,999,23
1662,3377.5,23
1667,3172,23
1667,3174,23
1773,1583,23
1818.6,1948.8,23
1820,1279,23.5
1824,1935,23
1826,1934,23
1872.6,2240.9,23
1888,2422,23
1899,1574,23
1923,2353.7,23
1940,3082,23
1940,3084,23
1972,2821,23
1974,2821,23
1974,2836,23
1979,2013,23
1988.5,3642,23
2013,3402,23
2034,3767,23
2056,310,23.5
2056,312,23.5
2058,312,23
2094,2990,23.5
2098,737,23
2101,747,23
2132,1230,23
2132,1232,23
2136,1228,23
2136,1230,23
2139,2026,23
2150,3951,23
2157,726,23
2176,1426,23
2207,1635,23
2212,3669,23
2250,1055,23
2267,3225,23
2277,1154,23
2278,2964,23
2279,1154,23
2309.2,2361.8,23.25
2310.5,2357.2,23.75
2320,3785,23
2329,3420,23
2362,1338,23
2362,1883.5,23
2366,1121,23
2386,1415,23
2386,1417,23
2430,1964,23
2436,3639,23.5
2438,3639,23
2457,1562,23
2470,2383,23.5
2489,1523,23
2500,3568,23
2547.5,3516,23
2550,3419,23
2558,763,23.5
2584,1113,23
2620,2229,23
2620,3682,23
2630.5,951,23
2661,3381,23
2680,2370,23
2689,1699,23
2727,2839.5,23
2764,1504,23
2774.4,3341,24.2
2775,1559,23
2797,2082,23
2832,1802.1,23
2881,762.5,23
2885,764.5,23
2902,1929,23
2969,1594,23
2988,3224,23
2994,3329.5,23
3011,1967,23
3046,1509,23
3075,2020,23
3088,1458,23
3088,3699,23
3090,1458,23
3101,889,23
3102.6,1090,23.625
3166,1447.5,23
3168,1447.5,23
3258,1131,23
3259.4,2117,23
3297.5,3756,23
3307,3430,23
3341,3237,23
3342.4,1903.4,23.571
3389.5,3524,23
3441,2277,23
3444,1603,23
3461,1559,23
3463,1559,23
3540,2803.5,23
3586,3557,23
3661,1590,23
3721,2366,23
794.71,3418.3,24.429
809,3324,24
955.75,2422,24.75
968,2620,24
968,2622,24
1051,2917,24
1084,3315,24
1087,2328,24
1114,1295,24
1125,3687,24
1131.2,3622.4,24.667
1143,3781,24
1179,1509,24
1184,2188,24
1199.3,3573.7,24
1242,3528,24
1259,3196,24
1267,2602,24
1269,2602,24
1301,2024,24
1326,3780,24
1326,3782,24
1335,3185.5,24
1338,1941,24
1360,2684.5,24
1368,4014,24
1380,1274,24
1381,947,24
1382,1274,24
1405,1946,24
1408.5,3970.5,24
1426.5,2141,24
1449,3759,24
1450,3414,24
1451,3759,24
1454,2398,24
1454,2400,24
1459,458,24
1461,458,24
1470,1345,24
1482,2789,24
1501.5,538.5,24
1502.3,895.67,24.667
1511,2836,24.5
1514,320,24
1515,3060,24
1515.7,1952,24.667
1516,1955,24
1557,2978,24
1559,2978,24
1561,2482,24.5
1573,542,24
1573,544,24
1573,546,24
1575,544,24.5
1601,3693,24
1604,999,24
1605,1917,24
1606,3968,24
1607,1917,24
1614,3165,24
1618,3310,24
1620,3310,24
1639,1177,24
1642,3036,24
1642,3038,24
1642,3040,24.5
1664,1356,24
1664.3,3374.7,24
1666,1356,24
1678,1269,24
1680,1269,24
1700.5,1218.7,24.5
1707,3934,24
1743,2197,24
1748,2199,24
1750.5,3450,24
1758,1875,24
1760,1875,24
1796,3401,24
1822,2557,24
1827,1588,24
1869.5,2243,24
1901,1576,24
1910,2888,24
1917,2066,24
1951,1819,24
1972,2836,24
1981,1512,24.5
2008,854,24
2016.5,1629,24
2016,3558,24
2057,3306,24
2064,1111,24
2082,3726,24
2100,1646,24
2101,737,24
2153,726,24
2155,726,24
2155,728,24
2165,2327.8,24.6
2175,3040,24
2228,2344,24
2230,3593,24
2239,1847,24
2257,3678,24
2276,1815,24
2278,2961.5,24
2285,2246,24
2292,3178.8,24.833
2310,782,24
2312,3662,24
2440,3637,24
2451,2509,24
2451,2514,24
2468,2381,24
2474.5,1554,24
2493,1899.8,24
2517,2644,24
2527,2513,24
2539,2046,24
2546,3597,24
2606,1479,24
2622,3683,24
2635.5,3558,24
2635.5,3560,24
2672,3127,24
2674,3127,24
2684,1697,24
2687,3239.5,24
2720,2336,24
2722,2336,24
2804,902,24
2804,1905,24
2868.8,1697,24
2885,3406.5,24
2897,841,24
2899,841,24
2910.1,1430.8,24.625
2983,2269,24
2990,3223,24
3002,1324,24.5
3039.5,2122.2,24.75
3142,3346,24
3168,2805,24
3190,1760,24
3230,1160,24
3296,3479,24
3347,1525,24
3361,1429,24
3392,1954.5,24
3599,2819,24
3619,1742,24
3623,1740,24
3698,2717,24
714,3149,25.5
719,3168,25
759,3431,25
794,3421,25
828,2454,25
830,3768.5,25
832,3768,25
863,3525,25
870,2979,25
874,3198,25
930,3253,25
932,3255,25
966,2622,25
980,3185,25.5
993,3127,25
1046,1762,25
1099,2582,25
1118,1966,25
1129,3687,25
1145.4,2596.4,25.3
1151,3836,25
1154,1604.5,25
1176.1,3672,25.625
1184,1918,25
1186,3284,25
1194,2559,25
1194,2561,25
1201.3,3100,25.429
1223,3073,25
1243.2,3011.2,25
1247,3160,25
1255,1916,25
1255,1918,25
1259,1999,25
1261,3200,25.5
1263,3200,25.5
1264,2195,25
1269,2193.5,25
1273.7,2669.3,25
1275,1599,25
1277,1525,25
1284,687,25
1352,2885,25
1363,2701,25
1365,2697,25.5
1369,1025,25
1369,1027,25.5
1403,2036,25
1410,1274,25
1411,3845.5,25
1413,3436,25
1416.8,1574,26.25
1417,1576,25
1427,1109,25
1429,680,25
1429,1107,25
1452,2399.5,25
1482,3182.5,25
1485,2186,25
1532,1949,25
1534,2455,25
1560,2187,25
1587,2204,25
1603.5,3693,25
1622,706,25
1632,1907,25
1638,3125,25
1648,1094,25
1650,1094,25
1664,3377.5,25
1693,382,25
1693,3694,25
1695,380,25
1695,382,25
1695,3694,25
1702,1991,25
1703,2687,25
1705,2687,25
1715,709,25.5
1724,186,25
1724,188,26
1726,186,25
1726,188,26
1742,2302.5,25
1744,2302.5,25
1800,1162.5,25.5
1832,525,25
1849.3,1332,25.333
1906,2485,25
1961,3388,25
1968,3068,25
1968,3070,25
1981,2015,25
2017,2262,25
2019,2262,25
2021,2262,25
2037,2578,25
2039,2580,25
2041,2580,25
2066,3819.5,25
2070,2081,25
2072,1963,26.5
2114,2666,25
2167,2328,25
2178,1282,25
2200,2094,25
2211,2950,25
2227,1576,25
2239,2159,25
2241,2308,25
2353,2112,25
2376,1956,25
2436,2261,25
2451,3374,25
2458,2258,25
2464,1637,25
2496,2046,25
2584,1113,25
2584,1115,25
2601,3272,25
2610,948,25
2632,917,25.5
2634,917,25
2649,1946,25
2658,1676,25
2681,1768,25
2688.3,1697.3,25
2693,893,25
2695,893,25
2790.2,2082,25.25
2790,1380,25
2935,2981,25
2990.5,1271,25
3002,1322,25
3078,2399,25
3095,3084,25
3101,2565,25.667
3111,3036,25
3111,3038,25
3112,1330,25
3112,1332,25.5
3142,1612,25.5
3233,1826,25
3265,2050,25
3266,2732,25
3289,3647,25
3296.5,3481,25
3321,1034,25
3344,3099,25
3370,3660,25
3445,2277,25
3464,3399,25.5
3505.4,3441.8,25.917
3528,1888,25
3583,3075,25
695,3466,26
721,3165,26
797.5,3270,26
797,3272,26
838.5,2986,26
838.5,2988,26
911,2246,26
913,2248,26
924,2663.8,26
927,2669,26
943,3760,26
945,3760,26
964,1878,26
966,1878,26
968,1878,26
978.29,2086.4,26.786
982.25,3187,26.25
1010.3,3429.7,26.667
1042.5,2444.5,26
1043,3331,26
1047,2270,26
1052.6,3249.4,26
1054,3882,26
1077.5,3166,26.375
1081.5,3170,26
1096,2516,26
1102.5,3154,26
1112,3826,26
1147,1256,26
1193,2617,26
1203,3195.6,26.333
1216,907,26
1224,654,26
1247,3158,26
1270,852,26
1272,852,26
1273,502,26
1284,2493,26
1285,904,26
1303,3250,26
1308,3298,26
1308,3300,26
1332,1509,26
1334,1509,26
1336,1509,26
1363,2696,26
1363,2698,26.5
1387,1065,26
1415.3,3843.3,26
1416,2659.5,26
1417,1572,26.5
1437,2269,26
1437,2271,26
1439,2269,26
1459,890,26
1498,3283,26
1522.5,2500,26
1530.7,1082.9,26
1560,2189,26
1566,657,26
1572,2095,26.5
1586,2770,26.5
1596.8,1001.8,26
1605,1006,26
1612,1655,26
1643,3888,26
1647,3491,26
1682,705,26
1684,705,26
1754.7,2531.7,26.667
1767.1,1187.6,27.091
1798,1163.5,26
1831,1113,26
1831,1115,26
1831,1117,26
1833,615,26
1858.5,2058,26
1865,2816,26
1936,2398,26
1937,1297,26
1955.8,2335,26.8
1961,3390,26
1966,3068,26
2011,2839,26
2045,2497,26
2119,3259,26
2120,487,26
2127,1239,26
2130,2471.5,26
2152,2674,26.5
2168,2724,26
2187,2614,26
2187,3377,26
2191,1628,26
2241,2310,26
2297,989,26
2313,931,26
2329,1005,26
2372,1958,26
2386,3230,26
2396,1534,26
2439.5,2121,26
2465,2043,26.5
2467,2043,26
2477,1338.8,26
2480,2671,26
2482,2671,26
2485.5,1656,26
2546,3597,26
2552,1010,26
2563,2092,26
2565,2092,26
2571,1622,26
2578,3179,26
2614,1040.3,26.333
2616,1041,26
2646,774,26
2661,1171,26
2661.5,3464.5,26
2663.5,1456,26
2680.7,910,26.667
2691,2231,26
2692,1015,26
2737,3757,26
2787,1140,26
2787,1142,26
2789,1332,26
2805,1179,26
2811.2,1321.2,26
2814.5,875,26
2820,2223,26
2820,2225,26.5
2831,1597,26
2844.5,905,26
2847,903,26
2847,2446,26
2900.5,1173,26
2990,1219,26
2990,1221,26
2991,1273,26
3028.5,1513,26
3029,1515,26
3030,2103,26
3066,2843,26.5
3083,3468,26
3101,2559,26
3100,3708,26
3145,2578,26
3190,1762,26
3192,1762,26
3210,2858,26
3211,2856,26
3255,1498,26
3268,2731,26
3280,2532,26
3318,2250,26
3410.7,2030.3,26
3454,1731,26
3455,2986,26
3467,2232,26
3485,2232.5,26
3494.5,1159,26
3504,2865,26
3509,2551,26
3574,1768.7,26.333
3794,1852,26
667,2993,27
687,3602,27
794,3270,27
933,3159,27
933,3161,27
937,3200,27
945,2292,27
992,3028,27.5
1009,3564,27
1011,3564,27
1172,2022,27
1174.5,3009,27
1187,3379,27
1216,909,27
1217,2943,27
1222,1020,27
1224,1018,27
1224,1020,27
1226,1018,27
1259,2129,27
1259,2706,27
1260,2453,27
1262,3665,27
1272,2667.5,27
1281.8,3884.2,27
1317,1335,27
1325,1811,27
1330,3018,27
1355,1089,27
1355.2,1092,27.75
1369,1025,27
1378,3652,27
1393,2590,27
1410,2202,27
1442.4,2224.5,27.714
1454,2649,27
1457,3171,27
1519,577,27
1519,581,27
1531,1942,27.5
1533,2298,27.5
1536,1794,27
1581,912,27
1584,842,27
1590,3189,27
1623,579,27.5
1629.2,3874,27
1630,889,27.5
1675,903,27.5
1682.5,2262,27
1704,2336,27
1722,188,27
1736,689,27
1738,689,27
1749,972,27.5
1751,972,27.5
1803,2129,27
1833.5,525,27
1842,518,27
1902,2481,27
1942,1297,27.5
1976,1656,27
1978,1656,27
2002,3428.5,27
2021,2260,27
2021,2262,27
2036.8,863.25,27
2086,3480,27
2105,2307,27
2141,1791,27
2143,1793,27
2152,2672,27
2194,3372,27
2195,1673,27
2200,1703,27
2209,1198,27
2307,3041,27
2312,3469.5,27
2314,3469.5,27
2317,3090,27.5
2325,1485,28
2325,1487,27
2334,3392,27.5
2366.5,2331,27
2383,3408,27.5
2465,2041,27
2482,2673,27
2484,1654,27
2484,3366,27.5
2497,3231,27
2515,2247,27
2535,2822.3,27.333
2558,3541,27
2634,915,27
2634,917,27
2653,2804,27
2707,3007,27
2709,3007,27
2709,3009,27
2730,879,27
2741.2,3757.6,27.583
2752,972.5,27
2822,3496,27
2837.2,1155.8,27
2859,2072,27
2869,2028,27
2875,621,27
2941,2896,27.5
3022,3762,27
3058,3285,27
3095,3082,27
3128,2145,27
3163,2423,27
3175.5,3555,27
3196,1954,27
3246,1432,27
3258,3099,27
3268,2735,27
3293,3681,27
3325,1032,27
3325,1034,27
3346.7,3285.3,27
3362,2996,27
3509,3444,27
3536,3416,27
3562,1468,27
3654,1754,27
3689,1930,27
3815,2042,27
626,3572,28
696,3512,28
700,3516,28
783,3408,28
829,3678,28
839,2461,28
854.8,3903.4,28
860,2179.8,28
860,3115,28
901,3117,28
935,3204,28.5
937,3319,28
992,3026,28
1052,2743,28.5
1106,2798,28
1108,3447,28
1110,3447,28
1188,1386.3,28.333
1198,3148.5,28
1222,2812,28
1233,1387,28
1233,1389,28
1235,3994,28
1240,3995,28
1270,1948,28
1271.5,3154.5,28
1271,3478,28
1271,3480,28
1272,1948,28
1307,1701,28
1308,3146,28
1309,1701,28
1343,3645.5,28
1347,2075,28
1365,1955,28
1378.4,2783,28.857
1378,3648,28
1378,3650,28
1379,2785,28
1391.7,2678.8,28.5
1409,3801,28
1411,3801,28
1445,3305,28
1474,527,28
1532,655,28
1558,2633,28
1570,789,28.5
1594,2458,28
1617,1489,28
1619,2324,28
1625,577,28
1625,3873,28
1642,2603,28
1641,3886,28
1657.7,2151.3,28
1677,903,28
1683,1483,28
1718,2354,28
1729,741,28
1731,741,28.5
1733,741,28
1738,2416,28
1740,2415.5,28
1768,3448,28
1784,1333.5,28
1788,2004,28
1806.5,1055,28
1833.5,523,28
1860,3782,28
1913,1355,28
1913,1357,28
1919,3120,28.5
1928,2542,28
1930,2548,28
1959,3389,28
1967,3456,28
1991.5,3055,28
1991.5,3057,28
1995,828,28
1997,828,28
2005.5,1149,28
2014.6,757,28.25
2023,3456,28
2057,3167,28
2076,826,28
2080,3015,28
2089,962.25,28.5
2095,1139,28
2120,487,28
2130.7,2745,28.333
2174,2958,28
2181,995,28
2211,1198,28
2226,2043,28
2226,2045,28
2228,2043,28
2263.6,3534.7,28.286
2303,2173,29
2303,2175,28
2310,1847,28
2316.5,3088,28
2322,891,28
2346,2471.8,29.5
2377.7,3406.7,28
2379,1416,28
2386,3437,28
2388,3435,28
2388,3437,28
2389,3464,28
2426.7,1293.7,28
2429,1650,28
2436,2411,28
2511,2247,28
2536,3891,28
2558,3512.5,28
2562,1869,28
2579.8,1850,28.4
2632,2223,28
2650,3262,28
2663.5,1456,28
2790,3336.3,28
2799,1873,28.5
2852,2636,28
2878,3436,28
2893,812,28
3005,3274,28
3008.8,3276,29.25
3022,3764,28
3037,3521,28
3043.5,2502,28.5
3070,3544,28
3107.4,3410.3,28
3126,2145,28
3147,2947,28
3147,2949.5,28
3151,2950,28
3155,3269,28
3173,3221,28
3209,1427,28
3253,3715.6,28
3260,3101,28
3278,2529,28
3437.5,1932,28
3438,1930,28
3452,2589,28
3614,1810,28
3668,2093,28
3698,2588,28
3700,1077,28
3700,2588,28
3755,1496,28
594,3185,29
627,3291,29
800,3196,29
802,3196,29
808.5,2554,29
826,3546.2,29.75
868.5,3750,29
871,2390.5,29
873,2389,29
884,3149,29
886,3209.7,29.333
892,2672,29
899,3115,29
937,3204,29
963.5,2019,29
965,2012,29
997.5,3421,29
1003,2051,29.5
1052,2745,29
1090,2128,29
1097,2332,29
1113,2784,29
1129,2458,29
1133,3500.5,29.5
1135,3500.5,29
1149,1610.5,29
1151,1610.5,29
1153,1609,29
1153,1611,29
1157,3026,29
1157,3028,29
1164,1676,29
1166,1676,29
1166,1678,29
1173,3580.5,29
1190.5,3580,29
1197,2905,29
1210,2387,29
1215.5,3525,29
1233,1605,29
1256,1401,29
1258,1397,29
1259,2127,29
1281,3260,29
1281,3262,29
1325,1811,29
1329,1107,29
1358.4,1089.7,29.923
1375,1959.8,29.4
1386.7,3392,29.333
1399,1459,29.5
1400,1140,29
1405,2348,29
1411,3799,29
1413,2653,29
1416,968,29
1417,694,29
1448,3405,29
1460.7,909.38,29.692
1495,1003,29
1495,1055,29
1495,1881,29
1497,1055,29
1556,985,29
1562,821,29
1562,825,29
1586,548.5,29
1599.5,1242,29.5
1621,2324,29
1643,2799,29.5
1650,3490,29
1652,779,29
1654.7,1188.3,29
1665,2258,29
1693,1238,29
1745,3031,29
1764,1142.5,29
1766,964,29
1770,968,29
1777,3465,29
1799,1225,29
1838,527,29
1856,1909,29
1866.8,3311.5,30.846
1873.6,977.38,29.5
1877,2831.5,29
1914.5,1085,29
1914.5,1087,29
1914.5,1089,29
1916,396,29
1916,2124.4,30
1917,1085,29
1917,1087,29
1919,1087,29
1919,1089,29
1924,1087.3,29
1923,2364,29
1928,603,29
1928.5,1084,29
1928.5,1090.2,29
1940,2628,29
1948,1079.5,29
1950,1081,29
1976,1656,29
2054,1917,29
2060,2121,29
2060,2123,29
2074,828,29
2076,828,29
2086,1416,29
2086,3932.5,29
2091,3930,29
2107.3,2662.3,29
2109,3407,29
2109,3409,29
2131,2743,29
2143,3294,29
2153,2571,29
2205,1482,29
2205,1659,29
2224,2341,29
2224,2343,29
2226,2341,29
2238,1702,29
2238,1704,29
2243,798,29
2261,1436,29
2307,3041,29
2322,2371,29
2332,1746,29
2335,3431,29
2348,2262,29.5
2406,3741,29
2418,1724,29
2432,2065,29
2434,2063,29
2443,1424,29
2445,1424,29
2501,2022,29
2509,1852,29.5
2514,2341,29
2561,992,29
2592,1046,29
2619,1595,29
2667,1855,29
2680,1564,29
2682,1564,29
2690,1595.5,29
2692,1595.5,29
2747,2282.3,29.667
2759,1118,29
2870,3199,29
2871,2837.5,29
2933,2636,29
3076,1449.7,29
3075,2407,29
3161,2642,29
3163,2642,29
3206,1816,29.5
3206,1818,29
3212,1496,29
3251,3719.3,29
3263.5,1553,29
3305,2401,29
3345.7,3285,29
3354,3192,29.5
3448,2259,29
3562,1472,29
3563,2555.5,29
629,3289,30
631,3289,30
661,3241,30
675.5,3682,30
825,3543.3,30
829.67,3207.3,30.333
847,2193,30
847,2195,30
873,2391.5,30
878,2381,30
921.29,2011.4,30.286
939,2432,30
961.67,2014.8,30
961.5,2012,30
1026,2971,30
1042,3333,30
1057,3463,30
1085,2643,30
1087,2643,30
1114,3130,30
1120,2167,30
1156.6,3246,30.6
1166,3575,30
1176,2417,30
1178,2417,30
1214,1434,30
1219,2738,30
1223,2740,30
1229.5,1108,30
1236,3335,30
1260.5,3304,30
1294,1605,30
1307,2894,30
1309,2892,30
1309,2894,30
1336,3171,30
1340,1441,30
1345,3458,30
1388,2457,30
1390.3,2491.7,30
1392,1485,30
1405.5,2503,30
1408,2555,30
1463,1500,30
1465,1287,30.5
1482,976,30
1488.3,1025.3,30
1525,659,30
1527,1226,30
1559.7,647.69,30.692
1562,644.5,30
1660,1337,30
1661,3807,30
1662,1335,30
1664,1333,30.5
1680,2966,30
1681,1485,30
1690,1320,30
1711,3768,30
1726,1183,30
1785,2020,30
1789,2974,30
1794,2577.5,30.5
1808,1610.9,30
1815,1012,30
1822,2168,30
1826,659,30
1878,1974,30
1878,1976,30
1886.5,3086,30
1885,3191,30
1908,1106,30
1911.5,1908,30
1911,1377,30
1916,400,30
1931,2822,30
1932,601,30
1947,2896,30
1968,1741,30
1970,1741,30
2011,2418,30
2031,1414,30
2034,2231,30
2083,2097,30
2085,3220,30
2087,3220,30
2095,1139,30
2113,3247,30
2113,3249,30
2147.5,3040,30
2155,1375,30
2217.5,823.25,30.75
2226,2043,30
2239,800,30
2241,800,30
2289,3552,30.5
2303,2175,30
2305,2173,30
2332,1744,30
2344,2472,30
2347,3246,30
2348,2260,30
2350,2262,30
2360,1717,30
2361,3346,30
2361,3348,30
2361,3350,30
2362,1717,30
2386,3437,30
2436,2410.3,30.333
2442,2785,30
2458,1271,30
2521,858,30
2523,854,30
2524,2357,30
2525,1103,30
2561,1890,30
2565,1066,30
2583,1075,30
2592,2617,30
2642.5,996,30
2643,994,30
2663.6,3486,31.417
2683,3534,30
2702,1854,30
2705,1255,30
2754,2001,30
2759,2742,30
2777.9,1737,30.286
2778,2708,30
2788,2295,30
2806,1911,30
2816,2912,30
2854,1954,30
2854,1956,30
2866,3198,30
2871,2834,30
2892,1427,30
2955,1883,30
2955,1885,30
3003,2609,30
3014,2775,30.5
3021,995,30
3049,1925,30
3151,2946,30
3204,1816,30
3206,2855,30.5
3217,1994,30
3264,1679,30
3334.6,2100,30.6
3500.7,2294,30.667
3550,2324,30
3556,1435,31
3556,1437,31
3558,1435,31
3558,1437,31
3560,1433,31
3560,1435,31
3560,1437,31
3571.5,2492.5,30
514,3461.6,31.8
610,3447,31
694,2844,31.5
701,3744,31
739,3538,31
739,3540,31
753.5,3219,31
756.5,3221,31
759,2873,31.5
765,3482,31
767,3482,31
773.5,3632,31
789,2869,31
813,2976,31
849,2337,31
851,2337,31
854,2264,31
903,2723,31
926,3097,31.5
930,3163,31
959,2809,31.5
962.5,1871,31
979,3992,31
981.33,3258,31.667
997,3021,31
1028,3583,31
1029.4,2123.4,31.6
1094,2126,31
1096,3183.5,31
1098,3183,31.5
1109,2507,31
1113,2593,31.5
1141,2662.5,31
1176,1460,31
1182,2483,31
1188,3751,31
1190,3389,31
1219,2284.5,31
1253,3605,31
1291,3703,31
1292,3729,31
1294,3729,31
1343,2266,31
1356.5,3268,31
1363,1205,31.5
1366,2559,31
1370,3613,31
1388.4,3264.4,31.4
1396,1828,31
1401,2341,31
1441,2558,31
1442,2560,31
1442,2562,31
1444,2562,31
1445,1432,31
1458,1101,31
1460,1101,31
1487,1909,31
1499,3188,31
1502,2806.5,31
1506,619,31
1525,3418,31
1566,802,31
1581,1571.5,31
1583,1571.5,31
1589,1827,31
1608,1710,31.5
1623.5,1238,31
1653,3602,31
1656,2237,31
1657,3803,31
1682,1103,31
1689.5,1238.5,31
1715,1997,31
1716,1418,31
1739,2180,31.5
1742,1609,31
1757,969,31
1759,969,31
1776,958,31
1783,2022,31
1783,2024,31
1790,2062,32
1816,1129,31
1818,1129,31
1830,660,31
1833,2333,31
1859,3839,31
1877,3464,31
1879,3464,31
1885,535,31
1887,1134,31
1902,3300.5,31
1921,3468,31
1924,1439,31
1946,1582.5,31
1977,2065,31
2009.5,1381,31
2036.3,1914.7,31.667
2037,3323,31
2053,1377,31
2055,1377,31
2078,1417,31
2079,2486,31
2093,1833,31
2111.5,1186.5,31
2149,1005,31
2155.5,3324,31
2161,870,31
2161,872,31
2176,2809,31
2178,2809,31
2180,1460,31.5
2182,1460,31
2227,2052,31
2227,2054,31
2229,2052,31
2229,2054,31
2230,1303,32
2230,1305,31
2237,878,31
2237,880,31
2237,3418,31
2240.5,2543,31
2252,772,31
2252,774,31
2273,3399,31
2283,1812,31
2289,3550,31
2307,2182,31
2437,1235,31.5
2456,2623,31
2477.8,881,31
2549,1864,31
2549,1866,31
2551,1866,31
2714,3480,31
2716,1509,32
2717,1876,31
2718,1509,31
2755,2121,31
2755,2123,31
2757,2123,31
2770,1052,31
2837,3545,31.5
2866.2,1638.2,31.75
2952.5,1881,31
2968,3564,31
3005,2609,31
3005,2611,31
3063,1042,31.5
3104.5,3370,31.5
3176.5,948,31
3179,1089,31
3204,2855,31
3239,1782,31
3264.5,1712,31
3291,2537,31
3337,2140,31
3370,2085,31
3417,906,31
3500.7,2292,31.333
3556,1433,31.5
3558,1433,31.5
3562.8,2553.7,31.333
3671,1691,31.5
361,3261,32
442,3517,32
461.67,3598,32.667
516,3462,32
560,3128,32.333
560,3130,32.333
563,3743,32
580,3206,32
659,3241,32
659,3243,32
661,3243,32
687,3456,32
696,2844,32
816,3575,32
941,2436,32
960,2017,32
982,3260,32
987,2996,32.5
989,2996,32.5
1032,3265,32
1109,3562,32
1125,2336,32
1162,2398,32
1163,2613,32
1164,3707.5,32
1180,2483,32
1182,3313.5,33
1192,3389,32
1195,3544,32
1195,3546,32
1253.5,1397,32
1284.5,3293,32
1327,1658,32
1381,2096,32
1424,2121,32.333
1472.7,2836.3,32
1487,1905,32
1490,3122,32
1490,3124,32
1503,3192,32
1523.3,659.67,32
1528,3734,32
1528,3736,32.5
1538.5,2666,32
1589,1825,32
1600,3433,32
1602,3433,32
1604,3433,32
1610,1710,32
1616,3879,32
1616,3881,32
1635,3278,32
1641,1013,32
1641,1015,32
1659,3461,32
1661,3461,32
1674.5,2290,32
1694,2876.8,33
1705,2069,32
1737,2180,32
1759,967,32
1833,607,32
1833,609,32
1850.3,1373.7,32
1895,945,32
1909,863,32
1909.5,1077,32
1913,1908,32
1932.3,1162.3,32
1945,3334,32
1947,3334,32
1962,1867.2,32
2014,1386,32
2014.5,1570.5,32
2028,653,32
2035,3323,32
2071,1337,32
2085,2264,32
2105.5,3089,32
2106,3087,32
2128,3041,32
2130,3404,32
2140,635,32
2155.5,3320,32
2156,3322,32
2159,2715,32
2159,2713,32.5
2160,2717,32.333
2161,3055,32
2177.3,2671.3,32
2198.8,1129.7,32.5
2201,1130,32
2231,2054,32
2240.5,2541,32
2241.5,2539,32
2274,1789,32
2276,1789,32
2277,775,32
2279,775,32
2280,2371,32
2281,775,32
2280.5,1992,32.5
2292,1375,32
2321,3540,32
2329,1891,32
2332,2427,32
2334,2426.5,32
2352,2902,32
2437,1233,32
2477.5,885,32
2492,1568.3,32.333
2503,3165,32
2514.8,1596.6,32.25
2517,3560,32
2563,991,32
2565,991,32
2567,2987,32
2568,3408,32
2569,2987,32
2571,2987,32
2639,2233,32
2658,3501,32
2671,1867,32.5
2673.4,1145,32.8
2673,1867,32.5
2675,2186,32
2704,2220,32
2725,1793,32
2760,2114,32
2769.5,1692,32
2782,3347,32
2808.6,1721.2,32
2828,3444,32
2831.5,3121,32
2869,3199,32
2877,3460,32
3045,2111,32
3181,1523.5,32.5
3181,3552,32
3315,2113,32
3361,1521,32
3361,1523,32
3368,2087,32
3379.7,2434.3,32
3433.5,2193,32.5
3556,2118,32
3581,2004,32
375.5,3649,33
375,3651,33
637,3037,33
652,2814,33
678.5,3666,33
690,3798.5,33
692,3799,33
769,2789,33
771.5,3632,33
794,3841,33
804,3368,33
840,3046,33
870,3212,33
887,2996,33
894,3191,33
899,2897,33
901,2897.5,33
907,2710,33
907,3255,33
907,3257,33
909,2708,33
939.33,2807,33
1068,1866,33
1109,2505,33
1131,3462,33.5
1133,3462,33
1167,3707,33
1184,3313.8,33.4
1186,3314,33
1199.5,3481,33
1271,2952,33
1290,1811,33
1340,2396,33
1361,1203,33
1368,1839,33
1439,2677,33
1458.5,2825,33
1478.5,3568,33
1483.5,1997,33
1488,1702,33
1521,2529,33
1521,3543.5,33
1526,3736,33
1536.5,2668,33
1539,2026,33
1545,1609,33
1557,3183.5,33
1560,2367,33
1589,1827,33.75
1592,3545,33.5
1623,3695,33
1625,3695,33
1626,2991,33
1633,2902,33.75
1639,3277,33
1642,3566,33
1644,3566,33
1658,1011,33
1658,1408,33
1660,1011.5,33
1663,531,33
1663,538.5,33
1665,531,33
1682.5,1452,33
1712,3225,33
1720,1736,33
1722,960,33
1723,648,33
1789,2476,33
1792,2576,33
1794,2576,33
1796,2576,33
1808,568,33
1813,3588,33.5
1831,2230,33
1833,2230,33
1847,3614,33
1872.5,3116,33
1875,3120,33
1876,3116,33
1876,3118,33
1887,533,33
1897,944.67,33.667
1898,1363,33
1900,1363.5,33
1918,3445,33
1923.3,3890.3,33
1923,3464,33
1934,1159.5,33
1964,2352,33
1968,1201,33
2010,1187,33
2012,1187,33
2035,3325,33
2038.5,971,33
2090,3298,33.5
2136.5,633,33
2153,1185,33
2191,3028,33
2210,3760,33
2215.1,3555.5,33
2228,1303,33
2228,3675,33.5
2269,2315,33
2274.5,3399,33
2280,1990,33
2327,1889,33
2367,3521,33
2384,3412,33
2454,2622,33
2455,3360,33
2457,3360,33
2457,3362,33
2459,2667,33
2477,2098,33
2477,2100,33
2555,1325,33
2597,1482,33
2645,2151,33.833
2647,2153,33.5
2718,1509,33
2755,2125,33
2765,2941,33
2787,3346,33
2818,2083,33.5
2954,1360,33
2956,1360,33
2989,2759,33.5
3002,2866,33
3011,1117,33
3047.7,1929,33.667
3122,2518,33
3177,1091,33
3177,3209,33
3182,1529,33
3231,3429,33
3249,2109,33
3284,1744,33
3313,2117,33
3319,1629,33
3322,1663,33
3533,2108,33
3558,2526,33
3587,1978,33
3605,1868,33
3622,2073,33
3844.7,1450.7,33
197,3674,34.5
478,3018,34
508,3470,34
597.5,3528,34
598,3530,34
638,3936,34
658,2766,34
682,3436,34
688,3798,34
731,3172,34
808.5,3043,34
815,3111,34
845,3287,34
849,2986,34
868,2941,34.5
906,3537,34
908,3537,34
991,2992.5,34
996,2806,34
1012,3326,34
1036,3263,34
1095,2853,34
1107,3562,34
1125,2336,34
1126,2344,34
1133,3460,34
1195,3542,34
1221,2931,34.5
1226,3593,34
1264,2478,34
1318,3273,34
1318,3275,34
1351,2705,34
1424,1390,34
1439,2638,34
1460,2897,34
1475,1915,34
1486,1706,34
1487,3119,34
1504,927,34
1517,965,34
1517,967,34
1587,1825,34
1594,3543,34
1594,3545,34
1599.5,3190,34
1616,813,34
1618,813,34
1623,3697,34
1629,1358,34
1662,1012.5,34
1723,3623,34
1742,3948,34
1744,3946,34
1768,1707,34
1830,1946,34
1839,764,34
1846,1803,34.5
1856,1106.3,34.667
1895,944,34
1924.5,1891.5,34
1925,1993,34
1934,2891,34
1942,2232,34
1956,3731,34.5
1980,1110,34
2010,1320,34
2013,1573,34
2050,1231,34
2087,2266,34
2089,1476,34
2095,769,34
2095,3028,34
2100,924,34
2120,1449,34
2150,2949,34
2150,2951,34
2150,2953,34
2170,2028,34
2177,2809,34.5
2207,1923,34
2213.1,3558.3,34.636
2226,3675,34.5
2230,1903,34
2230,1905,34
2347,3477,34
2347,3479,34
2392,1986,34
2415,855,34
2417,855,34
2459,2008,34
2459,2010,34
2461,2010,34
2505.3,1886.7,34.5
2509,1890,34
2553.5,1327,34
2566,949,34
2574,2440,34
2736,2127,34
2778,1303,34
2780,1303,34
2782,1303,34
2784,3559,34
2816,2081,34
2834,2421,34
2842,1886,34
2924,2296,34
2925,3019,34
2942,2026,34
2944,2026.5,34
2944,3157,34
2987,1077,34
2991,2759,34.5
2991,2761,34
2991.5,3075.5,34
3021,2139.5,34
3044,2822,34
3048,1931,34
3056,1857,34
3076,1201,34
3216.5,1482.5,34.5
3226,1117,34.5
3228,1117,34.5
3375,1678,34
3376.8,2432.6,34
3434.5,2690,34
3460,2154,34
3552,2120,34
3560,2523,34
3560,2525,34
3564,1619,34
3564,1621,34
3576,2145,34
3632,1469,34
3660,2389,34
3662.8,2390.2,34
3662,2393,34
195,3674,35
476,3016,35
493,3476,35
548,3637,35
657,2714,35
690,3799,35
692,3799,35
735,3960,35
786,2868,35
813,3109,35
813,3504,35
844,2988,35
868,2939,35
950,3431.5,35
990.5,2092,35
994,3492,35
1245,1649,35
1286,3701,35
1286,3705,35
1288,3705,35
1294,2534,35
1315,1767,35
1323,1518,35
1378,2348,35
1416,3279,35
1501,925,35
1524,2665,35
1597,3433,35
1599,1767,35
1625,1362,35
1628,789,35
1641,3376,35
1681,3026,35
1692,3275,35
1721,3619,35
1721,3621,35
1761,2111,35
1821,1381,35
1823,1381,35
1831,2232,35
1847,3643,35
1850,1462,35
1955,844,35
1956,3729,35
1972,1198,35
2097,3028,35
2111,2011,35
2174.5,3460,35
2315,1230,35
2331,3650,35
2386,3032,35
2388,3032,35
2429,2110,35
2460,3404,35
2480,3607.5,35
2504,2062,35
2510.5,1642,35
2511,1644,35
2554.5,1325,35
2568,949,35
2717,3453,35
2776,2709,35
2789,3560,35
2843.9,2110.1,35
2925,3017,35
3056,1855,35
3091,1068,35
3093,1068,35
3114,1524,35
3116,1524,35
3216,1480,35
3265,1709,35
3355,2974,35
3419,2299,35
3609,1868,35
3634,1469,35
