"col","row","z"
1107,154.5,0
1109,154,0
1108.6,160.8,0
450,258,0
1331,297,0
180,302,0
900.22,303.22,1
480,315,0
667,367,0
862.78,452.11,0
264,462,0
1358,489.6,0
1113,491,0
700.95,494.29,0.5714
726,502,0
728.33,502.67,0
415,508,0
718,514,0
720,513,0
722,517.5,0
215,542,0
710,557,0
1292.6,563,0
568,577.5,0
1276.5,585,0
566,609.5,0
976,618,0
847,645,0
1148,651,0
514.5,668,0
1179,704,0
1179,706,0
883,785,0
1190,804,0
561,855,0
1235,855,0
285,891,0
587,939,0
1425,940,0
1425,942,0
1427,942,0
1429,942,0
404,950,0
220,974,0
754,977.33,0
724,1044,0
795,1059,0.5
342,1097,0
344,1097.5,0
525,1127,0
579,1129,0
321,1228,0
1457,1324,0
949,1341,0
712,1358,0
714,1358,0
712,1360,0
712,1362,0
695,1375.3,0.3333
532,1426,0
833.33,1471.3,0.3333
498,1481,0
661,1531,0
909,1561,0
1364.3,1561,0.3333
909,1563,0
911,1563,0
376,1654.3,0.3333
378,1654.5,0
695,1798.5,0
1533.8,1823.3,0.6667
254,1839.9,0.8571
774.2,1976,0.4
501,2048,0
501.5,2074.5,0
294,2082,0
294,2084,0
1465,2146,0
1504,2208,0
1505,2210,0
1322.5,2221,0
509.5,2280,0.5
862,2285.3,0.3333
864,2285.5,0
591.5,2293,0
1414.2,2309.4,0
987,2316,0
991,2325,0
1417.6,2326.6,0.5714
1293,2340,0
1004,2357,0
1369,2388,0
650,2413,0
960,2420,0
265,2422,0.5
339,2434,0
1544,2436,0
1545,2459.5,0
584,2475,0
483,2609,0
1150,2624.5,0
419,2907,0
638,2984,0.5
463,3000,0
1278,80,1
754.25,181,1
542,185,1
843,220,1
1252,223,1
877,226,1
603,242,1
836,244,1
1292.5,245,1
1061,256,1
895,306,1
520.5,317,1
520,319,1
640,389.5,1
937,399,1
635.5,441,1
1359,492,1
411.88,516.75,1.5
1348,517,1
1151.5,569,1
855,600,1
855,602,1
168,611,1
1212.7,624,1
323.5,709,1
458.67,718.33,1
1118,718,1
1201,735,1
1203,735,1
887,783,1
886.5,785,1
1231,814,1
1056,845,1
1289,882,1
1289,884,1
284.67,886.33,1
418,895,1
478,900,1
478,902,1
1439,915,1
1441,915,1
1486,990,1
615,1032,1
615,1034,1
615,1036,1
1075,1037,1
793,1059,1
1114,1102,1
1274,1112,1
1449,1114,1
930,1149,1
753,1173,1
755,1173,1
238,1176,1
572,1177,1
1096,1201,1
319,1203.2,1.9231
771,1240,1
771,1244,1.5
902,1262,1
632.2,1265.2,1.4
629,1311,1
706.6,1318.6,1.6
642,1348,1
714,1360,1.5
697,1375,1
488,1446.5,1
833,1469,1
1272,1538,1
620,1593.5,1
622,1592,1
618,1593,1
622,1594,1
618,1595,1
1086.5,1645,1
1086.5,1647,1
374,1654,1
777,1656,1
1229,1717,1
1229,1719,1
757,1740,1
757,1742,1
755,1744,1
950.5,1981,1
1369,2115.7,1.4286
822,2118,1
664,2126,1
610,2135,1.5
1070.3,2156,1.6667
606,2173,1
742,2210.5,1
1323,2217.4,1
563.71,2223,1
780.5,2249.8,2.3889
975,2257,1
1443.9,2288.2,1.75
1218.5,2315.5,1
1004,2318,1
1378.5,2360,1
1173,2391,1
1175,2390.2,1.75
419,2404,1
648,2411.1,1.4286
960,2418,1
1523,2460,1
469,2477,1
699.5,2539,1.5
1193,2620,1
588,2641,1
1140,2653,1
760.25,2786.5,1
1083.8,2896.6,1
355,2955,1
847,140,2
1110.2,161.25,2.8333
301,190,2
303,190,2
1386,194,2
670,229,2
672,229,2
1225,230,2
431,242,2
835,242,2
996,246,2
1222,321,2
1164,335.5,2
1162,336.5,2
1245,340.4,3.4
1133.3,355,2
1432,379,2
1252.5,383,2
935,396.11,2
290,419,2
289,461,2
291,461,2
1162,463,2
934,532,2
936,532,2
934,534,2
936,534,2
213.5,542,2
214,544,2
1337.5,562,2
689,572,2
227,591,2
496,628,2
892,637,2
847,644,2
1146,676,2
1148,676,2
712,697,2
832,701,2
830,701,2
1304,759,2
862,762.5,2
1079.5,799,2
598,809,2
1360,829.5,2
1075,832,2
1058.8,845.25,2
926,855,2
1457,891,2
1457,893,2
408,905.5,2
1436.2,910.2,2.6
907.67,922.33,2
970,942,2
1427,944,2
1481,947,2
756,978,2
758,978,2
415,981,2
1180,987,2
1034,993.75,2.75
1032,994,2
321.18,1071.8,2
1253,1128.5,2
1255,1128.5,2
759.5,1172,2
1016,1207.5,2
324,1230,2
798,1251,2
1124.4,1294.2,2
450,1312,2
1455.5,1323.5,2
761,1340,2
1002,1341,2
1255,1343,2
711.5,1357.5,2
712,1360,2
824,1391,2
946.67,1398.3,2
974,1403,2
852,1429,2
1073,1444,2
663,1448,2
933,1456,2
953,1475,2
634,1507,2
1274,1532,2
1341,1537,2.2
1089.7,1597.1,2.4286
843,1641,2
1206.7,1702,2.6667
1157,1742,2
1062,1776,2
1208,1796,2
1175,2005,2
1272,2073,2
612,2135,2
1120,2137.8,2
1066.5,2152.5,2
1479,2173,2
1435,2198,2
784,2208,2
786,2208,2
592,2291,2
592,2293,2
817,2314,2
1127,2340,2
1414,2352,2
1376,2394,2
1278.5,2410.5,2
688,2446,2
690,2446,2
1550,2455,2
587.67,2474.3,2
886.33,2527.3,2
419.5,2553,2
1150,2624,2
1341,2698,2
1352,2787,2
1020,2802,2
1020,2804,2
717,154.2,3.4
1165.5,307.75,3.75
513,311,3
515,311,3
1220,323,3
1222,323,3
1249.3,372.33,3
1047,387,3
668,421.5,3
287,431.25,3
977,448,3
291,463,3
820.5,491,3
1387,504,3
923.5,550.5,3
1318,554,3
382,577,3
382,579,3
826,606,3
1468,626,3
1468,628,3
845,648,3
853,666,3
964,696,3
657,729,3
899,837,3.5
1002,851,3
720,873,3
521.5,893,3
521.5,895,3
373,911,3
616,946,3
1042,951,3
1372,955,3.5
585,990,3
1072.7,1037.7,3
1224,1133,3
470,1192,3
560,1229,3
1303,1276,3
1459.6,1322.8,3
396,1329,3
1054,1329,3
1383,1345,3
433,1490,3
1220,1554,3
677,1688,3
1154,1727,3
1148,1731,3
458,1840,3
684,1852,3
685,1857,3
689,1857,3
1565,1918,3
862,1995,3
862,1997,3
692,2157,3
692,2159,3
1202,2225,3
508,2278,3
1414.5,2308.5,3
656,2310,3
816.2,2311.6,3
1169,2340,3
1576,2364.5,3
1578,2364.5,3
400,2385,3
878,2402,3
876,2402.5,3
880,2402,3
891,2528,3
1436.3,2561.7,3
436,2634,3
393,2921,3
1265.7,80.667,4
1261.5,81,4
1173,92,4
420,215,4
668.12,220.88,4.375
657.5,265,4
421,269,4
421,271,4
1448,272,4
421,273,4
656,278,4
568,364,4
1242,386,4.5
1377,407,4
664.96,420.4,5.36
706,444.5,4
1398.1,454.14,4
598.6,506.8,4
670.5,529,4
1135.1,575.12,4
1294,627,4
1301,632.5,4
597,641,4
1172,645.5,4
1170,646,4
517.67,655.33,4
1236,655.5,4
1238,656,4
461,721,4
842,762,4
861,765.67,4.6667
1267,788,4
989,878,4.5
410,906,4
412,906,4
616,942,4.5
843,945,4
1376,951,4
1342,961,4
1032,994,4
751,1015,4
751,1017,4
250,1048,4
399,1068.5,4
1389.7,1166.3,4
947,1168,4
594,1306,4
1343,1374,4
369,1389,4
978.5,1415.2,4.4
498,1482,4
498,1484,4
500,1484,4
1154,1723,4
938,1725,4
845,1915,4
1173,1984,4
773,2120,4
772.5,2136,4
1350,2179,4.5
1352,2179,4
367,2288.2,4
1513,2311,4
970,2327,4
1216,2340,4.5
1207,2345.5,4
713,2392,4
649,2407,4
555,2493,4
1352,2774,4
1379.4,2796.8,4
829,128,5
1310,146.33,5.6667
543,151,5
216,246,5
1201,290,5
444,312,5
1340,329.5,5
1346.5,372,5
1240,387,5
289,431,5
1207,433.5,5
1204,439,5
916.5,477,5
1116.7,478.67,5
1269.9,490.29,6.0952
622,495,5
576,507.29,5.2857
960,531,5
642.5,536,5
1238,536,5
1007,572,5
1107,616,5
559,625,5
1097.5,626,5
1184,670.5,5
804,699,5
844.5,762,5
859,771,5
861,771,5
1257,785,5
792,797,5
792,799,5
1161,813,5
559,836,5
1493,857,5
987,878,5
501,891,5
363,894,5
246,928,5
220,941,5
624,963,5
626,963,5
458,990,5.5
258,1036,5
311,1043,5
311,1045,5
470,1102,5
470,1104,5
468,1106,5
822,1190,5
1150,1307,5
1230.3,1324.7,5
1251,1369,5
1010,1390,5
702,1442,5
1491,1465,5
627,1509,5
514,1550,5
856,1632.5,5
666.75,1673.6,5.625
480.5,1705,5
977.75,1718,5
1154,1726,5
1023,1843,5
1041,1894,5
844.2,1918.8,5.8
946,1969.5,5
948,1970.5,5
1007,2026,5
1007,2028,5
416,2103.5,5
1278,2151,5
453,2155,5
527,2190,5
527,2192,5
795.5,2203,5
800,2207,5
872,2239,5
1185,2277.5,5
360,2403,5
362,2404.5,5.75
364,2404.7,5.6667
886,2526,5
1360,2599,5
1150,2606.2,5
396,2667,5
1352,2771.5,5
1124.5,2845,5
1166,2857,5
931,2896,5
1055,2917,5
1264,141,6
477,228,6
499.5,248,6.75
1301,279,6
1313,281,6
1084,307,6
278,336,6
398,377,6
400,377.5,6
711,377,6
1061,401,6
1061,403,6
683,418,6
80,431,6
605,471,6
626,499,6
1139,573,6
744,573,6
822.83,606.83,6
968.25,620,6.5
1236,657,6
1190,672,6
292,674,6
1188,674,6
1190,674,6
457.25,723,6
980,736,6
453,739,6.5
1127.3,746.33,6
846,760,6
460.2,762.4,6
1161,772,6.5
836,782,6
1206,789.5,6
1397,849,6.3333
1491,855,6
1493,855,6
1270,887,6
859,924,6
458,988,6
1063,1008,6
215,1014,6
1136,1038.5,6
398.5,1069.5,6
851.5,1089.6,6.5
1436,1096,6
1438,1096.5,6
1490,1146,6
1082,1193,6
596,1291,6
640.67,1308,6
361,1370,6
1062,1379,6
264,1410,6
1038,1470,6
1038,1472,6
1394,1544,6
218,1555,6
1544,1594,6
666,1648,6
668,1648,6
926.33,1711.7,6
700,1713,6
1199.3,1772,6.3333
1426,1860,6
1246,1984,6
1246,1986,6
824.29,2042.1,6
538,2113,6
534,2115,6
536,2115,6
1322,2137,6
720,2193,6
718,2193.5,6
1227,2203,6
1229,2203,6
962,2224,6
962,2226,6
1172,2302,6
1511,2307,6
1513,2307,6
972,2329.5,6
1379,2332.3,6
1174.8,2344.8,6
921,2431,6
604.83,2602.2,6
1285,2648,6
1025,2783,6
1379.5,2797,6
1055,2923,6
504,2956,6
1262,143.67,7.6667
1164,165,7
498,177,7
756.25,244.25,7
663,254,7
665,254.5,7
738,259,7
740,259,7
1282,278,7
359.33,324.11,7.2222
455,355,7.5
453,368,7
453,370.5,7
455,370,7
538,386.5,7
732,403,7
734,402.5,7
499.5,433,7
997.5,437,7
504,438,7
694.46,443.23,7.3846
732,474,7
734,474,7
732,476,7
734,476,7
1161.6,493.18,7.6364
897,506,7
893,508,7
897,508,7
1168.2,536.25,7
1237,538,7
641.75,540.75,7
1086.6,549,7
517,551,7
479.88,569.38,7.75
1346.3,587.33,7
198,596,7
243,619,7
908,661,7
1184.2,666.83,7.5
1418,675,7
1233.8,710,7.6
920,734,7
452.33,736.67,7
862,739,7
1275,758,7
1275,760,7
1271,762,7
1159,772,7
437,773,7
1158,774,7
1149,785,7.5
935,803,7
1126,808,7
1232,820,7
1234,820,7
1095,837,7
1132,842.5,7
1394,849,7
808,858,7
1078,881,7
984,916,7
231,927.5,7
376,946.5,7
722,1010,7
209,1100.2,7.1667
188,1105,7
188,1107,7
826,1125,7
1008,1136,7
1028,1146,7
1028,1148,7
225,1153,7
965,1181,7
1046,1269,7
1046,1271,7
572,1299,7
1071,1376,7
853,1401,7
624,1405,7
627,1421.5,7
629,1421.6,7.875
398,1461,7
478,1466,7
667,1500.3,7
951.33,1603,7.6667
952,1605,7
666,1652,7
700,1677,7
411,1700,7
421,1708,7
437,1765,7
868,1888.5,7
653,2002,7
1452,2051.5,7
1124,2133,7
1446,2276,7
1529.4,2447.5,7.625
1367,2454.5,7
946,2466.4,8.2
1626,2596,7
1624,2599.2,7.4
1108,2661.1,7
1291,2731,7
1592,2776,7
1370,2789,7
1055,2921,7
1219.2,2939.2,7.25
848,124,8
436,234,8
413,276,8
898.33,308.33,8
677,373,8
1099,389,8
1099,391,8
1069,444,8
1071,444,8
1069,446,8
1071,446,8
1117,475,8
1234,476,8
630,487,8
923.8,545.6,8
219,552,8
1327.5,568.5,8
635,590,8
200,596,8
807.5,627,8
1408,645,8
634,656,8
1424,671.75,8.75
786,686,8
804,699,8
1166,710,8
1226,738.5,8
1406,755,8
685,797,8
1121,813,8
1131.8,837.4,8
798,877,8
1183,900,8
201,930,8
1227.9,1018.1,8
202,1051,8
1409.4,1066.2,8
1520.5,1068.5,8
310.33,1072.3,8
1438,1100,8
490,1143,8
1209,1172,8
1211,1172,8
692.5,1180,8
822,1192.5,8
264,1207,8
684,1249.5,8
528,1282,8
973,1297,8
955.5,1345,8
516,1351,8
365,1370,8
377,1380,8
327,1403,8
1295,1411,8
631,1422,8
485,1429,8
816.8,1439.2,8
493,1445,8
493,1447,8
680,1504,8
1145,1514,8
451,1535,8
451,1537,8
1378,1541,8
1071,1556.5,8
384,1595,8
1044.5,1656,8
1209,1775.6,8
1042,1807,8
426,1833,8
1250,1834,8
617,1835,8
615,1837,8
617,1837,8
742,1868,8
639,1931,8
1093,2088,8
950,2273,8
1109,2276,8
1173,2307,8
707,2365,8
660,2378.9,8
997,2413,8
1054,2635,8
1285.5,2650,8
1285,2741,8
1287,2741,8
449,2749,8
733,2797,8
635,178,9
821,214.5,9
1089.2,222,9.6
1422,226,9
1104,248.5,9
608.18,257.45,9.545
610,260,9
612,260,9
1477,260,9.5
159.33,295,9.667
755.25,301.5,9
903.67,390,9.333
792,411,9
715,427,9.5
993.8,436.6,9
210,489.5,9
630,489,9
741,500,9
679,577,9
254,582,9
1058,585,9
364,604,9
1459.7,642,9.8
1463.8,643.6,9
1037,669,9
1037,671,9
514,711,9
611,761,9
698.33,784,9
975,783,9
927,812,9
929,812,9
1130,825,9
973,852,9
1318.5,856,9.5
798,875,9
690,908,9
899,918,9
261,944,9
956,954,9
568,967,9
1182,1008,9
1431,1082.5,9
1433,1082,9
382,1100.5,9
770,1100,9
831,1165,9
1342,1166,9
462.5,1231,9
1506,1280,9
1246,1327,9
1360.5,1329,9.5
639,1341,9
627,1420.5,9
947,1427,9
978,1428,9
978.5,1430,9
720,1433,9
823,1433,9
1403,1468.5,9
769,1474,9
1348,1479,9
461.14,1493.7,9
754,1584,9
1131,1584,9
1151,1728,9
620,1762,9
256,1773,9
256,1775,9
624,1805,9
1290.5,1810,9
634,1831,9
616.89,1829.2,10.111
904,1910,9
633,1912,9
1165,1950,9.667
1217,1990,9
1272,2097,9
1546.5,2130,9
373,2137,9
1229,2225,9.25
1231,2226.5,9
1233,2227.5,9
1359,2338,9
703,2364,9
548.5,2416,9
1354,2427.5,9
324,2428,9
1528.5,2451,9
662,2452,9
299,2507,9
1342,2534.5,9.333
1340,2535,9
1344,2535.5,9
1346,2535,9
1157,2537,9
1340,2537,9
832,2553,9
936.5,2598,9
1278,2605,9
1187,2631,9
1556,2633,9
1558,2633,9
1529.5,2689,9.5
488,2750.5,9
734.2,2794.2,9
891.5,2888.5,9
612,256,10
612,258,10
166,301,10
449,402,10
447,403,10
901,410,10.5
903,410,10
901,412,10.5
903,412,10
905,412,10
901,414,10
903,414,10
1243,474,10
1243,476,10
1423,476.5,10
1425,477,10
1201,480,10
515,482,10.5
378,506,10
655,507,10
417,582.5,10
419,583,10
1014,623,10
1012,625,10
1014,625,10
538,648,10
540,648,10
538,650,10
1188,671,10
674,682,10
1418,693,10
750,698,10
752,698,10
1310,704,10
494.5,746,10
1444,761,10
688,876,10
995,877,10
728,916,10
832.17,926.5,10.667
1184,1010,10
608,1062,10
610,1062,10
259.33,1079,10.333
851.89,1091.4,10
1522,1148,10
1228,1161,10
1230,1161,10
1097.5,1279.8,10.667
1110,1281,10.5
1112,1281,10
385.5,1330,10
385,1332,10
387,1332,10
389,1332,10
751,1338,10
623,1374.5,10
608,1388.9,10.875
312,1397,10
664,1413,10
945,1425,10
1289,1426.7,10
720,1437,10
718,1437.5,10
752,1454,10
685,1482,10
660,1502,10
678,1504,10
678,1506,10
858,1524,10
360,1552,10
226.75,1568.5,10
469,1600,10
760,1631,10
232,1636,10
746,1685,10
734.75,1686.2,10
736,1724,10
1154,1732,10
596,1749,10
620,1768,10
1576,1770.5,10
631,1794,10
507.5,1797,10
1125,1820,10
755,1838.5,10
630.5,1911.5,10
1163,1949,10
983,1961,10
1580,1990,10
1580,1992,10
995,2077,10
997,2077,10
1092,2092.5,10
1064.5,2094.2,10
1546,2133.5,10
1482,2267,10
412,2279,10
674,2302,10
1360.5,2333,10
356,2386.5,10
1357,2463,10
1421,2570,10.5
302,2608,10
1237,2616,10
883,2638,10
401,2674,10
1243,2758,10.667
952,2770,10
931,2841,10
1136,222,11
1138,222,11
1134,223,11
529,380,11
157,387,11
653,437,11
227,454,11
695,458,11
168.75,470.75,11.5
171,472.5,11
979,484,11
573,492,11
1384,511,11
856,531,11
819,547,11
223,578,11
225.5,578,11
627.5,616.5,11.5
1357,625,11
540,650,11
814,653,11
1034,674,11
553,779,11
555,779,11
1126,812,11.5
833,820,11
767,851,11
286,874,11
1114,894,11
298.5,900,11
1125,923,11
1123,925.5,11
266,992,11
280,992,11
377.67,1003.8,11
1134,1045,11
1178,1112,11
839,1115,11
839,1117,11
1260,1201.5,11
455,1284,11
256,1321,11
256,1323,11
360,1388,11
261.33,1448.3,11
1219,1462,11
897,1518,11
229.5,1571,11
647,1575,11.333
1229,1591.5,11
936.62,1601.5,11.625
367,1604,11
1046,1655,11
745,1705,11
230.6,1778,11
454,1777,11
685,1788,11
620,1804.5,11
664.38,1824.2,11.375
460,1831,11
636,1870.5,11
1247,1892.5,11
490,1905,11
633,1910,11
445,1965,11
875,2047,11
977,2069.3,11.333
975,2070,11
1439,2168,11.5
1596,2198,11
1041,2305,11
1175.5,2309,11
897.25,2311.8,11.5
1578,2362,11
1415,2364,11
1351,2391,11
693,2392,11
1349,2393,11
1351,2393,11
249,2443,11
585,2475,11
814.7,2557.7,11.3
1152.4,2596.3,11.8
354,2629,11.5
1558,2633,11
882,2635,11
1179,2695,11
1181,2695,11
742,2723.5,11
1245,2757.5,11
1407,2806,11
453.67,2909.7,11.667
1180,2946,11
1179,2948,11
1141.5,203,12
733,208,12
735,208,12
1093.5,221.5,12
401,234,12
401,236,12
1479,260,12
914,324,12.5
1072,396,12
433,407.5,12
319.4,428,12.667
597,468,12
572.5,488,12
716,505,12
1140,519,12
1358,526,12
1206,528,12
970,530,12
972,530,12
703,531,12
752,568,12
559,591,12
699,595,12
698.5,597,12
760,597,12
697.5,601.67,12
1182,606,12
991,616,12
1287,616,12
474,627,12.5
1094,634,12
814,651,12
538,652,12
1496,654,12
587,655,12
1498,656,12
1225,668.9,12.7
417,687,12
479.5,696.5,12
1090,728,12
1090,730,12
1354,730.5,12
1352,731,12
1446,763,12
618,779,12
795,797.5,12
1054,799,12
560,816,12
1317,833,12
340,841,12
1155,845,12
910,920.5,12
266,997,12
433,1040,12
1523,1071,12
261,1079,12
493,1110,12
493,1112,12
291,1120,12
293,1120,12
543,1227.5,12
987.5,1344.5,12
833,1365,12
1449,1399.5,12
1451,1399.5,12
323,1414,12
660,1448,12
1360.5,1460,12
1045,1462,12.5
1217,1462,12
1029.8,1475.6,12
686.67,1482.3,12
457,1492,12
483,1535,12
909,1541,12
810,1565.5,12
228,1567,12
230,1567,12
988.33,1655.7,12
808.5,1675,12
799,1679.7,12.333
866.5,1684,12
609,1745.5,12
456,1777,12
1201,1777.5,12
1464,1826,12
620,1835,12
864,1886,12
866,1886,12
304,1893,12
540,1904,12
656,2005,12
1099,2057,12
1383,2119,12
897,2136,12
899,2136,12
563,2142.5,12
561,2143,12
1594,2198,12
375,2222.5,12
895,2312,12
1200,2349,12
1200,2351,12
1113,2403,12
645,2439,12
645,2441.5,12
1045,2469,12
1045,2471,12
956,2518,12
656,2521,12
570.25,2589,12
896,2617,12
896,2619,12.5
747,2661,12
565,2691,12
1360,2758,12
1210,2791,12
1210,2793,12
1362,2804,12
1505,2834,12
952.4,2835.8,12
1505,2836,12
1288,2887,12
711,2896,12
586.5,2897,12
711,2898,12
1292,269.83,13.667
853,270,13.5
855,270,13
353,302,13
421,310,13
542,312,13
912,324,13
169,387,13
473,388.5,13
728,394,13
730,394,13
1222.2,415.6,13
1024,444,13
542,447,13
544,447,13
542,449,13
544,449,13
1062.5,452,13
1238.3,474.67,13
1140,517,13
1205.3,525.67,13
194,545,13
762.5,560,13
898,561,13
900,561,13
1321,561,13
762.17,562,13.333
1429,585,13
474,625,13
1505,636,13
255,645,13
816,656,13
1240,676,13
1240,678,13
686,694,13
688,694,13
686,696,13
688,696,13
181,704.5,13
937,734,13
850,737,13
1389,842,13
1316,853.5,13
225.08,875.08,13.75
1008.5,948,13
440,969,13
621,985,13
477,1023,13
891,1024,13
937,1048.5,13
887,1077,13
889,1077,13
1254.3,1169.7,13
1301,1206,13
1021,1282,13
1400,1323,13
1102.5,1329,13
1342,1344,13
1342,1346,13
1183,1355,13
1440,1362,13
453,1406,13
455,1406,13
1097,1412,13
905.5,1413,13
1056.2,1437.3,13.833
796,1439,13
796,1441,13
489,1450,13
493,1451,13
663,1455,13
967.5,1455,13
663,1457,13
617,1465,13
1488,1626,13
1490,1626,13
1037,1695,13
674,1711,13
450.57,1753.3,13
1199,1775,13
1201,1775,13
625,1785,13
1292,1814,13
1296,1814,13
341,1830,13
343,1830,13
620,1831.5,13
1321,1839,13
1049,1845,13
1174.5,1922.5,13.5
682.5,1928.5,13
777,2015,13
324,2020,13
357,2071,13
412,2276.3,13
1471,2276,13
579,2289,13
897,2314,13
630,2320.5,13
1404.2,2323,13
687,2328,13
687,2330,13
725,2346,13
416,2371,13
954,2520,13
1399,2550,13
1486.7,2649,13
749,2665,13
379.33,2754.3,13
1583,2788,13
703,2897,13
685,2961,13
1281,249,14
1281,251,14
919,258.5,14
528,277,14
530,277,14
576,383,14
717.33,389,14
937,411,14
1461,449.5,14
1139,450.5,14
543,463,14
171,475,14
522,492,14
1166,522,14
644,525,14
500,527,14
1358,530.5,14
1201,534,14
1201,536,14
1203,536,14
1205,538,14
407,544,14
192,547,14
1270,551,14.5
1270,553,14
1270,555,14
673.4,557,14
761.5,564,14
1139,566,14
746,570,14
750,572,14
1056,575,14
725,582.5,14
578.75,650.58,14
1251,649.5,14
589.5,653,14
581,655,14
583,655,14
589.5,655,14
589.5,657,14
336,661.5,14
198,710,14
1275.3,769.67,14
1201,771,14
1201,773,14
662,805,14
1413,806,14
1415,806,14
1413,808,14
1415,808,14
1001.7,819.67,14
1011,834,14
416,839.5,14
418,840,14
671,859,14
824,864,14
826,877,14
826,879,14
1046,883,14
1048,883.5,14
415.5,884,14
373,898,14
602,911,14
602,913,14
1011.1,921.88,14
1061,928.5,14
1216,944,14
1218,944,14
1486,957,14
704,978,14
1164,1012,14
528,1069,14
856,1083,14
914.5,1333,14
1320.3,1355.6,14
792,1439,14.5
601,1441,14
680,1527.5,14
653,1569,14
648,1577.3,14.667
947,1579,14
938,1599,14
1151.8,1724,14
1226,1759,14
1266,1766,14
724,1850,14
1108,1866,14
1019.5,1880,14
1460,1932,14
1460,1934,14
1462,1934,14
1508.7,1999.7,14
406.83,2002,15.083
1023,2042.8,14.833
1324,2083,14
1326,2085,14
1199,2305,14
1553.6,2370.9,14.857
786,2448,14
582,2488,14
961,2531,14.5
971,2532,14
1287,2543.5,14
1414,2557,14
839,2558,14
498,2586,14
1090,2616.5,14
1119,2713,14.5
1259,2725,14
1261,2727,14
1263,2727,14
1020,2788,14
1360,2809,14
1362,2809,14
362,2845,14
362.5,2847,14
1146,2854,14
1039.5,2952,14
686.67,2959.3,14
340,2988,14
1158,295,15
621,339.5,15
276.44,377.44,15
1224,384,15
1226,384,15
614,387,15
940,404,15
588,414,15
1210,445,15
851,463,15
348.5,479,15
346,479.5,15
840.5,485,15
337.5,512,15
1339.2,520.4,15
1212,530,15
272,550,15
862,619,15
1283,639,15
1380.5,641.5,15
1074,648,15
1076,648,15
1068,651,15
817,655,15
166,668,15
395,668,15
368.5,687,15.333
899,701,15
364.4,786.6,15
787,810,15
1474,818,15
1288.7,823.33,15
422,838,15
426,840,15
1048,880.5,15
1273,963,15
1331,988,15
1050,1162,15
563,1215,15
830,1215,15
563,1217,15
1358,1218,15
554.4,1257,15.6
1124,1270,15
1126,1270,15
1320.5,1302,15
429.67,1306.3,15
319.67,1336,15
761,1363,15.5
763,1363,15
1513.3,1389.6,15
978,1432,15
270,1434.5,15
792,1441,15
617,1459,15
616.5,1465,15
521,1484,15
809,1565.5,15
959,1568.5,15
646,1577.5,15
411,1586,15
944.5,1589.5,15
933,1599,15
623,1634,15
833,1647.5,15.875
928,1706,15
391,1754,15
391,1756,15
1224.3,1760.7,15
1341,1779,15
1296,1814,15
600,1836,15
1160,1838,15
1508,1839.5,15
1106.5,1868,15
753.5,1889,15
1162,1930,15
743.5,1935.5,15
1285.5,1959.5,15.5
1458,1965,15
919,2001,15
1293,2041,15
866,2090,15
1023,2220,15
1041,2244,15
525.75,2269,15
1316,2322,15
1110,2338,15
786,2370,15
1356,2426,15
1087,2438,15
1003,2449,15
1005,2449,15
786,2450,15
1341.7,2454.3,15
856,2522,15
856,2524,15
496,2590.5,15
1484.8,2645,15
1119,2715,15
686,2800,15
546,2825,15
548,2825,15
1142,2856.5,15
1144,2856.5,15
903,2934,15
1076,143,16
830,188,16
1241.8,223.54,16
367,224,16
641,273,16
648,275,16
1178,285,16
1178,287,16
1180,287.5,16
955,293,16
1160,294,16
1160,296,16
774.5,334,16
1284.5,427.5,16
1210,441,16
973,471,16
311,472.5,16
548,486.5,16
1171.5,486.75,16.25
1400.5,497,16
1202,525.5,16
414,550,16
1238.5,556,16.5
751,570.5,16
815,646,16
705,704,16
704.5,706,16
280,716,16
193,775,16
630,775,16
1143,789,16
884,828,16
1490.5,831,16
413.5,882,16
413,884,16
238,911,16
1487,944,16
1252.3,1007.3,16
1226,1037,16
1226,1039,16
1226,1041,16
196,1110,16
792,1120,16
931,1143,16
314.67,1223,16.333
1345,1223,16
688,1238,16.5
690,1238,16
1133,1252,16
1135,1252,16
1088,1306,16
1087,1334,16
1323.5,1356,16
235,1360,16
371,1364,16.5
1046,1372,16
1533,1390,16
1533,1392,16
496,1428,16
274,1434.5,16
972,1479,16
972,1490,16
974,1490,16
455,1497,16
828,1511,16
830,1511,16
1547.8,1550.8,16
1550.9,1560.8,16
1548.5,1556,16
870.5,1644,16
952,1654.5,16
872,1679,16
1289.2,1691.2,16.8
467,1715,16
1574,1830,16
1574,1832,16
1513.2,1834.8,16
871,1857.5,16
672,1861,16
869,1862,16
750,1887,16
529,1902.5,16
368,1905.3,16.667
632,1915,16.667
1502,1949.5,16
1579.6,1985.2,16.6
893,2071,16
863,2090,16
1035,2096,16
525,2098.5,16
648,2209.5,16
1041,2242,16
408,2272,16
727.5,2280,16
1227,2348,16
362.86,2370.1,16.429
1599,2418.5,16
1001.7,2444.3,16
1061,2508.5,16
1165,2514,16
1274,2617,16
1116.4,2653.4,16.5
1380,2661,16
950,2712.5,16
939,2762,16
1136,2781,16
1080,2936,16
1118.7,144.5,17
645.2,248.6,17
951,295,17
523,314,17
1025,420.5,17
1206,441,17
599.17,453.17,17
1155,461,17
1244,470.6,18
840,489,17
1103,516,17
751,520,17
498,528,17
498,530,17
1210,545,17
800.5,591.5,17
624,655,17
627,655,17
1025,669,17
660,682,17
1044,697,17
1195,709,17
1193,711,17
1195,711,17
800,747,17
800.5,749,17
689,772,17
1067,773,17
689,774,17
1028,842,17
1261,898.5,17.5
541,934,17
1218,944.5,17
739,952.5,17
734,975.5,17
996,980,17
567,1017,17
591,1049,17
1353,1091,17
1040,1158,17.5
608,1170,17
597,1213,17
597,1215,17
1184,1221,17
472,1241,17
1022,1245,17
962,1290.3,17.5
622,1320,17
622,1322,17
245.25,1395,17
1055,1425,17
354,1437,17
912,1463,17
1380,1472,17
1380,1474,17
1172,1516,17
809,1566,17
911.5,1566,17
470,1580,17
470,1582,18
1246,1583,17
478,1595.5,17
608,1641,17
871,1648.7,17.333
1054,1671,17
657.67,1733.3,17
1159,1766,17
1159,1768,17
639,1815,17.5
584,1886,17
899,1893,17
1125.4,1901.4,17.429
1128,1903,17
1169,1939,17
1576,2050,17
709,2052.5,17
732,2062,17
637.67,2102.7,17
1319,2110.4,17.6
1244,2125,17
632,2131.5,17
1406,2179,17
976.25,2205,17
265.5,2212,17
1031,2303.5,17
1033,2303.7,17.333
855,2320,17
856,2325,17
1166,2341.5,17
1169,2417,17
833.5,2441,17
652,2468,17
1061,2468,17
997,2475,17
1169,2512,17
875,2550,17
1549,2558,17
683,2672.5,17
989,2677,17
1136,2779,17
332,2925,17
1024,152,18
1119,154,18
772.5,333.75,18.25
586.33,409.33,18
789,463,18
747.33,479,18
1077,523,18
1299,524,18
900.25,532.62,18.625
404.27,551.64,18.455
1385,602.5,18
1231.5,611,18
1242,656,18
700,662,18
320,787,18
1238,894,18
1070,902,18
1434,907,18
559.5,931.5,18
946.57,976.71,18.643
560,977,18
809,996,18
589,1049,18
1429,1051,18
1351,1095.5,18
610,1121,18
610,1123,18
594,1135,18
619.67,1277.3,18.5
258,1280,18
220,1374,18
1022.5,1376.5,18
768,1377,18.5
248.58,1394.6,18.25
972,1489.5,18
403.14,1504.1,18
1316,1507,18
452,1537.5,18
472,1541,18
938.33,1568.7,18
594,1609.5,18
596,1611,18
1190,1619,18
857,1680,18
548,1689,18
818.75,1701.2,18.25
469,1713,18
1248,1733,18
1537,1820,18.5
1539,1820,18.5
1537,1822,18.5
1515.8,1834.2,18
528.5,1902.5,18
1188,1902,18
1188,1904,18
1128,1905,18
504,1937,18.5
581,1993,18
1420,2023.5,18
1426,2025,18
1426,2027,18.5
895,2071,18
527.64,2074.1,18.364
864.33,2091.7,18
546,2092,18
430,2106,18
687,2163,18
1057,2183,18
878,2199,18
904.67,2255.7,18
728.25,2279.8,18
1501.5,2296.5,18
1412,2329,18
1552,2374,18
928,2443,18
1001,2449.5,18
1112,2478,18
1112,2480,18.5
352,2620.8,18.4
1589,2653,18
1409,2662,18
1350,2749,18
1155,2864,18
596,2888.5,18
1135.7,187.33,19
1352,189,19
975,286.6,19
523,313,19
1404.5,360,19
1076.6,397.88,19.125
863,412.5,19
913,435,19
769,450,19
375,466,19
531,471,19
1069,480,19
1071,480,19
745,481,19
1487,539,19
1491.5,540.33,19.667
812,565,19
1412,582,19
1421.5,619.5,19
373,631,19
373,633,19
805.75,681,19
369,686,19
934,694.5,19
568,729,19
842,787.5,19
416,828.5,19
889,858,19
963.67,865.33,19
668,868,19
275,901,19
702,908,19
541,930,19
947,983.5,19
809,994,19
180,1029,19
182,1029,19
591,1049,19
1101,1112,19
896,1115,19
232.5,1118,19
1216,1129,19
365,1132.6,19.8
924.5,1145,19
1393,1185,19
1016,1212,19
1415,1281,19
622,1317,19
622,1319,19
517.5,1351,19
518,1353,19
231,1361,19
322.6,1372.8,19
512,1379,19
1321,1382,19
763,1395,19
340,1404,19
355,1442,19
612,1483,19
876,1486,19
876,1488,19
1122,1517,19
474,1534,19
448.67,1535.7,19
474,1540,19
913.33,1564.7,19
315,1598.5,19
732,1616,19
1154,1626,19
1156,1628,19.5
1250,1687,19
854,1699,19
471,1713,19
471,1715,19
1022.3,1727.7,19
657.5,1733,19
276.5,1879,19
1124,1902.5,19
1155.3,1925.5,19
964,1949,19
404.42,1970.8,19.5
1577.9,1988.2,19
1510,1995.5,19
1596.5,2027.5,19
990,2049,19
649,2077.5,19
636,2104,19
534,2133,19
1170,2145,19
978.67,2206.7,19
501,2207,19
571,2234,19
1531.5,2260,19
796,2307,19
951.5,2320,19
952,2322,19
1357,2327,19
296,2352,19
1187.7,2356.7,19
1202,2363.5,20
1188.5,2461,19
1156,2474,19.333
1114,2480,19
795,2543,19
907,2554,19
1568.5,2584.5,19
418,2704,19
673.5,2804,19
1562,2831,19
1562,2833,19
1027,2862,19
1217,2869,19
1478.5,2874,19
1481,2874,19
1017.6,106,20
418,138,20
1118.3,154.33,20
1264,166,20
578.5,253,20
668,264,20
1277,274,20
1034.2,325.92,20.769
1358,351,20
1360,351,20
1164,391,20
1166,391.5,20
662,393,20
768.5,446,20
1073,480,20
705.83,492,20
444,554,20
353,589,20
1318.7,607.33,20
766,622.57,20
490,637,20
1150,670,20.5
667,741,20.5
665,742.5,20
667,743,20.5
1355,745,20
680,752,20
678,752,20
549,854,20
330,856,20
549,856,20
864,873,20
866,873,20
1272,908,20.5
1320,942.5,20
432,963,20
649,1035,20
651,1035,20
446,1037,20
805,1054,20
863,1079,20
599,1086,20
1124.5,1111.5,20
441.5,1119,20
442,1121,20
367,1133.5,20
714,1180,20
795.5,1245,20
703,1247,20
576,1311,20
481,1342,20
367,1349.2,20
516.5,1375,20
1102,1439,20
990,1454.5,20
464.5,1497,20
947,1517.7,20.667
682,1529,20.5
1547,1555,20
298.67,1581,20
963,1659,20
1009,1660,20
700.67,1683.3,20.667
326,1799.3,20.333
1233,1810,20
522,1871,20
1212,1881,20
1014,1896,20
735,1919,20.5
1046,1919,20
1029,2009,20
368.33,2034.3,20
627,2129,20
1168,2147,20
620,2162,20
1049.8,2185.8,20
955,2203,20
966,2227,20
964,2229,20
966,2229,20
590.67,2231.3,20
456,2246,20
1505,2299,20
796,2311,20
703,2317,20
1489,2337.5,20
362,2354.5,20
393,2357,20
1194.5,2357.5,20
513,2377,20
518,2378,20
1402,2411,20
1402,2413,20
1268,2449,20
1468,2455,20
1158,2471.8,20
1323,2471,20
1325,2471,20
1161,2472,20
1163,2472,20
1323,2473,20
1325,2473,20
1159,2474,20
1163,2474,20
1165,2474,20
1159,2476,20
327,2491,20
327,2493,20
327,2495,20
1558,2516,20
1179.4,2573.9,20
1183,2576.5,20
541,2588,20
543,2588,20
541,2590,20
1181,2592,20
1183,2590,20
537,2593,20
539,2593,20
1183,2593,20
1185,2592,20
1185,2594,20
350,2619,20
462,2622,20
464,2622,20
715.2,2623.6,20
462,2624,20
464,2624,20
466,2624,20
455,2634,20
453,2636,20
455,2636,20
453,2638,20
455,2638,20
332,2640,20
451.82,2644.2,20
332,2642,20
1467,2658,20
1266,2685,20
406,2702,20
404,2704,20
406,2704,20
406,2706,20
408,2706,20
413.68,2712.4,20
426,2720,20
430,2722,20
700,2753,20
512,2784,20
631,2923,20
544,162,21
695,164,21
435,250,21
608,251,21
178,254,21
884,269,21
657,284.6,21
901.33,332.33,21
1044.1,336.57,21.714
560,369,21
769,377,21
688,397,21
1157.5,448.5,21
1192,463,21
737,473,21
1480,477,21
1071,482,21
1470,508,21
1341,533,21
444,556,21
355.6,590.5,21.7
1086,603,21
1319,604,21
1378,641.5,21
404,662,21
566,692,21
696,795.5,21
698,796,21
1123,818.5,21
413,841,21
1464,965,21
854,992,21
1414,1021.5,21
258,1069,21.5
321.5,1085,21
1145,1192,21
457,1215,21
703,1245,21
921,1247,21
1526,1259,21
1165,1312,21
717,1393,21
972,1414,21
353,1444,21
355,1444,21
1192,1457.5,21
914.5,1463,21
475,1470,21
1410,1549,21
594,1551,21
1235,1577,21
1009.5,1655,21
550,1657,21
740,1697,21
1301,1723,21
709,1760,21
274,1879,21
1212,1879,21
1254,1881.5,21
731,1919,21
733,1919,21.5
649.67,1933.7,21
820,2013.5,21
710,2131,21
1313,2186,21
1313,2188,21
1315,2188,21
529,2202,21
1502.5,2204,21
1415,2239,21
1329.3,2271.5,21
750,2312,21
1165.7,2333.3,21
991,2377,21
1569,2584,21
1294,2597,21.5
1536.5,2813,21
591,2962,21
1384,135,22.5
819,181,22
1405.3,227.67,22
1231.6,271.25,22
924,337,22
822,338,22
563,365,22
1310,439,22
1190,457,22
1116,462,22
680,463.5,22
678,464,22
682,464,22
678,466,22
680,466,22
682,466,22
678,468,22
680,468,22
682,468,22
1466.6,507.22,22.556
420.5,524,22
675,534,22
1323,541,22
282,567.5,22
949,581,22
506.5,592.5,22
827.67,597.67,22
1024,599,22.5
1304,622,22
635,634.5,22
1222,639,22
889,645,22
1211,651.5,22
1215.5,655,22
217,664,22
219,664,22
663,739,22
663,741,22
616.75,749.67,22
328,785,22
330,785,22
332,785,22
328,787,22
330,787,22
332,787,22
328,789,22
330,789,22
332,789,22
1012,798,22
1014,798,22
1326.7,814.57,22.571
681,849,22
425,851,22
423,851,22
421.14,856.57,22
516,932,22
907,935.5,22
909,935.5,22
911,935.5,22
1246,933,22
1248,933,22
437,935,22
395.75,948.5,22
427.67,952.67,22
427,956,22
430,956,22
721,989,22
258,1067,22
1034,1160,22
1036,1160,22
1146,1203,22
309,1397,22
309,1399,22
1188,1407,22
1022,1442,22
1427,1462,22
1429,1462,22
1431,1462.5,22
871,1464,22
871,1466,22
1394.5,1473,22
470,1494,22
956,1549.5,22
596,1551.5,22.5
980,1566,22
288,1578,22
387,1620,22
767.33,1635.7,22
548,1656,22
1052,1657,22
1293,1675,22
1293,1677,22
1296,1702,22
550.5,1703,22
709,1755,22.5
405,1790,22
882,1790,22
834,1808.5,22
869,1861,22
1110.5,1922.5,22
1200,1924,22
308,1937,22
1030,1993,22.5
1398,2089,22
528,2127,22
1474,2131.5,22
1476,2131.5,22
594,2206,22
1189,2226,22
882,2313,22
1167.5,2336.5,22
1487,2338,22
1238,2433,22
985,2485,22
1514,2545,22
1106,2771,22
1353,2779,22
1185,2883,22
1354,2889,22
1382,135,23
1057,183.5,23
1408.5,228.5,23
651,240.5,23
1350.5,247,23
1041,303,23
1188,321,23
673,378,23
1073,399.5,23
416.33,404.33,23
1451,428.5,23
1159,448.5,23
1235,468,23
1237,468.5,23
1253,532,23
1341.3,532.33,23
1031.5,582,23
682,596,23
1086,603,23
1034,638,23
657,693,23
1327,695,23
780,796,23
677,847,23
908,856,23
1063,894,23
846,896,23
332,1026,23
334,1026,23
332,1028,23
1160,1157,23
1108,1177,23
545.5,1218,23
456,1219,23
545,1220,23
572,1248.5,23
722,1247.5,23.5
1106,1298,23
524,1417.5,23
267,1422,23
1283,1450,23
452,1576,23
495,1592,23
1125,1621,23
769.12,1626.9,23
953,1644,23
1213,1660,23
940,1680,23
1315.5,1684,23
223,1835.5,23
225,1835.5,23
1252,1877.5,23
685.14,1963.9,23
456,2184,23
456,2186,23
1149,2246,23
1135,2267,23
1435,2320,23
310,2331,23
1161.8,2333.4,23
1316,2338,23
418,2419,23
1461,2518,23
1180,2544,23
538,2559,23
1155,2589,23
806,2797,23
1486,2808.5,23
1354.6,2927.6,23.5
645,2968.5,23
1074.3,169.67,24
696,172.5,24
1176.5,187.5,24.5
1456.7,240.67,24
1036.3,242.33,24
611,248,24
834.75,266,24
1252,309,24
441,348.5,24
418.33,406.33,24
539,438.5,24
643,456.5,24
1190,456,24
1164,486,24
385.4,501,24.4
1005,571,24
1020,598.5,24
1198,663,24
1235.8,695.6,24
1472,733,24
650,766,24
650,768,24
849.17,773.33,24.833
349,778,24
351,778,24
1089.2,777.5,25.167
1221,868,24
1522,889,24
1524,889,24
495,929,24
494.5,931,24
1072.5,932.13,24.733
911,936.5,24
427.5,955,24
833,971,24
970,1025,24
1336,1045,24
1117,1080.5,24
1147.5,1203,24
627,1241,24
629,1241,24
813,1289,24
753.36,1357.5,24
316,1360,24
1472,1391.5,24
551.5,1408,24
1050,1514,24
206,1518,24
1233,1579,24
321,1609,24
323,1609,24
653,1619.5,24
848.57,1620.1,24
655,1620,24
645,1641,24
944.5,1676,24
746,1700,24
746,1702,24
1155.4,1721,24
737,1776,24
930.5,1816.7,24
1013.5,1816,24
1254,1878,24
1531,1943,24
610,1960,24
1133,2138.5,24
266,2155,24
941,2254,24
1314,2304,24
1204.9,2309.1,24
1191,2386,24
1444.7,2415.7,24
1301,2465,24
560,2528,24
549.5,2617,24
1346,2618,24
595,2621,24
1364,2637,24
279,2844,24
1079,2877.5,24
1015,2943,24
591,2965,24
378,132,25
1074,172,25
1059,178,25
458.25,193,25
1033.5,237,25
349,251,25
349,253,25
236.17,271.17,25
1040.3,304.33,25
564.67,403.33,25
1171,416,25
1171,418,25
1014,463,25
758.12,485.88,25
809,486,25
1248,513,25
1042,551,25
304,580,25
418,598,25.5
420,598,25
802.5,598,25
1226,645,25
1226.5,647,25
1228,649,25
258,667,25
971,688,25
971,690,25
901,732,25
537,738,25
1201,755,25
539,763,25
877,780,25
1329,813.5,25
496.29,871,25
842,892,25
928,935,25
282,937,25
433,938,25
621,960.5,25
1209.4,970,25
1479,974,25
1479.9,984.57,25.286
1024.5,994,25
1372.5,1042.5,25
860,1073,25
792,1199,25
795.5,1199,25
793,1201.3,25
1230.5,1302,25
326,1498,25
950,1572.1,25
1530,1639,25
699,1666,25
664,1726,25
662,1733,25
418,2009,25
1007,2024,25
1363,2370.5,25
1361,2371,25
678,2436,25
680,2436,25
463,2502,25
980,2558.9,25
1242,2625.5,25
835,2631,25
535,2648.5,25
615,121,26
530,172,26
1235,206,26
1237,206,26
912,305,26
830,334,26
238,371,26
305,444,26
1314,458,26
320,467.29,26
497,497,26
304,576.5,26.5
1162,636,26
1164,636,26
1160,638,26
1162,638,26
1164,638,26
607,654,26
260,667,26
937.5,681,26
1234,692.5,26
533,738.5,26
507,743.5,26
652,768,26
216,770,26
908,792,26.5
787.33,804,26.667
156,893,26
1071,929,26
1049,1042,26.5
426,1075,26
297.5,1114.5,26
778.5,1134,26
1029,1198.5,26
393,1220,26
563,1223,26
567.5,1223,26
604.33,1242.7,26
737,1305,26
752,1356,26
1151,1379,26
1208.5,1384,26
1280,1416,26
1282,1416,26
518,1448.5,26
208,1474,26
210,1474,26
1181,1598,26
1242,1627.3,26
1329,1676,26
636,1731,26
1034.5,1742,26
1457.2,1798.2,26
1515.6,1830.1,26
251,1850,26
1537,1857,26
553,1891,26
1234,1925,26
1236,1925,26
235.5,2014.5,26.5
573,2074,26
854,2093,26
370,2173,26
477.5,2303,26
1205.5,2309,26.5
484,2322,26
256,2381,26
680,2438,26.5
1397,2438,26
307,2503,26
312,2505,26
1421,2546,26
449,2627,26
537.67,2684.7,26
1115,2722.5,26
1282,2753,26
1583.7,2789.7,26
626,2819,26
626,2821,26
571.33,186.33,27
625,229.5,27
1245.5,323.67,27.333
832,333,27
527,338,27
403,364,27
233.5,370,27
565,376,27
318,464.6,27
583.5,486,27
1309.5,503,27
472,521,27
474,521,27.5
761,535,27
740,542,27
635.5,556,27.5
1337.5,566,27
481,599,27.25
487,629,27
1036.2,636.25,27
1386,645,27.667
636.33,665.33,27
1198,667,27
501.33,742.67,27
539,758,27
539,760.5,27
541,760.5,27
483,761,27
1111.5,765,27
1118,785,27
986,787,27
1213,788,27
908,790,27
1213,790,27
906,792,27
1301,803.5,27
1477.5,819,27
166,874,27
1057.2,888,27.5
933,937.5,27
356,961,27
560,973,27
862,1071,27
862,1073,27
602,1112,27
531,1167,27
533,1167,27
522,1183,27
813,1216,27
391,1220,27
970,1267,27
837,1299.5,27.5
1069,1302.5,27
1071,1302.5,27
1346,1371,27
464,1528,27
466,1528,27
508,1608,27
1073.5,1624,27
297,1642,27
680,1654,27
700,1667.5,27
973,1805,27
932,1812,27
1225,1823,27
862,1916.5,27
1011,1931,27
983.75,2010.2,27
1005,2132.5,27
343,2217,27
345,2217,27
1090,2235,27
1222,2242.5,27
811,2269,27
1434.9,2281.8,27
385,2286,27
259,2290,27
504,2343,27
673,2431,27
905,2540,27
266,2620,27
899,2620,27
266,2622,27
933,2672,27
1254,174,28
492,210,28
1063.2,210.75,28
135,264,28
1229,272.5,28
866.86,333.29,28.571
579,348,28
552,395,28
554,395,28
838,419,28
767,434.67,28
984,434,28
321,468,28
452.33,492,28
487,500,28
819,523,28
819,525,28
1111,590,28
483,601,28
679,646,28
679,648,28
359,656,28
359,658,28
431,673,28
938,685.5,28
1180.5,692,28
775,760,28
1380.5,796,28
1093,839,28
1199,840.5,28.5
642,892,28
1482,896,28
913,933,28
1479,974,28
734,1012,28
942,1012,28
1403,1115,28
597,1182,28.5
508,1198,28
601,1214,28
1422,1334,28
729.5,1357,28
1051,1406,28
334,1429,28
334,1431,28
1461,1463,28
831,1495,28
672,1544,28
891,1560,28
410,1573,28
506,1608,28
506,1610,28
508,1610,28
1287,1628,28.667
301,1642,28
299,1644,28
301,1644,28
1307,1672,28
1062,1772,28
1225,1783,28
1223,1785,28
1225,1785,28
1322,1824,28
1324,1824,28
1324,1826,28
1218,1833,28
1539,1861,28
843,1866,28
845,1866,28
1190,1911,28
648,1917,28
1011,1939,29
1178,1941,28
1452,1952,28
331.5,2001.2,28.75
1290,2101,28
1292,2103,28
1099,2148,28
1428,2158.5,28
1172.7,2163,28
1236,2275,28
569.67,2276.3,28
385,2283.5,28.5
1190,2362,28
1061.8,2459.8,28
1224,2586,28
1111,2587,28
1183,2635,28
374,2647,28
374,2649,28
933,2670,28
1140,2672,28
538,2683,28
302,2721,28
1024,2891,28
1072.5,167.5,29
1108.5,299,29
247,327,29
581,350,29
554,393,29.5
1065,422,29
358,475.33,29.333
837.5,555,29
838,557,29
840,559,29
1255,566.5,29
840,570,29
517,598.67,29.333
515,599,29.5
855.5,641,29
1108.8,650.83,29
663,655.5,29
635.5,664.5,29
481,709,29
243,790,29
1317.8,810,29
402,818,29
404,818,29
1083.5,955,29
891,1018,29
1173,1026,29
244.5,1047,29
1213.3,1116,29
813,1215.5,29
614,1239.5,29
646,1312,29
1344.5,1369,29
1344,1371,29
1059,1383,29
1058.3,1385.3,29
1056,1386,29
986,1408,29
602,1417,29
234,1468,29
1059,1487,29
709,1493.5,29
918,1502.5,29
216.5,1549,29
217,1551,29
1270.3,1573,29
1134,1574.5,29.25
1044,1578,29
631,1653,29
772,1691,29
1219.5,1696,29
1281,1714.7,29
644,1739,29
739,1782,29
1042,1826,29
379,1893,29
379,1895,29
384,1901,29
650,1912.5,29.5
1180,1939,29
1194,1955,29.5
1194,1957,29
362,1973,29
492,1985.5,29
845,2072,29
1340,2081,29
1315,2145,29
673.5,2240,29
811,2269,29
227,2288,29
605.6,2292.2,29
1384,2294,29
936,2333.5,29
1199,2356,29
994,2367.5,29
934,2472,29
467,2617,29
469,2617,29
518,2622,29
594.71,2666,29
299.33,2724.3,29
1021,2891.8,29.25
1439,71,30
790,116,30
622.67,149.67,30
492,210,30
745.43,243.86,30
742,251,30
1161.8,262.33,30.5
344,273,30
818,318,30
648,394,30
216,455,30
487,497,30
820,522,30
932,544,30
622,572,30
1014,580,30
441,607,30
471,631,30
469,633,30
471,633,30
1112.8,650.2,30.8
953,654,30
453,658.5,30
1241.7,674.67,30
629.33,718.83,30
976,758,30
976,760,30
449.5,769.5,30
299,771,30
299,773,30
851,843,30
1323,867.5,30
612.6,906.8,30
611,910,30
788,983,30
790,983,30
1001,991.5,30
1282,1009,30
736,1014,30
520,1136,30
327,1166,30
744,1171,30
698,1213,30
553,1281,30
429,1299,30
582,1344.5,30
415,1361,30
1156,1468.5,30
882.5,1485,30
473,1487,30
1186,1551,30
672,1553,30
808,1686,30
1453,1929,30
1453,1931,30
1196,1953,30
1196,1955,30
1196,1957,30
422,1969,30
903,2031,30
903,2033,30
745,2040,30
249,2099,30
251,2099,30
1312,2108,30
1312,2110,30
1197,2133,30
760,2137,30
520,2147.5,30
537,2153,30
539,2153,30
725,2193,30
1484,2398,30
1060,2461,30
1294.8,2463,30.444
1282,2470,30
1284,2470,30
468,2474,30
1593,2638,30
1397,2664,30
261,2785,30
1153,74,31
1161,133,31
1161,135,31
617.25,151,31
853.67,164.44,31.556
693,215,31
1010,246,31
814,318,31
840,364,31
568,401,31
948,409,31
324.5,411,31
444.33,419.83,31.5
922,431,31
1435,481,31
1124,545,31
1128,547,31
1128,549,31
438,566,31
440,568,31
517,596,31
789,601,31
789,603,31
796,605,31
1361,611.5,31
663,647.5,31
980,667,31
864,693,31
405,756,31
1432,773,31
903,843,31
1323.2,864,31
1088,955,31
786,979,31
1054,998,31
1481,1005,31
1205.3,1020.1,31.429
919,1052,31
1101,1063.5,31
1103,1064,31
884,1088,31
244,1091.5,31
1006.7,1125.3,31
573,1180,31
491,1181,31
701,1211,31
789,1246,31
549,1281,31
1197,1351,31
1271,1372,31
1022,1383,31
558.5,1388.5,31
593,1396,31
1149,1446,31
1478,1487,31
489,1528,31
650,1584,31
644,1595,31
222.5,1600,31
1176,1647,31
1487,1667.5,31.5
1283,1717,31
884,1794,31
517,1813,31
846.67,1862.7,31
661,2011,31
661,2013,31
1019,2019,31.5
464,2060,31
1305,2059,31
721,2077,31
508.5,2081,31
253,2097,31
1343,2098,31
253,2099,31
321,2101.5,31
1184,2133,31
764,2141,31
520,2184,31
712,2215,31
1355,2224,31
905,2242.5,31
1474,2321,31
700.5,2366,31
1238,2377,31
1430.5,2407,31
1431,2409,31
712,2462,31
712,2464,31
870,2490.5,31
625.5,2577,31
1087,2597,31
1180.5,2632.5,31
1257,2755,31
1132,2763,31
718,2766,31
718,2768,31
432,2800,31
670,2977,31
670,2979,31
1009,92,32
851,165.5,32
746.5,243.5,32
334,244,32
1158,264,32
343.25,275.5,32
779,278,32
1001,282.29,32
470,396,32
542.75,407.5,32
1060,463,32
1062,463,32
527,473.5,32
1224,510,32
1210,515,32
793,603,32
1250.2,615.88,32
600.6,649.4,32
481,650,32
483,650,32
777,674,32
637,676,32
497,682,32
505,699,32
507,699,32
503,701,32
505,701,32
507,701,32
605,736,32
477,779,32
1414,958,32
396,964,32
591,969,32.5
587,973,32
316.5,1012,32
1236,1041,32
296,1078,32
1009,1124.5,32
1011,1125,32
458,1127,32
328,1166.5,32
492,1216,32
373,1335,32
581.67,1343.7,32
439,1356,32
415,1361,32
417,1361,32
1496,1430,32
1496,1432,32
1314.3,1652.3,32
241,1653,32
1485,1667,32
1135.5,1724,32
1136,1726,32
476,1768,32
476,1770,32
1343,1815,32
1345,1815,32
1250,1817,32
186,1826,32
1019,2017,32
716,2074,32
518,2184,32
938,2335,32
702,2369,32
720,2386.6,32.6
458.5,2519.5,32
1133,2527,32
1184,2539,32.5
1378,2603,32
801,2636,32
1113.7,2652,32
620,2729,32
1210.5,2850,32
1512,2856,32
1317.5,2946.2,32
1336,158,33
888,198,33
890,198.5,33
410,267,33
412,267,33
433,275,33
943,294,33
978,495,33
753,548.5,33
1180,548,33
1335,623,33
573,653,33
575,653,33
456,661,33
1439,662,33
1362.5,694,33
600,777,33
1170,779,33
1152,800,33
1300,809,33
682,822,33
900.5,837,33
1174,837,33
766,847,33
1323.5,863,33
1502,936,33
1504,936,33
897,978.67,33
1316,1003,33
1101,1064,33
342.5,1110,33
1022,1185,33
309.25,1221.1,34.417
811,1345.5,33
1024,1383,33
323.91,1449.7,33.455
215,1550,33
1244,1576,33
241,1651,33
589,1817,33
1503.7,1916.7,33
1282.5,1960,33
481,2076,33
263.5,2115,33
850,2174,33
850,2176,33
828.67,2199.7,33
1528,2245,33
1448.5,2292,33
1158.9,2296,33.25
835,2319,33
1158,2372,33
1445.9,2491.2,33.9
875.5,2636.2,33
1089,2686,33
1545,2698,33
1256.1,2753.9,33
370,2771,33
1139.2,2832.5,33
1095,2893,33
1145,2975,33
1160,85,34
1001.2,141,34.833
1001,283.75,34
943,287,34
674,390,34
993,415,34
821,424,34
525,474,34
259.83,517.17,34.833
663,548,34
422,550,34
661,550,34
467,554,34
1179,554.5,34
538.5,619,34
1030.5,635,34
880,666,34
638.5,676,34
329,696,34
596,777,34
683.5,850,34
912,880,34
1265,909,34
1103,919,34
1210,958,34
709,1022,34
1272.2,1054.8,34.8
1004,1352,34
761.5,1370,34
761.5,1372,34
1237,1547.5,34
1075,1655.5,34
1272,1668,34
434,1678,34
436,1678,34
902,1753.5,34
644,1800,34
852,1872,34
663,1894,34
888,1918,34
566,1931,34
1287,1931,34
1287,1933,34
540,2011,34
461.2,2060.4,34.6
262.5,2117,34
565,2231,34
1523,2310.5,34
938,2365.5,34
735,2396,34
1041,2431,34
1041,2433,34
882.75,2474,34
521,2531.5,34
855,2531,34
453,2542,34
526,2612.5,34
554.67,2693.3,34
882,2712.5,34
1139,2840,34
1076,2873.5,34
521,2922,34
534,3034.5,34
797,169,35
797,171,35
799,171,35
1121,177,35
977.25,186.5,35
1003,286,35
511,288,35
1214,334,35
1216,334,35
619,365,35
1159.3,371.89,35
812,435,35
443,499,35
443,501,35
1243,517,35
929,594,35
997.33,638.33,35
984,669,35
1250,719,35
1058,745.5,35
917,790,35
1024,855.5,35
869,909,35
272.25,961.25,35
1404,1065,35
868,1077,35
866,1079,35
868,1079,35
901,1118.4,35
156,1206,35
1037.3,1308.7,35
971,1338,35
1379,1348,35
199,1365,35
523,1429,35
1123,1434.5,35
1125,1435.2,35.6
797,1495,35
799,1495.5,35
1250,1522,35
1252,1522,35
231,1563,35
270,1580,35
269.25,1581.8,36.5
895,1582,35
960.33,1617.3,35
189,1648,35
431,1676,35
843,1678,35
994,1723,35
1022,1790,35
1024,1790,35
1223,1837,35
493.33,2081.3,35
1499,2109,35
835,2120,35
835,2122,35
1242,2173,35
833,2197.5,35
413,2199,35
510.75,2220,35
263,2247,35
782,2433,35
782,2435,35
530,2485,35
1531,2486,35
824,2512,35
1058,2516,35
1432,2526,35
442,2875,35
1097,154,36
1266.2,387,36
1264,387,36
570,453.5,36
753,461,36
648.5,525,36
1266,603,36
1031.5,608,36
897,651,36
1169,680,36
643,704,36
756,710,36
1155,718,36
136,734.5,36
840,769,36.5
848,770,36
1280.5,827.5,36
1093,833,36
719,838,36
1440,852,36
1442,852,36
856,858.5,36
852.2,860.6,36
779.33,873.67,36
550,880,36
911,880.5,36
899,929,36
1278,1015,36
1301.5,1058,36.5
1301.3,1060,36.667
1402,1060.5,36
406,1202,36
1385,1217,36
507.33,1335.7,36
1444,1419.5,36
1008,1421,36
329,1439.5,36
331,1441.5,36
572,1526,36
953,1535,36.5
955,1535,36
963.14,1582,36
960,1582.5,36
1127,1640,36
1129,1640,36
694,1757,36
1340,1827,36
218,1828,36
216,1832.5,36
1455,1869,36
569.75,1929,36.25
431,1990.5,36
415.67,2004,36.333
400,2074,36
585,2195,36
1192.5,2224,36
1210,2287.3,36.333
1408,2334.3,36.667
1412,2335,36
389.5,2346,36
1540,2534,36
740,2602,36
524,2614,36
893,2643,36
330,2650,36
618,2866,36
484,2925,36
1342,193,37
213,269,37
587,287,37
589,287,37
751,299,37
829,356.78,37
1202,385,37
618,424,37
619,429,37
262,518,37
857.67,547.67,37
723,548,37
724,560,37
798,571,37
1083,571.5,37
1309,591,37
665,600.5,37
663,601,37
502,646,37
1187,669,37
1028,858,37
855.5,870,37
264.33,887.67,37
265.5,892,37
288,900,37
278,923,37
896.5,932,37
1053,989,37
848,1000,37
477,1036,37
747,1045,37
930,1068,37
1203,1086,37
1205,1086.5,37
529,1209,37
417,1302,37.5
419,1302,37
1417,1317,37
511,1332.3,37.333
389,1377,37
387,1377,37
758,1387,37
1058.3,1391.3,37
1003.3,1423.3,37
1379,1479,37
1379,1481,37
1178.7,1522.3,37
961.5,1577,37
272,1584,37
843,1678,37
664,1689,37
1004,1776,37
205,1932,37
285,2012.5,37
491.5,2149,37
963,2255,37
1522,2311,37
1309,2334,37
1311,2334,37
1410,2334.5,37
386,2370,37
1545,2432,37.5
1197,2463.5,37
1534,2484,37
247,2777,37
1096,2817,37
605,2823.5,37
790,2840,37
944.67,2845,37
729,348,38
1351,357,38
1283,365,38
930,375,38
716,398.5,38
429,497,38
585,509,38
828,520,38
454,558.5,38
1366.4,590.2,38
1310.7,593,38.333
1261,615,38
696.5,658,38
746.5,671,38
1071,723,38
1169.3,733.11,38
1107,745,38
1109,745,38
1010,797.5,38
859,815,38
869.5,817,38
1078,849,38.75
268,854,38
1466,873,38
550,880,38
303,969,38
303,971,38
1299.5,975,38
1447.5,1000.2,38
1139,1013,38
455,1039,38
455,1041,38
761,1257,38
1327,1293,38
920.67,1526,38
559,1551,38
1021,1597,38
238,1756,38
1343,1827,38
389,1907,38
567.5,1931,38
1040,1935,38
1042,1935,38
448,2068,38
398.4,2074.8,38
144.67,2158.7,38
713,2252,38
1321,2349,38
1317,2352,38
1094,2483,38
744.75,2605,38
988,2632,38
1604,2864,38
883,160,39
1189,167,39
1191,167,39
1193,167,39
601,190,39
934.5,218,39
837,292.67,39
720,311.5,39
1061,352,39
1063,352,39
163,366,39
1284,370,39
1402,401,39
1195,421,39
1283.8,441.83,39
1161,446,39
1163,446,39
863,483.5,39
600,504,39
688,508,39
1047.2,541.17,39
345,585,39
1311,591,39
964,596,39
504,634,39
1261.3,657.33,39
159.5,688,39
480,735,39
673,810,39
1052,819.5,39
780,856,39
305,861,39
351,862,39
263.83,888.83,39
431.5,935.75,39
1202,1178,39.333
323.8,1200.1,39.055
315,1203.5,39
317,1203.5,39
295,1202,39
297,1202,39
303,1206,39
626,1227,39
625.5,1229,39
1106,1308,39
1106,1310,39
455,1342.5,39
475,1418,39
1003,1419,39
485,1422,39.333
322,1438,39
322,1440,39
967,1446.5,39
1369,1494,39
1233,1574,39
510,1579,39
1517,1647,39
600,1767,39
251,1821,39
866,1996,39
1103,2811,39
1077,184,40
738,220,40
497,246,40
1090,268,40
523,282,40
525,282,40
717,329,40
717,331,40
1061,350,40
1063,350,40
330,413,40
552,425,40
444,484.5,40
668,554,40
313,570,40
929.5,574.5,40
576,607,40
1131,638,40
1011.7,663.67,40
1407,735,40
243,782,40
676,815,40.5
1077,845,40
288,897,40
717,914,40
895,1004,40
806.5,1032,40.5
1092,1042.5,40
818,1073,40
1119,1152.5,40
880.93,1181,40.071
872,1183,40
872,1185,40
877.67,1191.4,40
872,1187,40
881,1188,40
881,1190,40
889,1192.5,40
891,1192.5,40
893,1192.5,40
894,1200,40
896,1200,40
898,1200,40
884.34,1206.3,40
894,1202,40
896,1202,40
898,1202,40
895,1204.6,40
869.33,1208.7,40
540,1218,40
875.5,1224,40
877,1226.7,40
881,1227,40
876,1228,40
521,1243,40
1387,1360,40
1193,1394,40
1037,1545,40.5
1022.5,1600.5,40
1124,1606,40
1124,1608,40
1092,1610,40
1094,1610,40
1094,1612,40
1094,1614,40
1113,1616,40
1115,1615.5,40
1117,1615,40
765,1617,40
767,1617,40
770.5,1622,40
770.5,1624,40
770.5,1626,40
1049,1626,40
1051,1626,40
1051,1628,40
771.86,1632.4,40
1176.6,1634,40.118
1205.6,1637.3,40
1211,1637,40
1213,1637,40
1177.5,1640.5,40
1180,1640,40
1182,1640,40
1180,1642,40
1182,1642,40
1181.6,1644.6,40
996.32,1649.5,40
983.5,1648,40
1001,1649,40
1003,1649,40
541.33,1658.7,40
927,1663,40
927,1665,40
776,1674.5,40
820,1680,40
826,1686,40
729,1696,40
470,2182,40
350,2923,40
350,2925,40
327,3000.2,40.4
329,3001,40
597.5,262.5,41
752,285,41
1382,482,41
727.33,492.33,41
151,500.5,41
1110,520,41
104,554.5,41
1177.5,648,41
760.17,714.83,41
668.5,763.5,41
1352,768,41
1354,768,41
347,862,41
922,913,41
325,995.5,41
803,1000,41
757,1015,41
961.5,1046.5,41
497,1082.5,41
688,1130,41
1147,1177,41
1419,1312.5,41
267,1426,41
600,1540,41
600,1542,41
1032,1545,41
608,1547,41
610,1547,41
491,1560.3,41
873.5,1583,41
1117,1618.5,41
1140,1637,41
831,1683.5,41
725.67,1684.3,41
