125,703.17,1.3333
138,741,1
164,1380,1
200,1082,1
204,999,1
234.71,614.29,1.8571
244,1419.8,1.25
310,670,1
365,1854,1
391,540.67,1
397,953,1
473,1065,1
508,499,1.5
508,501,1.5
573,1008,1
573,1010,1
606,513,1
616,1087,1
629,1561,1
680,1182,1
700.6,1349,1
703,1349,1
712,866.33,1
716,1509,1
740,1478,1.5
740,1480,1.5
774,1144.5,1.5455
775.5,1141,1
793.5,1643.5,1
806.5,1279,1
867,1157,1
869,1152.5,1
869,1155,1
876.5,1166.5,1.5
889,1329,1
892.25,1389.8,2.5833
910,1300,1
960,1369,1
960.5,1371,1
968,688.5,1
977,723,1
978,725,1
985.5,1361,1
1050.6,1637.3,1.75
1063,1405,1
1073,693,1
1080,1125,1
1080,1127,1
1086,1038,1
1088,1032,1
1101.7,1668.3,2
1104,1214.5,1
1121,1288,1
1123,1288,1
1125,1288,1
1154,1700,1.6
1155,1696,1
1155.3,1698,1.6667
1163,1255,1
1182.5,1266,1
1288,1142.5,1
1302,586,1
1304,586,1
1312.5,1192,1
1349,908,1
1373,1073,1
1417,949.5,1
1422,1079,1
1472,1054,1
1516.3,1630.6,2.2857
1541,1697,1
1543,1696.5,1
1545,1597,1
1545,1696.5,1
1588,847,1
1603,1319,1
1610,779,1
1615,878,1
1662,936,1
1662,938,1
1686,1330,1
1718,638,1
1818.5,1615.6,1
1823,1400,1
1826,372,1
1829.5,1597,1.0625
1830,370,1
1833,1595,1
1851.5,1635,1
1852,1633,1
1864,1474,1
1864,1476,1
1880,1515,1
1902,483,1
1904,484,1
1956,659,1
1958,659.5,1
1962,476,1
2075,402,1.5
2077,402,1
2094,1289,1
2129,608,1.3333
2278.5,366.5,1
2278.3,376.67,1
2341,1247.5,1
2343,1247.5,1
2368,174,1
2372,172,1
2397.5,646.62,1
2493,581,1
2498,987,1
2532,592,1
2540,1384,1
2540,1386,1
2579,606,1
2590,742,1
2592,744,1
2594.3,742.33,1
2602,1515,1
2640,486,1
2640,1227,1
2683,1419.7,1.3333
2754,843,1
2754,845,1
2886.5,680.5,1
2906,807,1
2906.3,1001.7,1
2907,1004,1
2907,1006,1
2940,1471,1
2942,1471,1
2944,1471,1
2986,1424,1
121,703.5,2
123,704,2
199,1829.5,2
206.5,999,2
220,1537,2
246,1421,2
286,808,2
286,1026,2.5
288,808,2
296,551,2
306.67,1018.7,2
307,1353,2.5
327,583.5,2
382,552,2
382.5,1038,2
382.33,1134,2.3333
384,1505,2
393,538,2
395,538,2
414,1495,2
441,772,2
453,1521,2.5
453,1523,2
466,840.67,2.6667
469,680,2
469,682,2
472.86,736.14,2
503,1004,2
509,555,2
510,499,2
510,501,2
565,785,2
569,570,2
571,1012,2
588,727,2
590,727,2
625,644,2
625,1562,2
626.33,1014.7,2
635,1333,2
674,1374.5,2
680,837,2
684.5,1087.5,2.25
703,1277,2.25
703.5,1279,2
778.5,1143,2
888.33,1386.5,2
953,818,2
1007.5,812.5,2
1025,1024,2
1027,1024,2
1060,438,2
1060,440,2
1060,1005,2
1062,438,2
1062,440,2
1064,438,2
1064,440,2
1090.5,1033,2
1154,480,2
1171.5,1622,2
1189.4,388,2.5556
1196,922,2
1257.4,1350.8,2.4286
1310,1164,2
1310,1166,2
1311,1162,2
1396,645,2
1398,645,2
1411.5,951,2
1501,1208,2.5
1543,1698.9,2.8571
1585,945,2
1666.5,438,2
1697,1618,2
1697,1620,2
1767.8,1302.5,2.1667
1824,1326,2
1826,1326,2
1828,370,2
1866,1472,2
1974,656,2
2075,404,2
2167,1541,2
2245.3,1290.3,2
2247,1062,2
2354.7,238.33,2
2383,714,2
2393,459,2
2400,1016,2
2413,1044,2
2431,1123,2
2444,943,2
2518,976,2
2583,1184,2
2618.2,886.92,2.6154
2654.5,938,2
2654,940,2
2732,1058.5,2
2825,1030,2
2835,1287,2
2883,510,2
183,646,3
224,547.5,3
246,999,3
284,1026,3
286,1024,3
288,973.5,3.5
310,819.5,3
312,819,3
391,1534,3
413.5,468,3
574,768,3
659.5,1468,3
674.5,1429,3
674.5,1431,3
675.5,1433,3
694,939,3
696,937,3
696,939,3
696,941,3
703,1275,3
751,906,3
758,1323,3.5
817.83,752.5,3.5
888,658,3
897,1072,3
899,1072,3
899,1074,3
906,1352,3
908,1298.5,3
946.89,1495.2,4.5263
970,1328,3
992,1326.5,3
1014.5,1318,3
1087.4,1031.6,3.8
1090.5,435,3
1113.5,830,3
1140,1671,3
1140,1673,3
1142,1671,3
1142,1673,3
1156.5,395,3
1196,494,3
1219,470,3
1221,470,3
1221,472,3
1224,774,3
1229.5,687,3
1263,666,3
1274,1349,3
1284,1142,3
1318,1195,3
1318,1197,3
1320,1195,3
1320,1197,3
1334,771,3
1344,952,3
1349.5,1594,3.5
1364,710,3
1383,477,3
1415,1320,3
1416.6,947.8,3
1426,1532,3
1426,1534,3
1428,1532,3
1428,1534,3
1428,1536,3
1430,1534,3
1430,1536,3
1467,418.5,3
1468,1054,3
1480,516,3
1495.5,1019,3
1522.7,1629.3,3
1541,1700,3
1545,1698.5,3
1605,1609,3
1605,1611,3
1609,929,3
1610,1612,3
1662,963,3
1666,704,3
1729,918,3
1800,1363,3
1827.8,1622.7,4.2895
1861.6,1518.8,3
1879.5,1515,3
1932,770,3
1953.7,1001.3,3
1976,658,3
1999.8,778.25,3
2107,614,3
2143,895.5,3
2147,723,3
2209,750,3
2343,926,3
2631.3,470.67,3
2647,490.17,3
2733,1418,3
2736,1059.5,3
2735,1418,3
2840,817,3
2840,819,3
2843.5,892,3
2944,1472.5,3
2963.7,810.33,3
2980,1448,3
2980,1450,3
254,646,4
257.33,573.33,4
269,1000,4
271,968,4
271,970,4
272,1724,4
274,1726,4
313,1517,4
409,820.5,4
413,828,4
413,830,4
415,830,4
433,724.5,4
532,1212,4
532,1214,4.5
599,733,4
628,1012,4
714,1077,4
714.5,1079,4
725,1148,4.5
725,1150,4.5
727,1146,4.5
727,1148,4.5
727,1150,4.5
729,1146,4.5
729,1148,4.5
729,1150,4.5
747.25,906.25,4
758,1325,4
874,427,4
877,1165,4
918.5,1281,4
959,1597.5,4
1065,1583,4
1104,578,4
1223,426,4
1272,1349,4
1339,838,4
1374,650,4
1374,652,4
1398,644.5,4
1431,731,4
1431,733,4
1441.3,565.67,4
1471.7,447.33,4
1516,882,4
1518,382,4
1583,945,4
1594.9,622.25,4.5
1667,920,4
1701,1168,4
1753,819,4
1754,929.5,4
1800,1365,4
1829,1601.8,4.75
1831,1601,4.625
1837,692,4
2001.3,780.33,4
2003,1454,4
2009,1455,4
2021,375,4
2022,373,4
2122,616,4
2170,792,4
2225,327.5,4
2378,618,4
2431.9,1116.7,4
2561.5,380,4
2627.5,469,4
2628,467,4
2652,571,4
2685,859,4
2867,686,4
180,1032,5
261,796,5
274,631,5
307,914,5
338,1423.5,5
351.25,808.75,5
390,1822,5
390,1824,5
418.17,1448.2,5
427,741,5
434.75,922,5
445,793,5
479.6,734,5
491,1713,5
532,1216,5
565,885,5
570,1637,5
620,866,5
704,922,5
706,922,5
725,1146,5
744.87,1376.9,5.6667
811,715,5
813,713,5
813,715,5
820,481.25,5
832,837,5
855,686,5
883.5,1205,5
901,841,5
919,1348,5
920,1372,5
922,1372,5
936,453.5,5
942,1761.5,5
995,1450.7,5.6667
1022,1246,5
1025.3,1242.3,5
1038.5,1356,5
1066,940,5
1078,992,5
1198,1341,5
1199,1210,5
1200,1341,5
1224,424,5
1236,923,5
1243,1128.5,5
1281.5,669,5
1295,1467.5,5
1441,760,5
1517.2,379.17,5
1523,1341,5
1575,1028,5
1577,1027.5,5
1598,451,5
1607,399,5
1638,1286,5
1638,1288,5
1645.5,1287,5
1658,1580,5
1658,1582,5
1660,1582,5
1706,914.5,5
1708,914.5,5
1729,779.5,5
1751,715,5
1751.5,713,5
1833.2,1619.1,5
1833,1600,5
1836,1617.5,5
1836,1621.5,5
1859,503,5
1863.5,1197,5
1864,1195,5
1918,1162,5
1918.5,1571,5
1920,878,5
1920,1162,5.5
1924,1573.3,5
1929.5,1575.5,5
1930,1010,5
1947.5,1065,5
2034,1466,5
2036,1468,5
2174,337.5,5.1667
2258,1386,5
2260,1386,5
2373,467,5
2525,836,5
2601.5,1303,5
2608.5,356,5
2631,868,5
2633,866,5
2633,868,5
2633,870,5
2909,841,5
2911.9,1241.6,5.25
2913,1245,5
2932,1175,5
3006,788.5,5
172.4,929.8,6
214,557,6
218,1589.5,6
220,1590,6
233.5,1015,6
286.33,970.67,6
302.5,502,6
302,504.25,6.5
306,1691.5,6
331,707,6
349,1580,6
349,1582,6
371,678.5,6.5
394,1405,6.5
399.17,1142.2,6
410,1144.5,6
412,1145,6
435.5,661,6
465,838,6
476.5,1442,6
508.57,1009.9,6
585,1096,6
585,1098,6
625,1315,6
634.67,498.33,6
672,613,6
672,615,6
682.75,479.25,6
691,1218,6
691,1220,6
735,1319.5,6
741,1398.5,6
751,986,6
787.2,1175.4,6
790.5,609,6
804.33,1449.7,6
814,1676,6
821.5,776,6
822.5,778,6
830,1118,6
830,1120,6
882,986,6
882,988,6
918.5,370,6
923,373,6
950,999,6
991,1451,6
993,1451,6
1047,1372,6
1054,742,6
1059,1355,6
1060.5,1664,6
1062,1666,6
1082,992,6
1128.5,800,6
1143,1618,6
1184,740,6
1199,1212,6
1201,1212,6
1218,1029,6
1312.4,1086,6.6
1383.9,1054.1,6
1384,1048.5,6
1397.6,1535.8,7.4878
1405,500,6
1483.3,415,6.3333
1499,694.75,6
1522,1575,6
1591,660,6
1619,1558,6
1642.5,1373,6
1672,1009,6
1707.2,791,6.6
1707.7,789,6.6667
1768,522,6
1809.5,1383.5,6
1819,586,6
1819,588,6
1828,1268,6
1828,1270,6
1839,1621,6
1848,1555,6
1874,751,6
1894.7,1115.7,6.6667
1904,560,6
1906,560,6
1947.5,1534.7,6.6667
1976,303,6
1978,303,6
2004,853,6
2035.7,724.67,6
2076,454,6
2132,1022,6
2192,1290,6
2235,531,6
2260.7,481.33,6
2268.5,427,6
2278.2,1256.8,6
2330.3,1138.3,6
2503.2,272.2,6.2
2541,1061,6
2553.5,1101,6
2605.5,681.17,6.6667
2607,1121,6
2631.7,915.2,6
2685,950,6
2710.5,1163.5,6
2737.7,166.67,6
2947.5,735,6
111,1012.5,7
221,588,7
221,1283,7
236,693,7
270.5,987,7
271,967,7
316.15,910.15,7.8462
341,925,7
354.5,880,7
369,461,7
371,676,7
423,1186,8
440,664,7
462,797.75,7
469,1308,7.5
521,1189.5,7
527,1548,7
640.5,1765,7
673,884,7
705.6,919.2,7
705,1532.5,7
757,487,7
764.57,1401.4,7
869,431,7
869.5,433,7
907.5,1305,7
923,1369,7
932,453,7
934,453,7
961,1441,7
1045.5,992,7
1057,935,7
1078,992,7
1080,992,7
1144,1218,7
1172,1662,7
1174,788,7
1191,1132,7
1191,1134,7
1193,1134,7
1285,1054,7.5
1313,1084,7
1335.5,759.5,7
1397,1511,7
1433,457,7
1433,708,7
1442,954,7
1445,575,7
1445,577,7.5
1449.7,828.33,7
1458,1208,7
1458,1210,7
1473,1264,7
1473,1266,7
1475,1266,7
1493,489,7
1498.9,1556.1,7
1499,619,7
1503,1558.5,7
1503,743,7
1671,853,7
1671.8,1011,7.5
1698.5,1616,7
1708,894,7
1717,924,7
1724,475,7
1750.7,1420.1,7.2222
1767.6,935,7
1827.2,1624.2,7
1827,1613,7
1827,1615,7
1830.2,1619.8,7.25
1830,1624,7
1836,710,7
1838,710,7.5
1853,1241.5,7
1875,1263.5,7
1900.2,1296.6,7
2021,1062,7
2021,1064,7
2035.3,1469.7,7
2063.8,1085.5,7
2069.2,614.9,7.4
2114.5,418,7
2116,937,7
2118,934,7
2180,965,7
2258,407,7
2338,1072,7
2354,473,7
2389.5,1285,7
2406,753,7
2426,399,7
2438.3,1309,7.3333
2443,590,7
2445,590,7.5
2473,1360,7
2478,1429,7
2478,1431,7
2604.2,339.77,7.7692
2707,1166,7
2724,1110.5,7
2762.5,373.43,7.2857
2807,1015.5,7
179.29,678,8
178.5,801,8
224.5,592.5,8
234,695,8
248,1601,8
276,701,8
310.5,909.5,8
310,1693.5,8
329,520,8
331,1310.5,8
344,1287,8
383.5,1049.5,8
416,923,8
421,1186,8
458.5,795.67,8
461.5,1736,8
491.14,844.57,8
498,501.5,8
525,1359,8
529.25,1180.8,8
530.38,1230.8,8.5
532,851,8
550.5,1128,8
559,1469,8
561,1469,8
576,632,8
579.33,1415.7,8
617,455.5,8
635,495,8
635,497,8
639,1643,8
665.5,1619,8
668,615,8
683.25,477.5,8
693,1661,8
695,420,8
748,529.5,8.5
868,1141,8
920.1,371.4,8.4
981.5,1319.5,8
992,1170,8
1003,514,8
1026,1664,8.5
1044.5,1448,8
1128.5,1248.5,8
1157,1256,8
1159,1255,8
1183,1273,8
1227.5,510.5,8
1239,395.5,8
1266,577,8
1283,1054,8
1336.4,763.11,8
1339,1269,8
1350,1161,8
1380,645,8
1390,1032,8.5
1391.8,432.83,8
1418,1110,8
1447,545.5,8
1475,379,8
1480,1461,8
1487.6,1471.2,8
1562,1275,8
1586.5,1340,8
1597,1624,8
1597,1626,8
1607,558,8
1629,652,8
1671.5,1009,8
1692.8,1290.8,8
1719,924,8
1773,804,8
1776.5,781.5,8
1786,876,8
1810,958,8
1824,578.5,8
1826,459,8
1847,1220,8
1866,1331,8
1872,1394.5,8
1899.5,1294,8
1975,753,8
1979,791,8
2009,1391,8
2021.5,1060,8
2082,1205,8
2110.5,422,8
2174,527,8
2280,481,8
2352.4,711.8,8
2468,1133,8
2485.5,575,8
2515,901,8
2521,1405,8
2521,1407,8
2553.6,1101.2,8
2668,616.5,8
2768,1230,8
2900,1149,8
42,507,9
42,509,9
81,649,9
147,558,9
147,560,9
154,478,9
196,1118,9
219,1497,9
220,1499,9
301,506,9
312,903,9
334,1638,9
335,708,9
335,710,9
343,1321,9
346,1646,9
382,482,9
410,1452.8,9
423,1184,9
425.5,757,9
439.33,587.67,9
469,1718,9
499,570.5,9
510,929,9
510,931,9
512,929,9
512,931,9
532,1150.5,9
539,1731.5,9
578,634,9.5
629,1553,9
631,1553,9
668,1209,9
668,1211,9
677,1012.5,9
695,1661,9
702.5,900,9
782.5,865,9
786.5,839,9
807,1213.5,9
807,1298,9
807,1300.5,9
834,1714,9.6667
847,891,9
858,1323,9
857.4,1325,10
860,1325,9
934.25,1262.8,9
952,1596,9
1007.5,630,9
1010.7,1556.3,9
1042,990,9
1067,1326,9
1077,962,9
1120,1148,9.5
1122,1148,9.5
1226.5,1310,9
1226.5,1312,9
1268,573,9
1268,575,9
1269,1184,9
1357,538,9
1369,1424,9
1382,949,9
1382,951,9
1396.5,664,9
1397,1512,9
1407,848,9
1474,445,9
1476,445,9
1478,445,9
1487.5,591,9
1495.7,857.33,9
1502,550,9
1503,584,9
1571,1554,9
1571,1556,9
1586,1266,9
1590.7,986.67,9
1594,730,9
1620,1261,9
1629,784,9
1629,786,9
1693,621,9
1695,619,9
1782,1420,9
1782.5,1416,9
1782.5,1418,9
1814,1254,9.5
1816,1254,9
1816,1256,9
2006,1387,9
2021,1064,9
2022,1541,9
2024,1541,9
2056,1378,9
2080,1175,9
2123,590,9
2504.5,986.5,9
2523.5,554,9
2656,597,9
2696,1419,9
3052.5,1328.8,9
3055,1316.2,9
181,1136,10
198,1116,10
217,1509,10
251,954,10
270,634.5,10
277,1019,10
279,695,10
299,506,10
302,713,10
326.4,822,10
353,1277,10
355,1277,10
355,1279,10
359,480,10
359,482,10
369,1003,10
400,1586,10
407,867.5,10.5
420,1224,10
432,825,10
432,827,10
450,1355,10
495,861.5,10.75
530,1694,10
540,535,10
549,1706.5,10
590,1336,10
592,436,10
618,455,10
620,454.5,10
634,597,10
646,1085,10
670,1211,10
672,992,10
676.57,1008.3,10
683,1293,10
685,1293,10
721,521,10
721.5,949,10
737,1206,10
739,1206,10
751,1361,10
754,1632,10
754,1634,10
766,1592,10
811.5,848.5,10
844,1117,10
877.17,1305.8,10
904,1307,10
930.67,1262.7,10
945,1492,10
975.5,1094.5,10
977,1306,10
1014,1633,10
1016,1014,10
1026,817,10
1026,819,10.5
1110,1435,10
1113,1666,10
1115,1665,10
1115,1667,10.5
1124,1628,10
1126,1630,10
1171,1659,10
1283,1544,10
1303,1060,10
1303,1062,10
1336,989,10
1338.5,885,10
1347.5,1581,10
1347.5,1583,10
1353.3,1231.3,10
1377.5,1011,10
1381,1054,10
1381,1056,10
1469,519,10
1473,462,10
1485,956,10
1517.7,1653.7,10
1538.9,1310.3,10
1584,1243,10
1586,1243,10
1637,1290,10
1683,1373.8,10.6
1724.7,1340.7,10
1740,850,10
1769,748,10
1791.8,1297.8,10.4
1827.6,1050.2,10
1851,655,10
1858.5,1156,10
1951,1080,10
1983,1077,10
1983,1079,10
1985,1077,10
2006.5,559,10
2012,1518,10
2037,841,10
2038.7,1066.7,10
2092,1181,10
2110,1516,10
2112,1516,10
2177,1189,10
2177,1191,10
2240,1328,10
2240,1330,10
2243,1376,10
2246.3,1147.3,10
2265.7,593.33,10
2323.5,1455,10
2365,720,10
2381,1031,10
2564.5,446,10
2565,444,10
2578,368.2,10.8
2583,1435,10
2585,1222,10
2597,597,10
2627,479,10
2714.5,1441,10
2720,1342,10
2798.8,1223,10.8
2929,437,10
3055,1328,10
182,1145,11
272,631.5,11
278.67,1194,11
304.5,1264.5,11
373,1499,11
383,487.75,11
406,611,11
409,868,11
413.1,1450.2,11.4
469,1714,11
476,1285,11.5
493,481,11
495,1670,11.5
534,1734,11
568,479,11
635.4,1302.8,11
735,1243,11
753,1645,11
853.5,872,11
898,1569,11
900,1569,11
926,993,11
928,993,11
944.33,795,11.333
964,1219.3,11.333
966,1219.3,11.333
972,449,11
973,1383,11
993,1675,11
1011.5,1016,11
1080,1470.8,11
1175,685,11
1222,718,11
1300,1080,11
1313,1293,11
1370.5,1325,11
1370,1327,11
1391,806,11
1471,681,11
1487,1051,11
1489,1051,11
1503.4,1240.6,11
1511,1645.5,11.333
1513,1653,11
1514.5,1658.5,11
1515,1653.5,11
1517,1659.5,11
1519,1660,11
1527,1484,11
1577,1596.5,11
1579,1596,11
1653,1232,11
1731,1518,11
1731,1520,11
1758,1231,11
1760.5,1229,11
1760,1231,11
1817.5,1492,11
1913,578,11
1915,578,11
1917,578,11
1976.2,656.25,11
2009,396,11.5
2022,228.4,11
2051.5,821,11
2226,816,11
2253,1142,11.5
2270,828,11
2312,944,11
2322.5,1273,11
2322,1275,11
2332,1131,11
2369.5,1269.9,11.7
2375,1088,11
2392.6,1046.6,12.091
2402,990,11
2409,581,11
2419,605,11.5
2580,368,11
2586,920.75,11
2702.8,832.75,11
2731.3,529.33,11
2732,404,11
2787,827,11
2789,827,11
2811,1026,11
2948,567,11
2950,567,11
205,1279,12
290.75,1699,12
314,958,12
349,1521,12
355,1279,12
365,1454,12
395,501,12
401,998.5,12
414,1148,12
452.33,879.33,12
499,1694,12
529,1184.8,12
540,533,12
553,1458,12
578,1107,12
617,856,12
617,858,12
631,1154,12
653,1023.5,12
661,1179,12
663,1179,12
709,1526.5,12
726,1490,12
728,1490,12
785,537,12
795,482.5,12
797,481.5,12
803,805,12
817,513,12
823,403,12
945,993,12
947,1499,12
966,1346,12
972,1187,12
979,1310,12
1069,1016,12
1089,1261,12
1107.8,1436.6,12
1109,749,12
1158,426,12
1159,424,12
1189,1229.5,12
1228.3,1318.7,12
1232,1233,12
1277,535.5,12
1374,1331.5,12
1397,761,12
1404.5,575,12
1423.5,1285,12
1451,1357,12
1513,1645,12
1519,1647,12
1644.5,596,12
1644.5,598,12
1645,1038,12
1683,1400.5,12
1691,1225,12
1710.5,1562,12
1711,1564,12
1810,942.5,12
1839.5,618,12
1850.5,592,12
1851,594,12
1856.8,853.5,12.25
1913,1233,12
1913,1235,12
1913,1237,12
1918.8,1105,12.75
1929,1362,12
1952,1080,12
1952,1082,12
2116,1078.5,12
2212.5,503,12
2215,501,12.5
2253,1144,12
2345,1342,12
2346,1359,12.5
2399.5,809.12,12
2425,1124,12
2447.8,1025.8,12
2554,869,12
2629.2,943.25,12
2704.5,830,12
2810,1181,12
2838.5,805,12
2840,932,12.5
2862,1379,12
2887,1270,12
191.5,701,13
224,1422,13
226,1422.5,13
322,1169,13
322,1171,13
327.5,820,13
435.8,1362.4,13.2
437,990,13
443,1624,13
455.6,1451.6,13
478,1189,13
498.67,950.67,13
509,1015,13
519.5,1036,13
615,1753,13
661,977,13
666.25,1163.8,13.5
749,1408,13
758.5,846,13
787,1641,13
789.33,1367.7,13
848,1241,13
873,1142,13
905,1089.5,13.167
958,1060,13
970.79,478.57,13.357
1092.7,1643.7,13
1102,426,13
1170,687,13
1172,687,13
1174,687,13
1174.5,689,13
1216,1395,13
1250,1145,13
1252,1147,13
1287,536,13.5
1289,1352,13
1304,1357,13
1337.6,1432.3,13
1360,641,13
1379,1464,13
1392.7,801.33,13
1396,1271,13
1455,1254,13
1455,1258,13
1498,1006,13
1510,766,13.5
1598.5,685,13
1646,1391,13
1647,1062,13.5
1669,1023,13
1673.3,1420.6,13
1721,813,13
1743,815,13
1743,817,13
1743,819,13
1756,1237,13
1789,661,13
1829,818,13
1830,536,13
1858,837.75,13
1861.7,837.67,13
1913,1010,13.5
1920,1067,13
1938,723,13
1954.5,682,13
2007,1458,13
2036,886,13
2045.7,1191.3,13
2070.2,1210,13
2083.5,331,13
2165.3,300,13
2211,1459,13
2344,1153,13
2351.5,491.5,13
2425,1095,13
2441.5,1181,13
2468,567,13
2487.1,726,13.286
2524,992,13
2573.6,1249.8,13
2588.5,728,13
2622,185,13
2653.5,1414,13
2656,1418,13
2737.5,1063,13
2770,736,13
2799,401,13
2801,474,13
2898,1234,13
2900,576,13
2900,1236,13
120,866,14.5
195,699.25,14
205,1341,14
233,1003,14
282,1281,14
282,1283,14
320.5,749.5,14
390,1080,14
398,956,14
400,956,14
430.5,710,14
462.5,535,14
503,1571,14
524.57,1036.3,14.286
550,830,14
597,1360,14
617,629,14
619,629,14.5
645,485,14
655,1121,14
659,1235,14
671.33,1280.7,14
678.5,586,14
686,1494,14
726,717,14
760,1182,14
760.5,1184,14.5
765.75,1600,14.5
789,875,14
791,875,14
881.67,1461.3,14
915,806,14
920,1346,14
923,990,14
975,1109,14
975,1111,14
1009,507,14
1029.5,639,14
1065.5,1603,14
1141.1,1222.9,15.75
1150,1250,14
1167,1035,14.5
1199,732,14
1200,830,14
1202,830,14
1232,867,14
1290,781,14
1290,783,14
1344.3,635.67,14
1390.5,1353.5,14
1398,698,14
1438,403,14
1486,1417.5,14
1498,1004,14
1524.5,444,14
1536,1545,14
1536,1547,14
1555,1123,14
1622,917,14
1710,1566,14
1712,1566,14
1732,774,14
1732,776,14
1815,1373,14
1827,669,14
1827,671,14
1849,1211,14
1894,794,14
1913,1008,14
1915,1010,14
1917,887,14
1919,887,14
1929,1190,14
1977.7,623.33,14
2010,412,14
2018,284,14
2148,517,14
2249.5,497.5,14
2333.5,315,14
2366,412,14
2386,806,14
2405.9,735.44,14.556
2487.6,855.29,14.643
2557,1100,14
2888,817,14
2996,923,14
2996,925,14
373,1602,15
410,1719,15
412,1719,15
431,708,15
438,1152,15
449,1625,15
449,1627,15
478,1063,15
511,1558,15
522,1392,15
561,1244,15
563,1244,15
610,1715.5,15
612.25,1303,15
621,625,15
662,470,15
706,1404,15
716.5,1256,15
735,1395.2,15
737,1390,15
805,954,15
828,1155,15
918.5,1192,15
923.17,1545.8,15
968,1444,15
968,1446,15
975.2,719.5,15
1082.4,959,15.4
1089.2,1644,15
1095.5,1635.4,16.571
1103,1389,15
1103,1391,15
1105,1391,15
1247,626,15
1251,438,15
1256,437,15
1323.5,1343,15
1363,1456.8,15
1410.5,378,15
1410.5,380,15
1430,890.5,15
1445,1073,15
1573.5,727,15
1647,1394,15
1660,646,15
1683,1400,15
1708.5,772.5,15
1825,1205,15
1837.5,987,15
1846.5,1336,15
1913,1013,15
1965,684,15
1987,991,15
1987,993,15
2022.7,483.67,15
2033,1393,15
2047,256,15
2136,1127,15
2138,1127,15
2215,484.5,15
2400,813,15
2405.3,678.33,15
2422.5,319,15.5
2472,431,15
2529.5,1220,15
2529.5,1222,15
2555,1100,15
2558,1189,15
2641,172,15
2641,174,15
2641,176,15
2739,1061,15
2765.4,1472.6,15.429
2861,1238,15
2861.2,1240,15.667
2942,1147,15
2942,1149,15
2942,1151,15
3025,1294,15
3043,1298,15
3045,1298,15
128.5,620.5,16
154,872,16
168,826.25,16
217,1526.5,16
260.75,1095.2,16
321,818,16
391.5,1074,16
399,609,16
409,1027,16
411.5,1027,16
430,1317,16
430,1319,16
482,902,16.5
483,1439.5,16
484,902,16
487.5,741.5,16
554.33,1005.7,16
595,1599,16
635,1338,16
657,1235.5,16
675,1186.5,16
678,1023,16
791,603,16
839,1682,16
884,1459,16
901,1332,16
918.5,1553,16
945,1302,16
1011,509,16
1013,509,16
1082,1325,16
1098.6,943.09,16
1099,1320,16
1114,847.5,16
1130.2,1275.8,16
1143,599,16
1194.5,1694,16
1198,1700,16
1203,1301.5,16
1211.5,1273.2,16
1217,636,16
1242,1020,16
1250.5,1646,16
1253.8,432.6,16
1257,447,16
1323,1439,16
1344,885,16
1366,1282,16
1370,1543,16
1377,1579.5,16
1391.2,1352.1,16
1469,1247,16
1473,1245,16
1512,1399,16
1514,1399,16
1521.9,428.25,16
1526,1459,16
1550,504,16
1590,771,16
1621.5,881.5,16
1632,1562,16
1730.5,486,16
1768.5,699,16
1805.8,1270.2,16
1823.7,743,16.667
1827.5,1228,16
1887.6,573.5,16.357
1889.7,1352.6,17.556
1902,680,16
1938,1055,16
1940,703,16
1996,1568,16
2032,1141,16
2067.3,1408.7,16
2073,494,16
2212,1367,16
2213,485,16
2233,297.5,16
2262,753,16
2262,755,16
2262,757,16
2262.5,1019.5,16
2266,444,16
2299,374,16
2348,221,16
2387,1063,16
2438,1099,16
2460,1344,16
2512,177,16
2512,420,16
2574,814,16
2599.6,380.2,16
2617,1374,16
2670,1437,16
2681,1117,16
2702.5,835.5,16
2728,858,16
2752.3,1140.3,16
2812,1006,16
2818,423.5,16
2889,1317,16
2889,1319,16.5
2921,724,16
2923,724,16
213,1528,17
215,1526.5,17
287,1597,17
371,1091,17
373,1091,17
387.12,1044.8,17.625
390,1404,17
472,977,17
472,979,17
474,1457,17
474,1459,17
476,1459,17
476,1461,17
517,1646,17
584,1741,17.333
597,1587,17
635.33,1102.3,17
636,1133,17
694,510,17
767.5,922,17
775,554.5,17
777.83,556.17,17
794,734,17
795,636,17
812,701,17.5
841,1712,17
877.8,1041.6,17
884.25,1460.8,17.75
897.5,1094,17
908.5,985.5,17
951.5,1350,17
954,1089,17
982,461,17
1078,1674,17
1078,1676,17
1115,1402,17
1121,1680.5,17
1194,1700,17
1196,1700,17
1246,1018,17
1260,679,17
1268,1050,17.5
1274.5,715,17.5
1284,1225,17
1289.1,1344.5,17.25
1290,1247,17
1338,882,17
1342.5,1519,17
1342.5,1521,17
1364.5,1458,17
1429,1313.5,17
1433,614,17
1438,936,17.5
1555,866.5,17
1571.5,790,17
1575,942,17
1577,1469.5,17
1590,773,17
1629,1293,17
1629,1295,17
1632,1564,17
1672,643,17
1678,1491,17
1704,922.5,17
1707,836,17
1938.5,1057,17
1941,1428,17
1952,910,17
1969,741.5,17
2008,1149,17
2020,226,17
2070,483,17
2102,323,17
2208,459,17
2208,461,17
2210,459,17
2210,461,17
2210,463,17
2332.5,1464,17
2346,1164,17
2398,814,17
2408.8,1457.5,17
2469,920,17
2471,918,17
2501.3,1006.7,17
2576,1240,17
2692,1474,17
2697,1169,17
2699,1170,17
2726.2,860,17
2855,1013,17
128,482,18
225,1255,18
227,1253,18
227,1255,18
285,1363,18
356,1285,18
406,534,18
423,1157,18
489,1587,18
494.67,454.67,18
516,1179,18
544,729,18
552.5,1777,18
584,792,18
586,796,18
587,794,18
589,529.25,18
601.33,849.67,18
619,726,18
626,1604,18
627,995,18
633,648,18
638,1526.5,18
672.25,1518.2,18.875
676,1177,18
706.43,1206,18.714
706.5,1204,18.75
756,911,18
790,733,18
798.25,1277.1,18.375
802,1279.5,18
812,703,18
827,404.5,18
856.5,589.5,18
883.5,388.5,18
912,1597,18
987,1606,18
1056,1235,18
1058,1233,18
1058,1235,18
1084,1231.5,18
1131,1367,18
1241,1142,18
1256,450,18
1270,1050,18
1291,1336,18
1301,969,18
1303,968.5,18
1310,1166,18
1312,1166,18.5
1356.2,1310.3,18.167
1359,552,18
1384,672,18
1390.5,1347,18
1476,596,18
1484.5,1354.8,18
1557,1156,18
1557,1342,18
1557,1344,18
1627.5,787.5,18
1647,1197,18
1649,1197,18
1671,1090,18
1702,921.5,18.5
1714,1455,18
1746,597,18
1790,774,18
1792,774,18
1802.3,1541,18.333
1825,807,18
1829.5,1210,18
1829.7,1098.6,19
1911,969.67,18
1985,1014,18.5
2052,673,18
2087.5,695.77,18.129
2087,712,18
2088.5,1183,18
2095,848,18
2101,1039,18
2118,959,18
2118,961,18
2163.5,1172,18
2164,1174,18
2331,1462,18
2337,1219.5,18
2381,684,18
2383,684,18
2388,1521,18
2400.5,809,18
2403,680,18
2427,943,18
2493,838,18
2527,419,18
2530.5,558.5,18
2534,618,18
2547.8,1447,18
2551,1076,18
2552,1074,18
2556,546,18
2584.5,1040,18
2597.5,381,18
2628,814,18
2676.5,185,18
2829,1128,18
2829.5,1130,18
2831,470,18
2933,1322,18
2996,1140,18
98,511,19
104,801,19
190.5,1015,19
205,1091,19
222,1309,19
230,709,19
232,711,19
255,1664,19
282,762.33,19
319,1324,19
321,1324,19
362.5,619,19
389,1043,19
424,1448,19
486,722,19
505,1346,19
507,1346,19
545.5,535.75,19.75
550,539,19
552,1003,19
554,1003,19
556.6,1592,19.4
556.6,1594,19.4
567,752,19
570,1150,19
582,796,19
584,796,19
611,1307,19
612,423,19
613,1306.5,19
675,1027,19
676,1175,19
677,1027,19
679,1027,19
682.2,648.4,19.8
684,650,19
732,1332,19
734,1332,19
785.06,871.38,19.125
784,1698,19
863,1439,19
863,783,19
895,1089,19
901.5,1332,19
921.5,1030,19
939,1580,19.5
959,1489,19
1002,535,19
1020,1054,19
1078,1626,19
1193,826,19
1199.5,1132,19.5
1250.5,1355,19
1336,1046.5,19
1338,1048.5,19
1340,1443,19
1448.5,1407.6,19.545
1455,1290,19
1470,1425,19
1504,972.5,19
1557,1152,19
1557,1154,19
1593,661,19
1648.5,1239,19
1657,1011.5,19
1705,1188,19
1707,1188,19
1708.5,1292.5,19
1723,1269,19
1742,580,19
1747,599,19
1790,1230,19
1831,633,19
1848,661,19
1926,1506,19
1985,1016,19
1985,1018,19
2102,1136,19.5
2114,959,19
2182,423,19
2184,423,19
2320,742,19
2338,662,19
2340,662,19
2435,601,19
2437,601,19
2449,1034,19
2471,918.67,19.333
2504.5,781,19
2505,779,19
2515,289,19
2569,582,19
2571,582,19
2583.5,816,19
2590.7,1407.7,19
2595,379,19
2597,379,19
2603,1371,19
2610,870,19
2636,954,19
2741.1,1042.8,19
2789,832,19
2834,1075,19
2836,1075,19
2865,625,19
2926,544,19
2932,1324,19.333
2995,1220,19
3000.5,1273.5,19
3005,1298,19
98,513,20
173.67,674.67,20
191,889.5,20
282.5,754.5,20
321,749,20
335.33,1239.7,20
358,1184,20
382,1582,20
384,1582,20
387,1441,20
492,504,20
516,750,20
613,1569.5,20
650.75,1689.8,20
679,1023,20
692.33,1818.7,20
762,1202,20
766,1203,20
766,1205,20
786,516,20
802,1278,20
965,1053,20
1038,1330,20
1039,1676,20
1063.5,839,20
1092,847,20
1102,1707,20
1104,1707,20
1129,901.5,20
1211.5,396,20
1211,1441,20
1235.2,802.6,20
1237.1,798.88,20
1253,552,20
1258,430,20
1267,924,20
1292,1250,20
1297,1239,20
1356,1659,20
1384,834,20
1387,674,20
1412,729,20
1437.5,637.5,20
1511,1201,20
1545.3,663.67,20
1550,1197,20
1568,875,20
1624,728,20
1625,1082,20
1626,728,20
1672,798,20
1674,640,20
1715,595,20
1716.8,1188.4,20
1796,1195,20
1797.7,1082,20.667
1810,1170,20
1813,922,20
1825,1386,20
1832,604,20
1897,1400,20
1906.8,1399.5,20
1905,1406,20
1910.1,1385.6,20
1907,1406,20
1920,1390.6,20
1940.2,1393.6,20.012
1941,1597,20
1947,1401,20
1949,1401,20
1952,1401,20
2032,298,20
2052.3,697.33,20.333
2069,1044,20
2071,1044,20
2077.5,503.5,20
2087,1181,20
2130,534,20
2331.5,1048.5,20
2385,1343,20
2428,874,20
2437,599,20
2508,781,20
2532,616,20
2557,548,20
2585.5,934,20
2609,538,20
2630,936,20
2632,935,20
2680,795,20
2756,1210,20
2981,931,20
3005,1293,20
192.5,887,21
199.5,565.5,21
224.5,1144,21
271,641,21
302,971,21
322,500,21
359,1370,21
381,925,21
429,698,21
438,1778,21.5
509,1039,21
542.33,1694.7,21
548.5,1235,21
583,545,21
603,609,21
615,823.5,21
652.5,600,21
684,693,21
775,833,21
797.5,1173,21
854,1684,21
862,523,21
896.5,972,21
915,995,21
915,1537,21
961,1375,21
962,585,21
963,1375,21
1036.5,1674,21
1041,1286,21
1078,984,21
1082,965,21
1090.8,1093,21
1097,1062,21.5
1151.5,454,21
1162.5,1269,21
1163,1267,21
1209,1350,21
1213.5,394,21
1256.5,746,21
1269,922.5,21
1298,1062,21
1332,1439,21
1336.5,1443,21
1350.3,709.13,21
1355,712,21
1405.3,1523.3,21
1443.5,638,21
1451.8,855.84,21
1475.4,1302.7,21
1477.5,1287.7,21
1477,1282.5,21
1479,1308,21
1479,1310,21
1483,1481,21
1500.5,1324,21
1525,1477,21.5
1545,667,21
1546,802,21
1614,800,21
1770,701,21
1806,1391.3,21.667
1867,678,21
1890,807,21
1895,447,21
1897,447,21
1913.5,810,21
2032,491,21
2059,735,21
2092,468,21
2108,895,21
2144,1160,21
2245,1207,21
2247,1207,21
2272,283,21
2274.5,1508.8,21
2291.7,1485.5,21
2289,1500,21
2289,1502,21
2291.5,1504,21
2293.5,1481,21
2294.5,1483,21
2311,1512,21
2311,1514,21
2311,1516,21
2329,1049,21.25
2347,1370,21
2376.6,1360.6,21
2383,1339,21
2383.5,1341,21
2403.7,1329.3,21
2405.7,762.33,21
2410,1334,21
2414,1328,21
2414,1330,21
2414,1332,21
2416,1328,21
2416,1330,21
2418,1330,21
2418.5,1332,21
2422.5,304,21
2423,308,21
2579.5,469.5,21.5
2586,910,21.5
2594,649,21
2620,556,21
2632,387,21
2638,956,21
2658,697,21.5
2818,704,21
2860,966,21
2882,1201.5,21
2887.8,1338.8,21
2951,954.5,21
2962.8,758.64,21
193.5,889,22
195,891,22
211.33,520.33,22
295.67,1294.3,22
307,787,22
344,1350,22
369,490,22
382,1017.5,22
425,814,22
427,814,22
440,1778,22
453.5,993,22
575,914,22
577,914,22
577,916,22
580.5,773,22.5
580,1709.5,22
613,1569,22
631,1145,22
632,1339,22
664,1642,22
723,1278,22
769,780,22
777,946,22
779,946,22
788.25,1517.8,22.75
806,1232,22
820,586,22
822,586,22
913,999,22
912.6,1538,22
913,997,22
919,1359,22
921,1359,22
979,991,22
1006,938,22
1008,938,22
1044,1189,22
1050.8,880,22.167
1054,880,22
1057,1043.5,22
1129,906,22
1138,1196,22
1157,1099,22
1175,763,22
1309,1166,22
1311,1166,22
1332.5,1058,22
1337,1439,22
1356,1660,22
1439.5,637,22
1479,1354,22
1481,1408.8,22
1504,1192,22
1526,460,22.5
1547,942,22
1559,457,22
1618.2,799.6,22
1627,785,22
1635,1276,22
1673,640,22
1675,640,22
1729,1459,22
1753,390,22
1820,1500,22
1822,721,22
1824,721,22
1893.5,1350,22
1974,1025,22
2001,689,22
2018.5,1062.2,22
2027,477,22
2043.5,527,22
2114,1208,22
2114,1210,22
2139,962,22
2184,380,22
2195,1383,22
2225,1010,22
2241,655,22
2245.3,1157.7,22
2248.7,459.67,22
2252,320,22
2269,1502,22
2282,336,22
2307,769,22
2324,640.5,22
2411.3,1314,22.667
2422,461,22
2449,659,22
2469,1245,22
2471.3,1218.7,22
2485,300,22
2656,697,22
2696,814,22
2751,1192.5,22
2756,1149,22
2756,1151,22
2774,1058.7,22.429
2800,862,22
230.5,1069,23
230,1071,23
231.5,1067,23
307,1162,23
307,1164,23
309,1162,23
309,1164,23
350,1498,23
350,1500.5,23
376,500,23
377.5,1020,23
420.5,1353,23
435.5,1605.5,23
498.5,793,23
510,1243,23
517,1040,23
524,530.5,23
540,1149,23
544.4,726.8,23.4
545,903,23
545,905,23
578,1710,23
580,795,23
588,1214,23
593,1303,23
614,1593,23
614,1595,23
696.5,704,23
758,1239,23
764,458.5,23
769,889,23
791,1516,23
1008.8,650.9,23.8
1052,780,23
1059,1131,23
1083,1224,23
1092,1713,23
1094,1713,23
1193,784.6,23.6
1234,726,23
1235,1306,23
1259,961,23
1265,392,23
1265,394,23
1268,924.5,23.167
1279,501,23
1336,948,23
1379,568.5,23
1436,1581,23
1441,1191,23
1502.8,1328,23.5
1524,460,23
1561,457,23
1666,756,23
1766,460,23
1796,1083,23
1817,775,23
1855,1445,23
1876.8,1227.2,23.2
1919,954,23
1931.8,1391.2,23.25
1936.8,681.25,23
2055,1206,23
2074,961,23
2088,1313,23
2178,1168,23
2231,1369,23
2245,709.5,23
2251,459,23
2303,1469,23
2376.7,1362.5,23
2422.5,306,23
2505,713,23.5
2513,547,23
2537,207,23
2610,1112,23
2655,1465,23
2659,183,23
2687,577,23
2689,720,23
2725,707,23
2788,1111,23
2832,1370,23
2840,1076,23
2917,726,23
2944.7,617.33,23
2952,812.25,23
194.5,889,24
195,891,24
290,1369,24
332.8,1291.6,24
337,721,24
371,1722,24
376,1111,24
410.5,1312,24.5
411,1314,24
442.6,771.4,24.4
444,1625,24
482.33,1324.3,24
484.5,1708,24
485,1322,24
486,1667,24
496,791,24.5
496,793,24.5
513.5,1298.5,24
514,1301,24
542.5,1027,24
577,1305,24
577,1307,24
593,1372.5,24
613,1453,24
630.33,1188.3,24
673.77,1001.2,24.923
726,1471,24
733,1560,24
766,458,24
768,457.5,24
769.5,1004,24
795,1478,24
892,1730.5,24
910,959,24.5
969.5,1640.5,24
970,1745,24
1017,1553,24
1056,945,24
1098,1345,24
1177.5,587,24
1177.5,589,24
1239,1310,24
1303.8,931.75,24
1304.5,934,24
1308.4,1104,24.6
1308,1106,24
1344,868.5,24
1352,923,24
1354.5,826,24
1355,828,24
1377,567.5,24
1377,1398,24.5
1381,552,24.5
1399.9,1516.1,24.921
1407,988,24
1435,894,24
1508,1286,24
1534,1329,24
1554,590.5,24
1584,1282,24
1656,934,24
1661,1434,24
1672,964,24
1673.5,962,24
1687,818,24
1712,1234,24
1758,1168,24
1786,1225,24
1786,1227,24
1868,916,24
1869,674,24
1905,1565.5,24
1987,217.67,24.667
1989,520,24
2110,732,24
2183,1208,24
2219,801,24.5
2374.5,858,24
2374.5,860,24
2389.2,468.62,24.857
2473,1161,24
2518,1293,24
2518.5,1295,24
2528,1061,24
2598,571,24
2606,837,24
2623,1189,24
2623,1191,24
2664,646,24
2692,577,24
2720,536,24
2775,895,24
2819.2,1300.6,24.636
2877,1282,24
204,736.5,25
243,1249,25
341.14,1351.6,25
343,1577,25
368,928,25
369,1553,25
403.18,1101,25.455
406.4,1347.4,25.2
451,1149,25
506.2,1240.2,25
522.4,1361.8,25.8
524.5,538,25
575.5,796,25
587,776,25
640,1420.5,25
773,1353,25
786,455,25
788,455,25
806,993,25
818,1555,25
820,1555,25
920,490,25
928,1073,25
993,531.5,25
1013.3,1548.7,25
1039,1355,25
1039,1357,25
1058,484,25
1095,1606.5,25
1096,873,25
1096,875,25
1111,517,25
1126,494,25
1126,496,25
1128,494,25
1128,496,25
1145,579,25
1213,867,25
1215,863,25
1283,522,25
1314,1506,25
1316,1506,25
1361.2,906.33,25
1379,552,25
1384,416.5,25
1413,860,25
1423,1094,25
1433,796,25
1458.5,1515.5,25
1489,419,25
1489,421,25
1503.2,1215.6,25.25
1520.4,1398.8,25.7
1524,1210,25
1539,1379,25
1552,1540,25
1554,1540,25
1660.2,934.12,25
1661,937,25
1690.5,713,25
1708,1238,25
1738,1520,25
1749,696,25
1799.5,1361.5,25
1819,610,25
1847,1009,25
1922,954,25
1932,1318,25
1937.3,681,25
2020,1353,25
2090.5,1582,25
2094,1023,25
2163,549,25
2191,219,25
2201.6,1051,25.714
2205,719,25
2216.8,1453.6,25
2219,799,25
2235,1365.5,25
2254,1321.7,25.667
2262.5,886,25
2294,1202,25
2381,1526,25
2383,861.5,25
2414.6,1487.9,25
2482,775,25.75
2518.4,841,25
2837,914,25
2837.5,916,25.25
2916.5,726,25
2916.5,728,25
3012,1217,25
127.5,766,26
183,678,26
183,680,26
203,1097,26
205,1099,26
278,751,26
286,1365,26
298,1263,26
342.67,1363.2,26
381,1016,26
413,1314,26
422.33,1349.1,26
430,867,26
433,859,26
437.8,479.6,26
459,1552,26
484,1041.5,26
498,791,26
514,1315,26
514,1317,26
528.5,1188.5,26
598,1340,26
621,1519,26
632,1334,26
641,638,26
698.5,544,26
710,1649,26
710,1651,26
770.5,1006,26
780,656,26
797,1721.7,26.333
811,993,26
812,1320,26
878,985,26
889,1065,26
889,1069,26
891,1065,26
891,1069,26
902.33,1094.3,26
930.6,1343.8,26
1018,1549.5,26
1056,941,26
1058,941,26
1085,1274,26
1094.5,1007,26
1128,944,26
1273,915,26
1275,917,26
1275,919,26
1289,954,26
1295,967,26
1295,969,26
1296,1139,26
1344.8,1244.4,26
1349,768,26
1394.5,764,26
1399.5,766,26
1405,1509,26
1438,1195.4,26.6
1447,366,26
1499,402,26
1534,1329,26
1541,1039,26
1555,1327,26
1555,1331,26
1565.5,1383,26
1641,1466.5,26
1771,1190,26
1789.5,1139,26
1812,1122,26
1892.5,988,26
1929,1262.8,26
1941,867,26
1943,867,26
2002.5,225,26
2139,347,26
2170,1008,26
2212.5,1453,26
2301,253,26
2307,627,26
2307,726,26
2357,716,26
2368,1340,26
2437,878,26
2508,542,26
2512,889,26
2578,1178,26
2652.5,919,26
2653,921,26
2705,418.5,26
2740,359,26
2887.9,811.45,26.273
2943,1369,26
2945,1369.5,26
2950,942,26
2952,942,26
3051,1347,26
312,1029,27
332.85,1213.8,27.385
402.75,1350.8,27
412,1059,27
449,1149,27
457,1550,27
459,1241,27
517,1318,27
522,1777,27
524,1781,27
525,1363,27
607,1331,27
638,739,27
693,894,27
722,1332.3,27
729.5,953.5,27
777,510.5,27
795,1721,27
805,720,27
838,1275.5,27
855,857,27
896,1082,27
926.5,1343.5,27
969,1332,27
1136,1294,27
1192,447,27
1197.5,484,27.5
1219,764,27
1221,763.5,27
1252,625,27
1289,958,27
1306.1,1027,27
1319,1466.5,27
1320,605,27
1320,607,27
1327,529,27
1394,1340,27
1407,1509,27
1416,875,27
1459,1511,27
1490,898,27
1498.5,1219,27
1518,491,27
1520,491,27
1603,1207,27
1615,606,27
1625,450,27
1640.5,1109,27
1646.6,1229.8,27.556
1686,1362,27
1813,1235,27
1820,1508,27
1830,708,27
1859,523,27
1869.5,945.5,27
1878,977,27
1886,780,27
1913,1291,27
1916,1331.5,27
2012,944,27
2012,946,27
2094,976,27
2123.8,1054.6,27
2126,1311,27
2126,1313,27
2128,1311,27
2128,1313,27
2130,1311,27
2130,1313,27
2157,552,27
2195,1049,27
2197,1048.5,27
2212.5,1456.5,27
2282.5,193,27
2282.5,195,27
2289.8,1225.6,27
2304,252,27
2315,1027,27
2376,375,27
2406.2,1104,27
2443,811.5,27
2445,812,27
2447,811.5,27
2481.5,1074.5,27
2489,888,27
2520,455,27
2683.7,535.1,27
2767,219,27
2772,1250,27
2776,1247.7,27.667
2810,1279,27.5
2810,1281,27
2826,816,27
2828.7,812.33,27
150,683.5,28
246,658,28
249,720,28
344,1523,28
377.4,1431,28
378,1434,28
381,465,28
401.33,964.33,28
478,1314,28
508.5,1087,28
539.2,1255.6,28
539.5,729.17,28.833
542,1441,28
544,1024,28
545,1346,28
547,1345.5,28
610,1327,28
650,1436.7,28
773.5,1308,28
781,642,28
783,641.5,28
811,677,28
820,1342,28
965.05,1485.8,28
985,1495,28
987,1495,28
990.1,1421.5,28.3
1005,744,28
1051,1194,28
1076.5,850.67,28
1091,1318,28
1093,1007,28
1093,1318,28
1227.2,1386.8,28
1245,807,28
1247,809,28
1293.2,1100.3,28.333
1303,1024,28
1354.8,1546,28
1367.6,1411.8,28
1407,999,28
1467,641,28
1487,1168,28
1487,1170,28
1490,661,28
1491.2,665.2,28
1547,1281,28
1650,1353,28
1650,1355,28
1652,1355,28
1671.7,1147.7,28.833
1682.3,1124,28
1682.5,1171,28
1701,1252.6,28.4
1725,1240,28.5
1727,1236,28
1750.6,923.2,28
1802.1,1195,28.957
1808.3,943.67,28
1828,708,28
1923,377.5,28
2000.5,226,28
2148,1560.5,28
2150,1560.5,28
2183,246.5,28
2190,1235,28
2192,1235,28
2238,445,28
2277,900,28
2277,902,28
2291,613,28
2361.5,1326,28
2405,656,28
2424.5,599,28
2426.5,1184,28
2433.5,1318,28
2454,306,28
2464.3,454.5,29.111
2474,902,28
2480,1297,28
2484,1058,28
2515.5,441,28
2557,443,28
2573,1409,28
2729,682,28
2774,1247.5,28
2808,899,28
2904,1198,28
2919.5,893,28
2949.1,1366.8,28
161.33,1014.3,29
175.33,992.67,29
194,772.5,29
201,604,29
203,604,29
272,1140,29
322,1267,29
335,774,29
336,532,29
337,774,29
401,1233,29
405.75,964.25,29
474,1532,29
492,1422,29
501,1643,29
530.2,718.8,29
658,1690,29
782.75,1131,29
794,554,29
817,1256,29
819,1257,29
821,1258.5,29
838,462,29
855,854.5,29
1114,833,29
1114,835,29
1295,1362,29
1315,548,29
1315,550,29
1323,531,29
1361.5,905,29
1361.5,907,29
1475,656,29
1476,662,29
1546.3,695.93,30.133
1587,1520,29
1607,1087,29
1607.5,1089,29
1642.3,1108.8,29
1646.5,397,29
1681.7,1357.7,29
1688,770,29
1724,432,29
1725,1238,29
1757,1022,29.5
1765.3,409.67,29
1804,948,29
1893,1094,29
2008,415,29
2010,415,29
2136,724,29
2169,345,29
2207,399,29
2334,1296,29
2365.5,1178,29
2482,1440,29
2534.5,910.83,29.833
2550,1139,29
2678.6,655.12,29.375
2677,660,29
2677.7,682.67,29
2754,371,29
2830.5,1312.5,29
2922.8,1276.5,29.75
2983,759.5,29
217.75,1316.2,30
272,1138,30
324,1272.5,30
330,797,30.5
348,800,30
387,1810,30
397.6,1016,30
404,745,30
460,1331,30
532,770,30
539.5,1256.5,30
609.67,1373.3,30
712,924,30.75
785,848,30
788.12,866.12,30
861.5,1071,30
885,789,30
890.14,1420.1,30.714
905.5,555,30
908,1466,30
919.67,454.5,30.917
967,1218,30
969.5,1370,30
1005,744,30
1124,1198,30
1126,1198,30
1159.5,501.5,30
1192,1286,30
1194,1286,30
1223.5,755.65,30.412
1253.5,649,30
1294.5,1008,30
1353.5,985,30
1414.9,1528,30
1414.3,1261.3,30
1414.5,1505.5,30
1430,443.5,30
1432,443,30
1556,1329,30
1562,1220,30
1571,588,30.5
1635.5,1582,30
1645.5,1498,30
1685,1171,30
1744.3,916,30
1878.3,587.67,30
1884,586,30
1885,1418,30
1895,1092,30
2023,1291,30
2043,1438,30
2055,714,30
2096,1437,30
2190,1325,30
2190,1327,30
2192,1325,30
2216,1307,30.5
2224,1434,30
2367.5,1288,30
2369.3,1175,30
2434,1318,30
2456,338,30
2517.5,1306,30
2517,1308,30
2547,1246,30
2567,818,30
2567,1278,30
2569,818,30
2609.8,636,30.4
2623,1190,30
2669,1025,30
2674,681,30
2673,683,30
2688,533,30.5
2892,750,30
2919.5,895,30
2956.5,781,30
173.37,788.16,31
242,1179.5,31
244,1179.5,31
280,1050,31
281,944,31
282,1050,31
317,532,31.5
330,799,31
330,1601.6,31.2
332.33,1167.7,31
332.5,1170,31
363,571.5,31
369.5,1568,31
383,1252,31
383,1254,31
403.25,750,31
501,1393,31
502,1391,31
507,1186,31
546,1347,31
581,780,31
587,1573,31
587,1575,31
609,923,31
611,923,31
680.71,1252.1,31
742.5,1375.5,31
810,1300,31
818,1138,31
818,1140,31
824,1007,31
861.25,900,31
957,1405,31
957,1407,31.5
959,1405,31
959,1407,31
968.5,1254,31
1104,1242.3,31
1113,886,31
1132,887,31
1220.5,918,31
1234.5,1354,31
1256,1222.8,32.1
1331,1143,31
1353.5,987,31
1384,1324,31
1393,1072,31
1396.5,1461.2,31
1400.6,727,31
1401,730,31
1400.5,1461.5,31.75
1414,1118,31.5
1431.5,448,31
1432,942,31
1434,942,31
1434,1233,31
1452,1408,31
1454,1408,31
1475,652,31
1476,1229,31
1489,944,31
1489.5,946,31
1490,1542,31
1553,1201,31
1553,1203,31
1640,398,31
1641,1245.5,31
1680,763,31
1753.5,988,31
1807.5,945.5,31.667
1849.5,792,31
1872,1113,31
1872,1469.5,31
1999,882,31
2122,591,31
2134,724,31
2257.5,1018,31
2258,1016,31
2299,618,31
2299,620,31
2301,620,31
2363.7,963,31
2370,1275,31
2483,741.5,31
2523,1245,31
2662,965,31
2674,1211,31
2690,533.5,31
2781,755,31
2897.3,1028.3,31
2912,1116,31
2928.8,1280.8,31
2949,756,31
2966,1213,31
205,1120,32
205,1122,32
205,1124,32
316.5,1361,32
332,1598.5,32
332,1602,32
334,1602.5,32
362,1586,32
362,1588,32
373.76,677.88,32.706
379.2,1685.6,32
386.67,514.67,32
387,741.5,32
471,1703,32
490,1382,32
541,741.5,32
618,608,32
733,784.5,32.5
820.14,1137.6,32.429
832,1050,32
866.5,1228,32
876,1105,32
921,970,32
923,970,32
1047,1028,32
1077,1274,32
1107,1367.5,32
1161.6,439.62,32
1175,333,32
1274,372,32
1278,372,32
1292.5,1361.5,32
1317,1125,32
1422.9,1512.7,32
1434,1235,32
1479,1532,32
1481,1532,32
1504,1596,32
1513,348,32
1548,692,32
1624.5,693,32
1624,1530,32
1664,485,32
1666,485,32
1701,785,32
1703,785,32
1872,1111,32
1874,1109,32
1874,1111,32
1900,804,32
1965.4,541.4,32
1968,541.5,32
2109.7,675.67,32
2124,1217,32
2233,1441,32
2310,871,32
2319,972,32
2355,367,32
2429,771,32
2441.7,813.67,32
2528,525,32
2528,527,32
2570,613,32
2570,615,32
2572,396,32
2581,1211,32
2612,639.5,32
2691,1104,32.5
2807,1410.5,32
2974,778.25,32
3045,1402,32
3047,1400,32
3047,1402,32
3049,1400,32
3049,1402,32
3087,1150,32
3089,1150,32
249,1211,33
282,1052,33
286,774,33
321,819,33
330.67,1172,33
369,1262,33
390,605,33
396,440,33
402,509.79,34.474
459,1328,33
519,869,33
519,871,33
539,743.5,33
651.5,1226,33
780,1233,33
800,1333,33
836,1581,33
864,1424,33
865,900,33.667
867,1019,33
947.5,1085,33
998,999,33
1041.5,1471,33
1043,1354,33
1140,876,33
1252,646,33
1252,648,33
1253.7,736.79,33.737
1254,648,33
1263,1124,33
1294,500,33
1294,502,33
1308,1519,33
1329,1042,33
1337,1015,33
1364,673,33
1400,1324,33.5
1414,1116,33
1479,549,33.5
1499,897,33
1499.5,899,33
1554.5,948,33
1574,880,33
1581.5,1154,33
1652,1411,33.75
1676,761,33
1678,761,33
1745,917,33
1783,869,33
1829,701.5,33
1831.5,705.5,33
1869,631,33
1899.5,800.5,33
2262,522,33
2288,1243,33
2324,1245.5,33
2381.6,1299.4,33.429
2603,1459,33
2603,1457,33
2650,1021,33
2650,1023,33
2651,681,33
2679.5,958,33
2680,960,33
2720,548,33
2732.2,855.5,33.833
2942.5,725.5,33
258,668,34
258,670,34
258,1039,34
260,1039.5,34
381,1255,34
383,1253,34
383,1255,34
396,438,34
443,1045,34
445,1045,34
518.5,708,34
538,619.5,34
540,620,34
548,755,34
605,1601,34
621.5,1095,34
623,536,34
631,988.5,34
647,1160,34
711,1623,34
776,1327,34
776,1329,34
818,867,34
884,1088,34
894,938,34
954,1309.5,34
979,1264,34
985,651,34
1001.5,479.5,34
1013,1263.5,34
1017,1389,34
1034,1251,34
1057,1613,34
1093,1445,34
1103,836.17,34
1119,729,34
1142,386.5,34.5
1209,746,34
1209,748,34.5
1211,744,34
1211,746,34
1211,748,34
1232.5,1352,34
1268,744,34
1333,922,34
1342,1129,34
1342,1131,34
1371.5,573,34
1454,621,34
1457,1407.5,34
1479,551,34
1516,893,34
1576.4,1423.2,34.625
1664,483,34
1737,1501,34
1748,1267,34
1776,1016,34
2096,1089,34
2191,504,34
2220,1387,34
2328,401,34.5
2373,663,34
2394,1340,34
2397,384.5,34
2405,832,34
2464,883,34
2499,1306,34
2499,1308,34
2538,632,34
2634,215,34
2634,217,34
2754,372,34
2757,1307,34
2762,1053,34
2828.1,1320.9,34
2914,1012,34
125,767,35
255.88,1041.1,35
366,1569,35
421,838,35
422.5,1306,35
445,1043,35
458,1038,35
472.5,1698,35
481.5,1439,35
514.5,1147,35
515,1149,35
544,753,35
547,1134,35
584,936,35
585.5,891,35
592,1589,35
633,1326,35
646,1163.1,35.625
687,1310.5,35
710.89,1545.3,35.667
776,544,35
777,1703,35
785.25,580,35
820.5,868,35
836,1581,35
859,497.5,35
884,1086,35
906.2,380.6,35
997,1603,35
1075,1639,35
1096,994,35
1109,1034,35
1138,1086,35
1175,756,35
1177,1180,35
1256.5,459,35
1293,485,35.5
1320,1203,35
1350,422,35
1350,424,35
1379,690,35
1443,386.5,35
1459,1217,35
1492,1151,35
1498,1157.5,35
1514,739,35
1529,1255,35
1580,1307.2,35
1639.5,1135,35
1642.7,729.67,35
1655,1141.4,35.692
1842,1446,35
1864,598,35
1935.5,1369,35
1943.9,622.33,35.556
2020,1167,35
2058,1360,35
2061,1362,35
2100,805,35
2100.5,807,35
2102,809,35
2150,1442,35
2156,674.5,35
2200,1055.5,35
2233.3,817.33,35.667
2242,929,35
2278.4,472.75,35
2291,634,35
2358,1281,35.5
2369,418.5,35
2422,1374,35
2424,1374,35
2475.5,558,35
2482,743,35
2516,458,35
2520,1439,35
2577.5,852,35
2577,850,35
2645.7,854.33,35
2705,1064,35
2830.5,1324.5,35
3071,1405,35
209,1337.7,36.333
328.75,636,36
363,923,36
423,1172,36
423,1174,36
440,559,36
462,1040,36
475.67,815.67,36
519.25,1149.6,36
557.12,627.88,36
574,839,36
574,841,36
646,1264,36
664.5,721.5,36
673,815.5,36
681,1242,36
711,1623,36
714,921,36
735,1524,36
758,1698,36
817,1296,36
866.5,986.5,36
871,1103.5,36.25
934,1024,36
1029.5,551.75,36.5
1038,972,36
1109,1036,36
1111,1036,36
1114,1109,36
1251.3,1172.3,36
1255,739.75,36
1263,916.5,36
1308,1276.5,36
1373,1149,36
1462,1179,36
1471,1403,36
1508.2,1068.2,36.667
1510,1611,36.5
1567,1038.5,36
1664,942,36
1696,1192.8,36
1714,742,36
1734,793,36
1741.4,455.82,36.909
1747,956,36
1748.5,791.5,36
1772,1444,36
1841,790,36
1857,1206,36
1887,1074,36
1887,1284,36
1926,1400,36
1967.3,992.67,36
2057.5,1362,36
2097,1089,36
2122,1142,36.5
2135,1504,36
2176,678,36
2217,1000,36
2220,675,36
2235,709,36
2314,675,36
2347.7,1404.3,36
2352,514.33,36
2358,1283,36
2360,1281,36
2377,1301,36
2436,297,36
2465,814,36
2476,730,36
2477.7,1019.7,36
2496,1303,36
2498,1305,36
2498,1303,36
2499,1307,36
2592.5,522.25,36
2609,544,36
2660,756,36
2785.8,1325.4,36
2844.4,587.2,36.4
2871,680,36
2878.8,1389,36
2972,1354,36
187,909,37
254.5,709,37
312,838,37
372,908,37
403.5,477.5,37
411,1717,37
423,1393,37
446.5,506.5,37
453,1403,37
556,816,37
617.8,1698.6,37
638,1081.5,37
643,1031.8,37
644.33,1027.3,37
694,917,37
696.25,916.25,37.75
705.5,622,37
715,455,37
717,455,37
732,1515,37
737,1527,37
766.29,649.86,37
765.5,1130,37
781,861,37
783,861,37
785.5,579,37
841.57,988.43,37.286
847.5,537,37
873,1102,37
873,1591,37
875,1028,37
914,1640,37
947,1019,37
1072,895.5,37
1078,1404,37
1177,325,37
1239,1649,37
1263,746,37
1322,1205,37
1333,1531.5,37
1347,932,37
1379,1583,37
1379,1585,37
1410,886,37
1422,568,37
1437,576,37
1439,576,37
1451,922,37
1475,749,37
1530,974,37
1553,1333,37
1560,1059,37
1629.6,391,37.375
1637.5,447,37
1664,1095,37
1669,1386,37
1734.5,738,37
1830,1015.5,37
1877,1306.5,37
1890,929,37
1979,1192,37
2078.8,548.17,37.667
2248,1094,37
2279,472,37
2304,853,37
2305.5,776,37
2305.5,778,37
2314,671,37
2328,1465,37
2331,1410,37
2347,209,37
2357.5,422,37
2448,836.5,37
2569,249,37
2569,619,37
2611,941.5,37
2694.5,430,37
2775,1269,37
2827,387,37
2827,389,37
2829,387,37
2829,389,37
2830,383,37
2831,385,37
2831,387,37
2831,389,37
2832,382.5,37
2834,404,37
2834,406,37
2835,590,37
2835,592,37
2836,404,37
2836,406,37
2840,351,37
2841.5,591.5,37
2842,350.5,37
2844,349,37
2844,351,37
2850.9,586.31,37
2852,602.8,37
2851,605,37
2852.6,653.77,37
2851,650,37
2852.4,570,37
2854.6,607.69,37.385
2853,650,37
2857,570,37
2861.4,631.69,37
2863,625,37
2863,627,37
2864,629,37
2865.8,643.94,37.312
2865.5,697,37
2866.5,667,37
2867,649,37
2867,663,37
2869,649.5,37
2869,662.5,37
2873,718.6,37
2876,794,37
2884.3,767.33,37
2883,802,37
2883,804,37
2885,875,37
2885,877,37
2885,879,37
2889.1,850.67,37
2887,875,37
2887,877,37
2888,879,37
2888,889,37
2888,892,37
2889,875,37
2889,877,37
2890,893,37
2895.5,969.04,37
2892,893.5,37
2900.1,1035.6,37
2900,1039,37
2900,1041,37
2902,1039,37
2903,1043,37
2905.5,1038.5,37
2905,1043,37
2906,1077,37
2906,1079,37
2907,1043,37
2908,1075,37
2908,1077,37
2909.5,1078.9,37
2909.8,1087.8,37
2910,1074.5,37
2911,1091.6,37
2916.4,1110.8,37
2917.4,1136.6,37
2934,1197,37
2944.8,1253.1,37
2942.5,1238,37
2947,1265,37
396,1661,38.333
487,804.5,38
489,804.5,38
491,803.5,38
556,630,38
575,488,38
608.57,1060.3,38
677,928,38
679,928,38
689,905,38
718,487,38
852,1091,38
884,1210,38
884,1212,38
928.29,1204.9,38
928,1356,38
961,1413,38
963,1414,38
1087.5,904,38.5
1136,1243,38
1178,1606,38
1221,776,38
1293,502,38
1310,1024,38
1337,1358,38
1345,723,38
1345.5,725,38
1347,1381,38
1347,1383,38
1347,1385,38
1371.3,1331.7,38
1437,578,38
1467,429,38
1475,753,38
1476.5,1199.5,38
1546,662,38
1583,607,38
1585,607,38
1609,1557,38.5
1761,507,38
1764,417,38
1844,773,38
1848.8,459.62,38
1874.8,1106,38
1917,1101,38
1945,1457,38
1958.5,1308,38
1994,1556,38
2038,1127,38
2058.5,1176,38
2235,707.5,38
2296.3,295,38
2302,967,38
2306,963,38
2308,963,38
2332.5,1467,38
2370,1425,38
2399,1240,38
2399,1242,38
2405.7,364.89,38
2446,1037.7,38.333
2472,979,38
2476,981,38
2532,808,38
2540,852,38
2542,852,38
2548,1281,38
2550,1279,38
2550,1281,38
2552,1279,38
2552,1281,38
2660,759,38
2715,875.5,38
2737.2,342.6,38
2751,290.75,38
2778,1290,38
2780.2,187.5,38.75
2796,223,38
2798,221,38
271,835,39
331.75,1646,39
375,1032,39
384,868,39
404,477,39
417,735.5,39
422.2,1174.6,39
479,728,39
496,1099,39
496,1101,39
503,589,39
509,919,39
623.5,1305,39
720,919,39
728,1641,39
772.67,1631.3,39
783,863,39
791,1387,39
791,1389,39
814,1158,39.5
846,539,39
907,377,39
930,1355.5,39
963,1412,39
1045,1063,39
1121,902,39
1251.5,1168,39
1251,1170,39
1251,1172,39
1319,614.5,39
1333,1475,39
1339,670,39
1457,558,39
1473,1529,39
1485,446,39
1568.5,931,39
1740,794,39
1895,979,39
1997.5,698.5,39
2023,821,39
2028,820,39
2059,1322,39
2059,1324,39
2059,1326,39
2187,1069,39
2214,999,39
2245,1267,39
2302,286,39
2302.5,963,39
2302.5,965,39
2316,1381.5,39
2340,186,39
2404.5,460,39
2416,807.5,39
2496,939,39
2499,895,39
2499.5,897,39
2523,1069,39
2523,1071,39
2525,1073,39
2613.5,465,39.5
2641.2,850.56,39
2716,619,39
2843.5,1259,39
2873,932.5,39
377.4,1012.8,40.4
404,925.5,40
415,1413,40
415,1415,40
443,1311,40
445,1311.5,40
595.5,735,40
596,522,40
614,930,40
616,930,40
630,996,40
633.5,1107,40
643,1146,40
829,529.5,40
862,1043,40
868,428,40
870,426,40
870,428,40
908,1563,40
910,1562.5,40
1009,1352,40
1015,1471,40
1015,1473,40
1034,999,40
1087.5,856,40
1156,470,40
1179,1400.5,40
1181.5,542,40
1315,616,40
1436,1006,40
1454,1212.5,40
1496,810,40
1496.5,812,40
1600.5,383,40
2003,876,40
2137,1003,40
2422,461,40
2494.4,1050.8,40
2642,555,40
2842,420,40
2852,1181,40
2996,536,40
2998,536,40
167,657.5,41
275,1379,41
296,850,41
302,823,41
302,825,41
312,1412,41
457,1220,41
515,1599,41
556,1402,41
610,1327,41
612,1327,41
669,1257,41
681.5,1074,41
682,1076,41
684,1011,41
697,940,41
823,1011,41
829,1429.5,41
886,713,41
886,715,41
888,713,41
888,715,41
931.67,593,41.333
1010.7,1475.3,41
1160,472,41
1162,874,41
1176,859,41
1205,1003,41
1224,1319,41
1224.5,1321,41
1295.2,1020.5,41.25
1325,546,41
1336.7,668.33,41
1350,788,41
1350,790,41
1358,1516,41
1373,1160,41
1450,1214,41
1509,1408,41
1549,1068,41
1550,1075,41
1551,1045.5,41
1553,1365,41
1557,1039,41
1571,1116,41
1585.3,1328.7,41
1592,1130,41
1592,1132,41
1592,1134,41
1594,1130,41
1594,1132,41
1594,1134,41
1596,1130,41
1596,1132,41
1596,1134,41
1736,794,41
2248,570,41
407,756.75,42
632,570,42
634,570,42
636,598,42
662,1482,42
937,808,42
966.25,1424,42
1038,967,42
1418,450,42
1441,778,42
1547,982,42
1901,978,42
1955,230,42
2115,1495,42
2115,1497,42
2551.5,1184,42
2552.5,1186,42
