129,485,1
148.2,863.6,1
151,415,1
152,504,1
169,231,1
186,859,1
310.5,519,1
343,1172,1
353,604,1
385,1182,1
390,1305,1
481,868,2
482.33,391.67,1
487.29,450,1.7143
491,196.5,1
502,1236,1.5
511.33,443.33,2.1667
518.33,1078.7,1.3333
586,962,1
706.29,603.71,1.4286
738,942,1
761,1047,1
860,1140,1
860,1157,1.5
862,1157,1
863.5,1021.5,1
864,1143,1
888,577,1
918,158,1
921,980,1
922,156,1
953,1275,1
959,1053,1
978.33,662.67,1
1009,244,1
1065.7,699.93,1.0667
1114.5,645,1
1131,647,1
1147,522,1
1233,1203,1
1316,447,1
1348,292,1
1377,254.5,1
1389.2,344.5,1.75
1405.4,862,1
1458.5,949.5,1.5
1462,404,1
1463,526.25,1.5
1509,533,1
1529,1146.5,1
1554,594,1
1581,983,1
1583,985,1
1593.3,1006.3,1
1602.3,274,1.6667
1602,276,1
1661,1129.5,1
1695.2,1037.7,1.8333
1693,1137,1
1694,820,1.5
1705,456,1
1772,860.5,1
1794,789,1
1798,679,1
1800,677,1
1800,679,1.5
1829,747,1.5
1837,807,1.5
1895.5,349,1
1990.5,744,1
2180,450,1.6667
2220,1064,1
2322,360,1
2333,822,1
2370,539.5,1
2378.7,429,1.8333
2482.8,851,1.75
2584,1045.7,1.3333
2618,376,1
2700.9,371.21,2.0909
2784,572,1
2846,772,1
2867,717,1
2873,942,1
137,738,2
175,266,2
246,1032,2
275,881,2
323.67,514.67,2
348,728,2.5
385,1178,2
391.33,389.33,2
399,455,2
404,743,2
415,820,2
496.67,1028.7,2
502.5,757,2
516,600,2
534,837,2
611,130,2
657,573,2
672,753,2
702.5,999,2
702.33,1001,2.3333
715,252,2
754,888,2
782,989,2
790,409.5,2
842,560,2
883,422,2
929,185.33,2.1667
942,215,2
941.5,213,2
963,392,2
965.08,680.58,2.6667
978,399,2
981.67,660.33,2
1061,700,2
1062.5,885,2
1064.2,887.25,2
1064,357,2.5
1092,224,2
1094,223.5,2
1129,650,2
1131,649,2
1144,626,2.5
1154,494,2
1288.3,1097.3,2
1301,845,2.5
1328,654,2
1348,290,2
1354,491,2
1373,983.5,2
1383.5,227,2
1397,1009,2.5
1437,313,2
1517,641,2
1524,311,2.6667
1556.5,1053,2.3333
1562,1112,2
1583,345,2
1667,814,2
1672,855.5,2
1674,856,2
1680.9,813.45,2
1689.5,526.5,2
1693,1135,2
1694,822,2
1746,749,2
1809.5,1074.5,2
1918.5,912,2
1920,914,2
1969,930,2
1971,461,2
2029,1189,2
2086.3,416.33,2
2093,875,2
2109,781,2
2114.1,446.5,2
2150,769,2
2154,368,2
2170,875,2
2275.3,687.67,2.5
2280,721,2
2312,770,2
2314,772,2.5
2327.5,457,2
2349,491,2
2355.5,625.5,2
2361,628,2
2374.2,539.25,2.5
2375.5,430,2
2380.9,1027.1,2.4444
2383,444,2.5
2407,610,2.8
2416,804,2
2416,806,2
2453,317,2
2516,827,2
2550,524,2
2624,722,2
2638,403,2
2725,933,2
2727,929,2
2744,444,2
2782,568,2
2782,570,2
2859,896.5,2
2862,897,2
2872,553,2
2899,930,2
2899,934,2.5
2915.5,972.25,2
79.667,442.33,3.3333
126,469,3
151.5,864,3
223,495,3
249,215,3
330,194,3
330,196,3
346,728,3
348.5,604,3
377,1070,3
396,914,3.5
461.67,200,3.3333
482,870,3
493,299,3
518,987,3
635,368,3
644,675,3
701.5,1136,3
702,1134,3
719,1042,3
719,1044,3
727,419,3
738,942,3
760,399,3
764,1089,3
785.5,250,3
797,466,3
861.5,1021,3
866,682,3
872,812,3
911,1241.5,3
922,1119,3
936.43,1132.8,3.5714
953,906,3
958.5,359,3
978,194,3
1054,1050,3
1068,575,3.5
1070,575,3.5
1072,575,3.5
1099,1186,3
1113,951,3
1115,951,3
1202,376,3
1224,357,3
1225,253,3
1226,1050,3
1228,1050,3
1239,492,3
1241,492,3
1246.2,296.5,3.1667
1289,488,3
1301,843,3.5
1326.5,493.5,3
1330,883,3
1349,865,3
1352.5,330,3
1353,328,3
1375,996,3
1377,468,3
1379,469,3
1400.3,524.33,3.6667
1420,1105,3
1420,1107,3
1433,313,3
1435,313,3
1435,315,3
1437,315,3
1439,604,3.6667
1440,900,3
1451,745,3
1453,745,3
1459,951,3
1462,675,3
1487,1030.5,3
1492.5,687,3
1504,591,3
1526.5,263,3
1527,261,3
1538,440,3
1610,1198,3
1651,239,3
1668.5,340.5,3
1671.8,963.64,3.32
1715,866,3
1717,866,3
1719.5,424.5,3
1725,608,3
1749.6,882.71,4.2857
1752,447,3
1754,445.5,3
1765,993,3
1785,1010,3
1826,1170,3
1828,1170,3
1837,1136,3
1859,1014,3
1945.7,389.33,3.3333
1977.5,450,3
1992.5,742,3
1993,744,3
1993,909,3
2009,324,3
2090,636,3
2111.5,767,3
2156,365,3
2156,367,3
2156,369,3
2219.7,641.14,3
2236,581,3
2282,721,3
2310,793,3
2335,398,3
2365,330.5,3
2374,979,3
2384,390,3
2389,1126,3
2420,365,3
2420,367,3
2522,373,3
2622,373,3
2640,427,3
2763,421.5,3
2766,792,3
2793,589,3
150,411,4
154,527,4.5
223,894,5
225,894,4
244,1032,4
250,831,4
412.33,487.33,4
423,936,4
456,804,4
462.5,202,4
512,1081,4
515.5,1079,4
524.5,351,4
539,187.5,4
550,1274,4
551,754,4
624,670,4
640.77,554.82,6.0909
686,1016,4
727,281,4
734,905,4
749,891,4
762,431,4.5
837,200,4.5
837,202,4
889,1035,4
889.5,1037,4
935,860,4
972,1141,4
972,1143,4
980,196,4
1018,1221,4
1031,321,4
1031,323,4
1033,321,4
1038,181,4
1053,212,4.5
1055,212,4
1067.6,689.4,4.2
1103.7,853.29,4
1129,647.5,4
1148.6,1006.4,4
1163,393,4
1207,563.5,4
1212,1156,4
1220,444,4
1227.5,1115,4
1259,609,4
1278,346,4
1280,346,4
1291,488,4
1300.5,886,4
1301,884,4
1302,634,4
1334.5,797,4
1350,665,4
1408,1099,4
1432,528,4
1436.5,678,4
1437.5,602,4
1450,747,4
1450.5,749,4
1498,551,4
1505,866,4
1560,1012,4
1579,775,4
1585,999,4
1611,873,4
1622.3,269.67,4
1672.2,996.25,4.5
1687,868,4.5
1723,610,4
1733,311,4.6667
1749,314.5,4
1753,309.5,4
1765,991,4
1796,364,4
1796,653,4
1796,655,4
1815,447,4
1815,449,4
1892,843.5,4
1950,530,4.5
2061.3,517.67,4
2076.5,775,4
2095,873,4
2095,875,4
2097,788,4
2097,790,4
2097,792,4
2099,788,4
2105,575,4
2109,772.5,4
2154,365,4
2187,988,4
2228,1076,4
2240,659,4
2262.5,694.75,4
2284,468,4
2286,468,4
2313,791.5,4
2334,1120.5,4
2362.7,329.67,4
2441,1094.5,4
2520,477,4
2603,747,4
2620,373,4
2630,682,4
2632,682,4
2772.5,466.75,4
2898,936,4
184,272,5
184.33,1109.3,5
197,930,5
203,360,5.5
405,558,5
412.08,648.69,5.6923
449,455,5
469,888,5.5
472.6,887.8,5
523,1010,5
525,1010,5
527,1008,5
564,762,5
598,771,5
633,367.5,5
634,240.5,5
672,633,5.5
678,686,5
685,229,5
762.5,433,5
762,584,5
763,435,5
764,584,5
781.08,124.15,5.3077
793,431,5
793,433,5
796,877,5
868,810,5
880.5,755.5,5
893,373,5
900.5,475,5
934,873,5
965.5,679,5
974,169,5
975.33,171.67,5
988,826.5,5
1010,358,5
1010,360,5
1013,266,5
1054.2,876.6,5
1070.7,1048.3,5
1073,1049.5,5
1127,273,5
1128,758,5.5
1215.5,708,5
1222,384,5
1232,788,5
1302,807,5
1337,495,5
1340,254,5
1374.5,742.5,5
1382.7,893.33,5
1388,601,5.5
1398.8,440,5.6
1461.5,412,5
1465,295,5
1479,277.33,5.3333
1479,280,5
1492,445,5
1517,630.5,5
1522,714,5
1535,841,5
1551,862,5
1604,884,5
1617,268,5
1637.1,845.67,5.4444
1685,868,5
1724,289,5
1752,446.5,5
1799,596,5
1806.8,855.07,6.2857
1817,480,5
1819,480.5,5
1940.5,1086.5,5
1950,973.5,5
1952,530,5
1967,336.8,5.4
1969,337,5
1981.2,754.25,5.0833
1991,360.5,5
2039,1027,5
2107,572,5
2136,457,5
2199,509,5
2201,509,5
2219,638,5
2226,379,5
2388,543,5
2439,429,5
2444,1091.5,5
2459,937,5
2461,937,5
2611.5,1028,5
2616,1028,5
2641.5,824,5
84,381,6
251,273,6
273,1218,6
316.33,501,6
357,887,6
367,286,6
424,233,6
469,416,6
496.86,876.86,6.5714
511.6,990,6.4
562,762.5,6
573,188,6
601,571,6
606,560,6
619.5,750.5,6
670,635,6
681,517,6
684.5,227,6
707,1017,6
720,154.5,6
742,1010.5,6
746,889,6
755,673,6
786.5,196,6
879,846.12,6.875
884.5,138.5,6
891,996,6
896.5,1016,6
900,364.5,6.5
902,213,6
913,674,6
918,306,6
921.72,424.33,6.5556
965,1160,6
990,824.5,6
992,824,6
1099.5,853.5,6
1126,758,6
1227.5,1111,6
1248.5,289.5,6
1251,289,6
1287.3,946.33,6
1290,817,6
1297,907,6
1326,493.5,6
1335,796.5,6
1337,792,6
1383,896,6
1388,599,6
1461,414,6
1466,873,6
1486,446,6
1500.2,465.89,6
1529,836.5,6
1551,396,6
1567,1154,6
1600,1163,6
1613,378,6
1687,988,6
1731.3,790,6
1779.2,292,6.6
1780,294,6
1851,902,6
1869,635,6
1886,386,6
1939,512,6
1948.3,970.67,6
1951.4,639.2,6
1965,336.5,6
2028,925,6
2093.2,637,6.8
2132,457,6
2134,457,6
2235.3,900,6.6667
2291,684,6
2324.3,1063.3,6
2325.4,605.67,6.5556
2330.5,775.3,7
2386.7,747.33,6
2401,400.5,6
2401,942,6
2405,944,6
2418,422,6
2448,683,6
2487,798,6
2663,805,6
2803,639.5,6
2858,866,6
191.5,860,7
203,1112,7
471,887.5,7
509,838,7
511,838,7
521,925,7
523,1318,7
548.5,579,7
564.33,762.33,7
565.5,758.5,7
608,560,7
616,620,7
664,834,7
666,834,7
722,154.5,7
725,526,7
744,1091,7
807,567,7
810,1206.5,7
820,1185,7
831,630,7
833,630,7
872,1167,7
873,811,7
891,990,7
893,371,7
893,141,7
895,987.33,7.6667
896.33,998.33,7
898,363.5,7
902,355,7
902,357,7
916.5,593,7
1148,640,7
1191,702,7
1485,299,7
1485,301,7
1487,299,7
1517.3,630.17,7
1520,301,7
1602,1166,7
1746,941,7
1754,1053,7
1819,482,7
1823,552,7
1903,380,7
1903.5,382,7
1944,492,7
2000.8,733,7.6
2004,1177,7
2018,717,7
2076,559,7
2121,606,7
2240,1023,7
2259,1035,7
2373,406,7
2392.6,506,7.4
2446,681,7
2522.5,465.5,7
2525.3,466.67,7
2526,419,7
2571.3,483,7.6667
2576,860,7
2614,1030,7
2665,803,7
2665,805,7
2884,875,7
347.5,310.5,8.75
366.33,203.33,8
366,267.5,8
367,594,8
372,440,8
372.06,245.09,8.875
386,275,8
392.5,271,8
398,297,8
404,187,8
415.75,597.25,8.75
443.5,385,8
521,1318,8
536,461,8
620.5,381,8
689.33,457.67,8
698,424,8
698,426,8
705,764,8
720,157,8
746,889,8
748,1089,8
751,673,8
777,124,8
787,454,8
834,612,8
870,875,8
870,877,8
878,161,8
878,163,8
921,1023,8
926.5,828,8
939,1132,8
941,1132,8
943,1132,8
961,212.33,8
1147.2,926.33,8
1241,1127,8
1370,760,8
1395,865,8
1415,506,8
1437,898,8
1446,535,8
1446,537,8
1496.5,629,8
1518,678.5,8
1526,998,8
1535,857,8.7143
1538,1057,8
1544.7,1055.7,8
1545,1058,8
1548.5,1070.9,9.4667
1554.7,640.71,8.8571
1616,536,8
1616,1052,8
1623,625,8
1625,624.25,8.5
1635.5,843,8
1765,608,8
1784,380,8
1786,261,8
1787.3,288.33,8
1791,584,8
1849,400,8
1919.5,704,8
1920,706,8
1941,512,8
1948,524,8
2006,782.67,8.6667
2076,776,8
2128.5,359,8
2129,357,8
2136,443,8
2246,1049,8
2316,620,8
2681,961,8
2841,407,8
90,560,9
289,978,9
289,981,9
345.25,203.5,9.75
346,313,9
352.14,323.84,9
358.38,222.33,9.0144
351,318,9
360.83,194.45,9
354.4,314.4,9
355,202,9
357.45,324.55,9
358.73,294.13,9
358,204,9
358.67,329.67,9
360.14,269.71,9
359.4,318,9
361.5,203,9
365.38,294.07,9
363,251.5,9
363,264,9
365.38,299,9
367.26,317.14,9.069
363.38,326.62,9
364.5,200,9
364,204,9
365.38,252.75,9
365,262,9
365,264.5,9
366.69,304.69,9.3077
367,284,9
369.5,322,9
367,324,9
370.5,324,9
374.17,297.88,9
373,328,9
374,272,9
374,276,9
376.5,283.6,9
377.39,319.35,9
375,287,9
375.5,328,9
375.4,191.8,9.6
376.5,325.5,9
377,287,9
380,270.46,9
379,287,9
379,324.5,9
381.67,300.11,9
380.5,307,9
382.8,276.2,9
386,297,9
390,326.2,9
391,283,9
391,289,9
393.5,337.2,9
444,367,9
475,824,9
525,1012,9
539.5,1182,9
545.4,578.6,9.2
549,540,9
610,203,9
624,446,9
624.5,448,9
634,950,9
687,460,9
709,731.5,9
727,1058,9.3333
824,1072,9
831,630,9
833,630,9
868,877,9
898,606,9
927.33,831.42,9.5833
942,1049,9
969,448,9
1023,172,9
1101,1058,9
1136,507,9
1136,627,9
1151,640,9
1167,431,9
1185,897.5,9
1205.5,657,9
1241,874,9
1245,369,9
1245,876,9
1248,554,9
1255,1016,9.5
1305,952,9
1333,894,9
1361,1032,9
1388,501,9
1433.5,1115,9
1451.7,1164.6,9.4286
1456,895.5,9
1503,562.5,9
1504.8,618,9
1507,760,9
1507,762,9
1519,840,9
1524,1002,9
1538.7,386.67,9
1550,942,9
1554.5,1007,9
1558.5,1012,9
1576,394,9
1617,711,9
1641,895.8,9.2
1643,897,9
1795,329,9
1812,485,9
1812,487,9
1817,379,9
1820,581,9
1820,583,9
1894,856,9
1982,1198.5,9.5
2084.5,789.5,9
2126,1102,9
2127.4,649.55,9.5455
2137,774,9
2168,872,9
2308,339,9
2417,422,9
2420,422,9
2480,459,9
2571.5,479,9
2577.8,830.25,9
2685,421,9
2786,1007,9
2862,768,9
2874.5,947,9
2886,1001,9
90,558,10.5
99,366,10.5
108,358,10
108,360,10
161.5,701,10
182,456,10
196.5,764,10
294,980,10
314,458,10
317,837,10
319,557,10
355,252,10
355,255,10
359.33,261.67,10
410.5,1252,10
414,1039,10
422,1106,10
424,1106,10
438,691,10
440.25,371.75,10
452.5,240.75,11.625
463.25,442,10
474,1088,10
478.5,461,10
498,717,10
500,717,10
533,807,10
551.5,675,10
608.5,377.75,10.75
678,515,10
678,517,10
680,517,10
688,221,10
716,136,10
727,1254,10
830,1077,10
861,667,10
880,303,10.5
880,305,10
894.6,518.8,10
908,495,10
941,1044,10
967,404,10
1024,333,10
1052,1026,10
1109.5,265,10
1147,931,10
1217.5,539.5,10
1240,369,11
1274,617,10
1276.5,615,10
1278,1035,10
1280.7,612.67,10
1280,1035,10
1296,1201,10.5
1316.5,698.5,10
1354,661,10
1356.5,315,10
1361,1034,10
1367.3,758.33,10.667
1373,804,10
1410.3,1078.3,10
1444,422,10
1456,856,10
1490.2,1057,10
1505,621,10
1505,872,10
1506,529,10
1523,846.5,10
1533,973,10
1540,1184,10
1555,1060,10
1555,1062,10
1561,1173,10
1566,1206,10
1570.2,1193.8,10.25
1580,1128,10
1645,893,10
1708,392,10.5
1723,1051,10
1727.4,233,11.2
1746,614,10
1759,238,10
1774,1029,10
1786,261,10
1788,259,10
1789,741,10
1790,259,10
1793,329,10
1799,1010,10
1815,379,10
1844,380,10
1919,470,10
1935,332,10
1935,334,10
1935,336,10
1939,856,10
2005,453.5,10
2117,351,10
2119,351,10.5
2159.5,426.5,10
2180.5,1123,10
2234,466,10
2265,405.5,10
2306,339,10
2306,341,10
2306,360,10
2308,341,10.5
2350.3,394.33,10
2367,381,10
2370,350.5,10
2388,888,10
2393.5,507,10
2403,608.67,10.667
2480,820,10
2481,802.5,10
2517,856,10.5
2571,465.5,10
2605,960,10
2605,962,10
2625,948,10
2695,798,10
2722,988,10
2784,1007,10
45,360.5,11
95.667,363,11
94,484,11
188,419,11
194,624,11
218,486,11
259,503,11
261,505,11
281,233,11
289,977,11
299.33,224.67,11
299,513,11
304,226,11
318,549,11
319,626,11
320,479,11
327,654,11
329,1008,11
385,817,11
410,1039,11
423.4,678.9,11.4
436,371.5,11
444,1248,11
449,476,11
461,579,11
463,605,11
474,1090,11
475,1240,11
485,227,11
487,223,12
498,428.6,11
497.5,903,11
498,715,11
501,437,11
530,782,11.5
595,924,11
614,548,11
624,669,11
631.2,945,11.4
647,435,11
669,376,11
680,282,11
680,284,11
691.18,1052.2,11.727
735,635,11
763,1204,11
798,869,11
810,268,11
812,267.5,11
818,129.5,11
838.2,158,11.4
842,722,11
869.5,161,11
907.5,582,11
925.5,993,11
967,436,11
969,436,11
988.5,691,11
989,693,11
1010.5,691.5,11
1024,337,11
1026,337,11
1047.3,967.33,11
1048.5,1071.3,11
1104,1071.5,11
1112,259.5,11
1132,629,11
1146.5,929,11
1169,1155,11
1171,1155,11
1258,824,11
1298,1201,11
1301,899,11
1340,772,11
1355,974,11
1369.5,615,11
1370.3,806.33,11
1385,802,11
1416,690,11
1451,768,11.5
1453.5,309.5,11
1462.6,873.86,11.571
1500,448,11
1500,450,11
1503,621,11
1523,945,11
1527.3,841.33,11
1536,261.5,11
1555,1008,11
1577.2,396.75,11
1598,1036,11.5
1617,707,11
1635,772.5,11
1700,921,11
1706,276,11
1710,392,11
1773,611,11
1807,1033,11
1843,480,11
1843,778,11
1845,778,11
1902,586,11
1917,602,11
1992,461,11
2023,917,11
2082,1165,11
2085,729,11
2089,681,11.5
2124,481,11
2124,483,11
2127.3,762.33,11
2131,730,11
2221,335,11
2246,1041,11
2302.4,481.75,12.062
2341,688.5,11
2367,891.5,11
2393,916,11
2473,682,11
2515,856,11
2573,465,11
2587,421,11
2587,846,11
2617,1091,11
2653,594,12
2783,509,11
2783.2,625.42,11.833
78,256,12
163,320,12
174,267,12
181,362,12
183,362,12
195.5,764,12
209,1081,12
247,598,12
260.67,681,12.667
265,499,12
269,861,12
307,276,12
327,656,12
377,419,12
379,857,12
407.5,577.25,12.5
421.6,512,12.8
422.2,1019.1,12.5
472,294.25,12.25
497,901,12
498,436,12
509.27,429.27,12.455
513,183,12
520,789,12
521,980,12
545,743,12
548.5,660.5,12.25
558,1321,12.333
562,443,12
592,367,12
597,922,12
648.5,296.17,13
665.5,378.5,12
669,378.5,12
691,826,12
691,828,12
698,771,12
839,160,12
839,1312,12
845.5,475.5,12
866.17,179.17,12.5
901,1233,12
914.75,593.75,12.375
953,307,12
996,675,12
1003.3,1130.7,12
1010,743,12
1052.7,1024.3,12
1086.5,1051,12
1086.5,1053,12
1097,312,12
1099,315,12
1102,632,12
1149,520,12
1177,615,12
1212,695.29,12
1218,360,12
1218,540,12
1246,1252,12
1278,1191,12
1296,554,12.5
1320,700,12
1392,1201,12
1395,520,12
1414,688,12
1416,688,12.5
1432,472,12
1475.7,477.67,12
1494,411,12
1499.5,435.55,13.091
1498,448,12
1509,561,12
1510,565,12
1511,569,12
1515,747,12
1517,747.5,12
1521,724,12
1524.5,720,12
1525.5,722,12
1526.6,748.2,12
1529,843,12
1535,387,12
1535,389,12
1546,268,12
1546,270,12
1548,268,12
1552,1062,12
1554.3,1041.7,12
1561,271,12
1566,1193,12
1608,829,12
1627.2,762,13
1637,581,12
1637,583,12
1658,625,12
1682,422,12
1685.3,1103.3,12
1690,960,12
1727,231,12
1727,531,12
1735,446,12
1820,297,12
1827,535,12
1837,716,12
1895,370,12
1933,332,12
2002,747,12
2002,749,12.5
2011,668,12
2072,1029,12
2094,682,12
2102,752,12
2104,345,12
2178,839,12
2180,839,12
2183.9,857,12
2229.5,467,12
2261,406,12
2261,408,12
2266,584,12
2293,604,12
2308,457.5,12
2332,424,12
2364,530,12
2401,626,12
2425,289,12.5
2477,922,12
2509,1018,12
2541,604,12
2545,539,12
2631,970.5,12
2685,509,12.8
2697.5,603.5,12
2704,402.33,12.667
2727,472,12
2803.8,904.25,12.25
2846,762,12
2846,764,12
135,386,13
136,526.5,13
138,526.5,13
164.5,281,13
188,740,13
212,1229,13
228,770.5,13.5
246,735,13
247.5,596,13
248.5,594,13
261,679,13
264.83,505,13.333
292,676,13
305,270,13.5
379,855,13
396.33,470.33,13
402,1051,13
451,470,13
490,974,13
496.5,464,13
509,995,13
521,475,13
526.33,1016.7,13.667
557,1323,13
561.5,1229.5,13
562,441,13
583,848,13
595,920,13
609,339,13
617.4,269.2,13.6
629,1086,13
645,735,13
665,1242,13
677,714,13
685,723,13
733,1083,13
810,268.5,13
822.5,435,13
839,1300.5,13
846,1208,13
853,653,13
853,655,13
897,1233,13
899,1233,13
910,843,13
956,414,13
971,405,13
971,407,13
1035.5,703.25,13.75
1053.5,965.5,13
1065,1269,13
1067,760,13
1069,760,13
1084,714,13
1100,864,13
1158,1156,13
1194.5,554,13
1241,936,13
1259,588.33,13.667
1318,617,13
1320,617,13
1369,1002,13
1373.3,1002,13.333
1373,1101,13
1411,994,13
1416,467,13.5
1418,688,13
1425,456,13.5
1471.5,449,13
1487.3,269.6,14.3
1506.5,568,13
1508.5,671,13
1509,747,13
1511,667,13
1512.3,560,13
1517,744.5,13
1528,837,13
1528.5,931,13
1531.8,898,14
1568.1,1190.7,13.733
1614,1056.5,13
1623,335,13
1681,375,14.333
1685,421,13
1717.5,484.5,13
1731,444,13
1774.7,465.67,13
1816.8,482.67,13
1818.5,486,13
1885,1105,13
2002,732,13
2013,871,13
2021,862,13
2130,439,13
2149,565,13
2178,841,13
2185,564,13
2216,592,13
2302,706,13
2306.5,503,13
2371,530,13
2395,916,13
2399,626,13
2403,626,13
2419,420,13
2427,289,13.5
2564,339,13
2572,845,13
2572,847,13
2578,837,13
2688,382.86,14
2738,626,13
2801,882.67,13.333
2804.2,597.25,13
2809.4,747.43,13.429
77,378,14
91,485,14
98.167,558.17,14.667
155,481,14
161,703,14
163,703,14
165,478.5,14
167,480,14
191,1191,14
228,369,14
279,560,14.333
280,558,14
299,1285,14
365,209,14
371.5,596,14
372,594,14
378,417,14
394.5,661,14
396.67,467.33,14
445,968,14
469.5,760,14
476.5,460,14
513.5,435,14
532,1025,14
545,167.5,14
557,1233,14
583,850,14
597.46,188.15,15.923
609,594,14
611,593.5,14
626,1068,14
649,643,14
651,648.5,14
653,648,14
660.5,869,14
674,1142,14
715,1222,14
720,386,14
737,1086,14
737,1088,14
746,187,14
750,165.5,14
976,905,14
982,575,14
982,577,14
1028,705,14
1038.5,748.75,14.25
1039.5,745,14
1045.1,243.22,15.444
1048,855,14
1048.5,860,14
1047.8,964.2,14.4
1065,1267,14.5
1081,938,14.5
1088,563,14
1092,1028,14.5
1096,732,14
1098,732.5,14.5
1141,1150,14
1206.5,977,14
1207,734,14
1216.5,618,14
1219.2,262.75,14
1227,349,14
1256,679,14
1258,681,14
1284,597.5,14
1286,596.5,14
1320,878.75,14
1394,1219,14.5
1418,467,14
1470,529,14
1482.6,270.62,14.75
1482,369,14
1482,371,14
1482,1159,14
1497.5,488.5,14
1502,486.5,14
1532.5,834,14
1534,850,14.667
1539,511,14.5
1574,853,14
1582,830,14
1598,1034,14
1609,568,14
1625,758,14
1625.5,760,14
1628,627,14
1639,358,14.5
1651,933,14
1651,935,14
1658,586,14
1682,359,14
1745,476,14
1766,282,14
1774.5,645,14
1789,1064,14
1798,874,14
1808,791,14
1810,1034,14
1815,449,14
1816,425,14
1827.5,533.5,14.5
1858,370,14
1883.7,1196.7,14.333
1920,436,14
1931.5,941,14
1960,750,14
2072,394,14
2079,902,14
2080,629,14
2104,439.75,14
2163,901,14.5
2305,1050,14
2307,498.75,14
2307,1049.5,14
2323,782,14
2359,594,14
2363,338,14
2377.3,758,14
2406.4,439,14.6
2427,291,14
2464,1112,14
2469,1094,14
2578,443,14
2587,911,14
168,358,15.5
173,878,15
177,517.33,15.667
189,1191,15
210,763,15
212,765,15.5
219,382,15
287.62,739,15.5
305,272,15
330.5,273,15
335,797,15
362,427,15
369,596,15
392.5,472.5,15
555.5,1252,15
557.5,660,15
559,1298,15
573.33,677,15.5
604.25,810.5,15
611,337,15
622.5,185,15
625,1109.7,15.5
667,455,15
667,457,15
683,315,15
712,508.5,15
717,504,15
752,166,15
755,1271,15
755.75,1273,15.75
763,279,15
819.5,431,15
892,689,15
896.5,1111,15
896.67,1113,15.333
899,1109,15
906,915,15
914,595,15
975,645,15
1041.3,1119.3,15
1069.7,698,15.333
1075,564,15
1081,940,15
1083,940,15
1086.5,598.5,15
1086,775,15
1088,1053.5,15
1089,598,15
1092,1030,15
1164,1135,15
1208.5,973,15
1299,679,15
1299,834,15
1337,472,15
1345,614,15.5
1349.5,973,15
1364,1019,15
1424.4,295.4,15.2
1432,432,15
1446,652,15
1454,342,15
1482,267,15
1503,874.5,15
1507,587,15
1507,589,15
1509.6,560.44,15.278
1532.5,539,15.5
1539,513,15
1570,1198,15
1596,1032,15
1652,332,15.5
1674.5,603,15
1678,599,15
1685,524,15
1699,420,15
1767,284,15
1786.6,615.8,15
1801,300,15
1807.5,289.5,15
1814,785,15
1817,446.5,15
1822,506,15
1850,339,15
1851.7,1021.3,15
1925,875.5,15
2075,450,15
2078.3,448.57,15.571
2108,740,15
2221,790,15
2405,437,15
2424,363,15
2479,811,15
2503,414,15
2512.8,551,15
2584,471,15.6
2607,348,15
2629,717,15
2632.3,715,16.333
2703.7,356.33,15
2774,1028,15
2815.5,750,15
118,364,16
120,362,16
131,225,16
162.5,280.5,16
165,359.43,17.286
165.5,227,16
212,663,16
217,258,16
244,737,16
247,273,16.5
257,785,16
277,1067.5,16
306,967,16
325,749,16
357,576,16
362,800,16
383,1092,16
418,376,16
426.33,328,16.333
429,326,16
443,1054,16
443,1056,16
453,475,16
457,1194.5,16
504.25,1072,16
517.5,1211.5,16
529,341,16.5
539,232,16
559,1301,16
600,953,16
604,477,16
621,833,16
622,167,16
630.5,970,16
645.2,332.2,16.8
673,244,16
674,206,16
735,487,16
755,1269,16
787,104,16
787,106,16
795,1173,16
862,1063.3,16.667
892,693,16
925.33,1236.7,16
936,157,16
946,375,16.5
971,645,16
971,647,16
1019,898,16
1021,898,16.5
1024,472,16
1056,1036,16
1056,1038,16.5
1070,700,16
1081,778.5,16
1085,1054,16
1087,457,16
1105,732,16
1119,273,16
1140.7,894.67,16
1141,1152,16
1143,1152,16
1171,356,16
1177,614,16
1196,296,16
1218,537,16.667
1217.2,539,17.333
1238.4,230.14,16.5
1238.5,938,16
1241,456,16
1261,1244,16
1261,1246,16
1289,685,16
1315,245,16.5
1331,1205,16
1331,1207,16
1331,1209,16
1342,591,16
1342,907,16
1344,907,16
1345,616,16
1350,799,16
1371.1,749.33,16
1403,893,16.5
1430,274,16
1444,652,16
1468,531,16
1474,370,16
1474,372,16
1476,372,16.5
1492,396,16
1492,398,16
1492,400,16
1495,485,16
1503.5,590.88,16
1505,588,16
1506,562,16
1511,880,16
1545.5,1055,16
1563,1195,16
1570,794,16
1572.2,342.83,16
1583,546,16
1610,893,16
1643,752,16
1706,362,16
1725,713,16
1725,715,16
1734,770.67,16
1761,452,16.5
1808,795,16
1819.2,510.4,16.3
1819.5,687,16.5
1820,1114,16
1846.5,569,16
1846,963,16
1863,976.5,16
1865,384,16
1865,386,16
1867,384,16
1916,799,16
1974,859,16
1974,861,16
2003,923.75,16.25
2025.7,324.55,16
2077,705.4,17.4
2077,708,16
2085,762,16
2087,762,16
2089.5,1127,16
2111.2,410.74,17.263
2135,444,16
2139,1089,16
2169,768,16
2228,794,16.5
2231,586,16
2235,788,16
2302.8,485.25,16
2310.5,499,16
2324,1080,16
2396,350,16
2438,994.5,16
2455,1075,16
2461.5,544,16
2592,770,16
2621,715,16
2670,605.5,16
2760,394,16
2766,409,16
214,765,17
216.5,663,17
261,819.5,17
273,1212,17
281,493,17
282,805,17
288.5,665,17
312,528,17.333
324,524,17
335,799,17
335,938.5,17
344,482,17
385,1092,17
390.57,289.86,17.429
395,1007,17
414.5,1199,17
416,374,17.5
438,237,17
438,456,17
442,568,17.5
442,570,17
461,303,17
500,662,17
506,510,17
508,510,17
531,339.4,17.2
533,339,17
539,851,17
558,1252,17
559,1229,17
582,268,17
600.5,808.5,17
605,809,17
623,486,17
625,1079,17
626,560,17
629,960,17
631,174,17
631,962,17
650,808.5,17.5
651,250,17
653,249,17
653.67,810.67,17.333
668,224.5,17
673,307,17
690,1035,17
690,1037,17
707.25,335.25,17.5
746,863,17
772,608,17
773.5,1107.2,17
781,1313,17
786,1117,17
786,1119,17
819,655,17
892,670,17
900,190,17
958,1160,17
1034,762,17
1041,840,17
1048.7,861.33,17
1057,942,17
1057,944,17
1074,934,17
1081.8,1297.2,17.5
1134,531,17
1173,356,17
1194,296,17
1194,298,17
1210,475,17
1220,272,17
1250,446,17
1288,279,17
1299,1053.2,17
1340,907,17
1344,938,17
1364,290,17
1373,1200,17
1374,774,17
1380.5,810,17
1390,1219,17
1405,412,17.5
1431,433,17
1442,1110,17
1457,330,17
1461,875,17
1461,898,17
1478,374,17.5
1483,1028.7,17.333
1489.3,602.67,17
1492,870,17
1497,549,17
1498,810,17
1527,838,17
1529,906,17
1534,849,17
1546.3,1053.2,18.333
1568.5,1196,17
1600.7,1012,17.714
1650,549.5,17
1654,430,17
1673,603,17
1690.4,512.6,18
1698,236,17
1783.1,564.4,17.2
1798.8,293,17
1800,670.5,17
1802.7,296.33,17
1804,315,17
1816.5,423,17.5
1821.5,544,17
1823,1064,17
1826,542,17.333
1826,666,17
1844,756.5,17.5
1852,1022,17
1866,984,17
1879,1170,17
1966,329,17
1976,859,17
1976,861,17
2001,314,17
2006,495,17
2055,794.29,17.857
2076,421,17.5
2081.6,858.04,18
2095,648,17
2097,650,17.5
2145.5,905.5,17
2160.5,426.5,17
2266,1054,17
2274,767,17
2289.8,671.83,17
2345,602,17
2345,604,17
2351,1092,17
2361,334,17
2444,487,17
2472.8,832.33,17.167
2474,356,17
2516.3,547,17
2516,358,17
2518,538,17
2528,1097,17
2538,648,17
2579,833.5,17
2623.2,405.75,17
2639,1008.5,17
2661.2,368.75,17.75
2716,650,17
2734.5,946,17
2757,391,17
2789,470,17
196,232,18
217,816,18.5
224,692,18
249,273,18
249,275,18
249,277,18
256,564,18
258,564,18
263.67,582,18
269.25,474.38,18.5
294,738,18
301,994,18
310,527,18
343.5,934.5,18
393,830,18
415,955,18
430,1215.5,18
451.5,392,18
480,568,18
518,813,18
535,1307,18.5
557,536,18
566.5,260.5,18
612.2,926.4,18
626.67,1112.7,18
628,975,18
671,307.5,18
671,312,18
683,1085,18
707.6,1273,19.2
712,1232,18
728,721.5,18
737.5,439.5,18
755,395,18
755,397,18
782.75,1119,18
806,411.67,18.333
814.78,668.78,18.222
822.5,477,18
855.5,1074,18.5
856,1072,18
865,663,18
867,663,18
869,370,18
869,663,18
871,372,18
872,212,18
874,212,18
947,689,18
958,1163,18
967,1159,18
975,661,18
983,657.5,18
984,894,18
990,1022,18
1042,272.5,18.5
1045,338,18
1047,338,18
1057,946,18
1067.8,187.67,18.5
1072,934,18
1084.3,326.33,18
1084,883,18
1084,887,18
1101.5,307,18
1128,1096,18
1130,1096.5,18
1169,620,18
1211,684,18
1218.8,818,18
1220,268,18
1220.4,729.8,18
1233,1149,18
1302.8,1055,18.167
1330,633,18
1338,966,18
1353,272,18
1359,1228,18
1373.2,478,18.4
1380,345.5,18.5
1381.5,851,18
1391,611,18
1398,268,18.25
1428.7,433.67,18
1452,276.11,19.111
1455,758,18
1457,758,18.5
1466,907,18
1468,907,18
1484,342,18
1484,449,18
1484.7,1032.3,18
1486,342,18
1486,344,18
1487,420.5,18
1487,581,18
1496,530.33,18.667
1522.5,725,18
1524,829,18
1526.5,830.5,18
1528,258,18
1556,635,18
1581,257,18
1663,1005,18
1671,723,18
1734.2,821.25,18.5
1744,836,18
1752,310.5,18
1773.5,487,18
1775,1060,18
1778,1017,18
1791,512,18
1791,514,18
1791,516,18.5
1801.4,368,18
1802,1095,18
1819,638,18
1826,668,18
1847.2,566.25,18
1848.3,726.33,18
1863.3,975.67,18
1865.5,979.5,18
1873,1046,18
1918.2,985.75,18
1954,721,18
1999,314,18
2001,312,18
2003,922.5,18
2004,376,18
2065,901,18
2073,705.5,18
2075,705.5,18
2076,438,18
2108.2,784.45,19.091
2115,972,18
2117,972,18
2123,337,18
2126,1078,18.5
2151,779,18
2163,362,18
2182.2,536,18.875
2196,736.5,18
2198,737,18
2200,737,18
2217.6,816.86,19.143
2303.5,546,18
2304.5,469,18
2380,293,18
2380,295,18
2382,293,18
2383,1066,18
2384,293,18
2385,1066,18
2435,893,18
2470,832,18
2474.7,823.33,18
2599,457,18
2624,714,18
2624,716,18
2659,359,18
2661,359,18
2663,364,18
2683,661,18
2685,661,18
2687,661,18
2720,776.25,18.75
2778,777,18
107,466,19
199,500,19.5
215,666,19
260.33,583.67,19
273,288.2,19.4
328,526,19
343,468,19
348,312,19
353,1178,19
360.43,950.57,19.143
384,1091,19.5
398,1115,19
412,970,19
414,970,19
415,957,19
420,959,19
435,455.25,19.75
479.5,810,19
499,1115,19
514,868,19
515,710.5,19
527,1160,19.5
527,1162,19.5
533.5,341,19
557.5,451,19
592,266,19
628,973,19
647,1028.5,19
652.33,806.33,19
688,943,19
716,1236,19
782,1314,19
792,291,19
799,802,19
822.5,265,19
842.5,657.5,19
884.5,531,19
885,266,19
947.5,1267,19
966,559,19.5
973,671,19
975,669,19
1011.5,1071.7,19
1027,468,19
1043,277,19
1044,272,19
1094,1272,19
1128.5,559.17,19.5
1217.5,271.5,19
1219,1001,19
1231,827,19
1234,232,19
1237,280.5,20.375
1240,824,19.5
1251,523,19
1311,1205.5,19
1313,242,19
1331,609,19
1362,1193,19
1380,565,19
1386,962,19
1404,1032,19
1436,1142,19
1447.7,277.67,19
1450,277,19
1453.8,601.25,19
1469,904,19
1491,859,19
1498,810,19
1501,553,19
1522.4,261.2,19
1527,362,19
1534,888,19
1534,938,19
1541,987,19
1565.5,1152,19
1574,343,19
1580,1075,19
1582,1075,19
1595,1034,19
1597,463,19
1599,463,19
1607,269.5,19.5
1609,394,19
1609,574,19
1616,663,19
1620,337,19
1625,963,19
1636,606,19
1672,1042,19
1701,874,19
1777,1015,19
1777.5,1060,19
1806,367,19
1816,669.5,19
1818,669.5,19
1821,1021,19
1826,793,19
1833.5,641,19
1833.7,639,19.667
1882,546,19
1882.5,548,19
1936,1112,19
1936,1114,19
1982,942,19
1994,650.5,19
1995,1147,19
2016,1181,19
2027.5,324,19
2093,647,19
2095,647,19
2104,811,19
2104,813,19
2126,824,19
2126,826,19
2136,383,19
2136,1104,19
2149,775,19
2253,434,19
2253,436,19
2255.4,1107.5,20.682
2300,662,19
2317,805,19
2328,1150.5,19
2338.5,1120.5,19.5
2377.3,852.67,19
2384,295,19
2509,1025,19
2532,481,19
2546,509,19
2610.7,1001.3,19
2661,364,19
2677.8,390.29,19.857
2706,545,19
2782,898,19
2791,359,19
111,466,20
144,525,20.5
154,712,20
156,686,20
186.6,253,20
197,502,20
199,502,20
201,500,20
201,502,20
216,991,20
218,991,20
268.44,172.44,20.444
285,1028,20.5
295,1116,20
312,457.5,20
323.33,582.33,20
345,612,20
355,476,20
400.5,1115,20
416,1099,20
436.33,236.33,20
449.8,677.2,20.4
488,401,20
519,330,20
532,536,20
544,1226,20
594,266,20
649,728,20
655.6,389,20
689.5,376,20
754,870,20
783,1120,20
814,666.5,20
852,186,20
853,1101,20
853,1103,20
854,186,20
866,1228,20
873,211.5,20
885.5,1095.5,20
893,887,20
895,195,20
947.5,1269,20
964,559,20
989.5,1050,20
996.87,461.47,21.067
1002,669,20
1018,245,20
1020,359,20
1036,688,20
1038,997,20
1044,993,20
1120,851,20
1126,258,20
1136.3,768.33,20
1159,330,20
1191,460,20
1236,277.5,20
1251,872,20
1281,1212,20
1283,1211.5,20
1333,361,20
1369,898,20
1398,285,20
1447,455,20.5
1447,457,20
1450,914,20
1454.5,918,20
1464,449,20
1466,445,20
1466,495.5,20
1487,579,20
1495,1183,20
1511.2,571.67,20.867
1540,883,20
1549,1058,20
1553,992,20
1558,1094,20
1584,673,20
1618,335,20
1659,282,20
1680,273,20
1680,965,20
1681,744,20
1695,232,20
1700,392,20
1717,235,20
1744,432,20
1753,845,20
1784,1022,20
1795,309,20
1795,311,20
1826,258.33,20
1833.5,634,20
1839,760,20
1910,412,20
1910,414,20
1929,779,20
2003,1151,20.333
2014,1181,20
2033,324,20
2053,693,20
2064.5,901,20
2071,712,20
2128.5,889,20.5
2139,620.5,20
2153,738,20
2155,780,20
2171,772,20
2173,880,20
2178.7,532.64,20.818
2312,666,20
2380,295,20
2433,907,20
2435,769,20
2466,873,20
2467,828,20
2534,481,20
2550,508,20
2550,648,20
2584,426,20
2619,1007,20
2646,820,20
2660,703,20
2718,776,20
2739,871,20
2765,446,20
2820,745,20
2822,745,20
140,370,21
211.5,1036,21
240,668,21
287,1028,21
357,460.71,22.286
362,460,21
398,1115,21
410,439,21
466,332,21
514,866,21
522,1011,21
530,1282,21
530,1284,21
574,1248,21
623,850,21
653.5,1011.5,21
667,446,21
667,448,21
723,333.5,21
754,979,21.5
765,558,21
796,885,21
818,658,21
842,622,21
864,1225,21
871,260,21
891,891,21
895.5,366,21
899,868,21
899,870,21
931,988,21
950,1017,21
950,1019,21
989,216,21
1045,276.5,21
1085,718,21
1098,479,21
1122,747,21
1129,841,21.667
1131,559,21
1164,1090,21
1166,1090,21
1184,324,21
1199,986.5,21
1213,775,21.5
1226,828,21
1229,373,21
1229,375,21
1269,606,21
1271,606,21
1273,525,21
1276,829,21
1289,800,21
1320,255,21
1320,257,21
1348.8,576.4,21
1349.8,981.6,21
1360,745,21
1391,586,21
1417,621,21.5
1431,509,21
1435,1126,21
1450,276,21
1466,447,21
1467,765,21
1478.9,233.29,21.857
1524.5,515.5,21.5
1542,276.5,21
1551,1043,21
1551,1045,21
1558,1111,21
1562.7,1199.7,21
1568.8,1202,21
1569,233,21
1575,891.83,21.5
1583.9,1086.4,21.857
1610,376,21
1650,447,22
1666,330,21
1676,487,21
1732,647,21
1785,532,21
1785,534,21
1792.4,1062,21.714
1795,525,21
1851,303,21
1915,949,21.5
1956,325,21
1984.4,317.2,21
2022,402,21
2024,402,21
2031.1,910.25,22
2049.2,330,21.25
2056,935,21
2131.3,369.33,21.5
2139,383,21
2140.7,337.33,21.667
2171,882,21
2262,1081,21
2342,802,21
2370,528,21
2387.2,510.5,21
2481,449,21
2639,495,21
2644.5,416,21
2660,705,21
2733,683,21
2779,776,21
2798,779,21
199.62,728.62,22.375
214.4,1034,22
247,950.6,23
269,174.5,22
282.5,186.25,22
288,227,22
288,229,22
324.5,581,22
395,654,22
395,656,22
414.29,1207.7,22
420,1013,22
456,918,22
514,826,22
514,850,22
516,361,22
518,361,22
527.5,534,22
539,474,22
574,841,22
624,168,22
626,168.5,22
641,1017,22
641,1019,22
642,1000,22
641.5,1021,22
653.75,493.38,22
690,718.5,22
693.75,722,22
754.5,905,22
755,903,22
755,907,22
794,637,22
805,808,22
808.5,727.17,23.167
812.33,1118.3,22.667
843.33,156.83,22
851.67,671.67,22
852,278,22
855,1105,22
863,145,22
864,1075,22
868,620,22
868,622,22
870,620,22
870,622,22
873.33,239.89,22
888,222,22
890,986,22
890,988,22
908,242,22
909,300,22
925.67,835,22.333
951.33,1079.4,22.111
955.5,208,22
963,822.2,22.6
970,440,22
972,440,22
999,460,22
1024,408,22
1042,575,22
1054,722,22
1054,724,22
1054,726,22
1065,231,22
1085,978,22
1094,738,22
1098,481,22
1098,483,22
1100,481,22
1115,954,22
1123,1047,22
1123,1049,22
1126,760,22
1129.5,843,22
1132,721,22
1139,708,22
1139,1199,22
1141,1199,22
1142.5,838,22
1283.5,1211.5,22
1299,779.5,22
1302,962.5,22
1331.3,817.83,22.667
1334,821,22.5
1343,345,22
1345,1098.5,22
1359,457,22.5
1368,808.5,22
1407,614,22
1413.5,1071,22
1419,621,22
1424,660,22
1424,662,22
1428,996,22
1431,673,22
1457.5,268,22
1468,877,22
1480,235,22
1500,785,22
1524.5,519,22
1524,521,22
1530,651.5,22
1545.2,702.67,22.083
1650,449,22
1655,281.5,22
1693,1041,22
1702,1142.5,22.5
1729,239,22
1744,809,22
1748.8,701,22.75
1753.5,1073,22
1754,849,22
1755.5,554,22
1778,544,22
1780,545,22
1800,812.5,22
1802,374,22
1834.3,631,22
1859,923,22
1915,951,22.5
2000,1151.5,22
2005,1041,22
2047,349,22
2049,333,22
2092,326,22
2118,1119,22
2128.5,338.5,22
2131,754,22
2140.4,621,22.4
2151,552,22
2206.7,499.33,22
2264,1083,22
2286,610,22
2288,610,23
2335.5,1095,22
2335,1097,22
2386,468,22
2400,511,22
2418.5,887,22
2418,1076,22
2420,1076,22
2590,781,22
2590,783,22
2687.5,746,22
2764,446,22
2763.5,448,22
2791,623,22
2808,652,22
2819,616,22
168.4,514.4,24
203.04,272.73,23.077
205,455,23
229,285,23
330.33,927.33,23.667
343.5,320,23
355,576,23
408,1218,23
427,490,23
445,753,23
464,1125,23
477.5,301,23
487,192,23
492,1002,23
495,1073,23
517,330,23
517,332,23
519,330,23
529,655,23
531,655,23.5
569.75,776.25,23.25
573.5,1010.5,23
577,462,23
588,893,23
607,359,23
637.5,1019,23
670.5,981.5,24.2
701,912,23
705,753,23
709,742,23
711,740,23
720.5,642.5,23
750,969,23
753.5,428.5,23
800.63,1026.3,23.947
833,856.5,23.5
871,727,23
883,1128,23
897,929,23
902,165,23
924,223,23
926,833,23
941.5,187,23
942,189,23
948,1017,23
948,1019,23
961,823.5,23
963,372.5,23
971.5,943.5,23.625
985,218,23
987,712,23.5
999,172,23
999,174,23
1025,722,23.5
1066.3,1118.7,23.667
1081,976,23
1083,976,23
1085,976,23
1086,854,23
1086,856,23
1125,875,23
1139,1197,23
1141,1197,23
1193,869,23
1203,733,23.5
1203,735,23.5
1221,1023,23
1223,1113.2,23.5
1223,1116,23
1246,1131,23
1295,277,23
1330,518,23.5
1335,762,23
1339.5,608.5,23
1350.4,984,23
1352,948.2,23
1350,1224,23
1352.1,656.18,23.545
1356,948,23
1359,459,23
1382.5,760,23
1395,265,23
1422,1147,23
1422,1149,23
1447,1118,23
1466,879,23
1514,296,23
1518,969,23
1549.5,635,23
1560,732,23
1588,855,23
1601,849.93,23.133
1610,376,23
1610,378,23
1629,491,23
1683,343.5,23
1698,230,23
1732.9,287.62,23.75
1738.5,288.5,23
1742,1037,23
1752.4,316,23
1764,757,23
1771,473,23
1773,471,23
1773,473,23
1794,659,23
1796,540,23
1797,1065,23
1798.7,277.67,23
1799,1065,23.5
1813,838,23
1846,723,23
1859.5,319,23
1873.5,1075.5,23
1935,844,23
2004,1149,23
2060,805,23.5
2133,791,23
2144,587,23
2146,587,23
2180,530,23
2182,532,23
2255,430,23
2255,432,23
2307,506,23
2389.7,513.33,23
2419,617,23
2484,754,23
2537.5,901,23
2694,564,23
2752,720,23
2800,966,23
199,522,24
203,267,24
227,231,24
265,781,24
275,228,24
283.5,187,24
294,496,24
426,454,24
428,454,24
493,475,24
503,558,24
518.33,597.33,24
518,1222,24
566.5,1271.2,24.333
574.8,1007.4,24
574,1166,24
576,1161,24
621,866,24.5
633,570,24
683,452,24
703,1072,24
706.67,754.17,24.833
705,1084,24
710,754,24
711,502,24
724,643,24
741,729,24
743,729,24
748,972,24
823,415,24
837,665,24
849,185,24
857,439,24
873,239,24
902,289,24
902,291,24
902,293,24
921,492,24
941,406.5,24
941,886.5,24
944.82,885.55,24
953,1038,24.5
975,334,24
981.5,333,24
987,710,24
1024.5,720,24
1048,878,24
1057,753,24
1057,755,24
1109,1034,24
1115,663,24
1149.5,628,24
1158,1104,24
1184,441,24
1188,591,24
1217,235,24.5
1223,1025,24
1225,1113.5,24
1257,584,24
1286,1216,24
1326,672,24.5
1330,520,24
1343,541,24
1348,616,24
1350,1226,24
1352,1224,24
1360,580,24
1361,936.5,24
1427,1069,24
1481,260.5,24
1494,767,24
1499.5,787,24
1510,296,24
1513,581.5,24.5
1525,519,24
1540,266,24
1542,275,24
1544,275,24
1559,574,24
1565,370,24
1575.2,468.5,24
1586,498,24
1725,947,24
1734.5,463.33,24.3
1736.8,291,24.4
1744,810,24
1755,297,24
1755,299,24
1757,299,24
1757,315,24
1757,317,24
1794,299,24
1796,812.25,24
1817,464,24
1898,877,24.5
1900,875,24
1900,877,24
1905,927,24
1909,561,24
1916,895,24
1923,346,24
2041,533,24
2047,352,24.5
2054,530,24
2056,529.5,24
2058,805,24.5
2058,807,24.5
2144,591,24
2155.5,554,24
2194.1,939.6,24.905
2311.3,433.33,24
2417,421,24
2419,615,24
2471,1096.5,24
2600,825,24
2710,746.5,24
2737,1026,24
196,703,25
200,375,25
220,723,25
221.5,744.5,25
222,723,25
224,723,25.5
249,678,25.5
330.5,931,25
339,840,25
348,456.5,25
350,453,25
350,455,25
350,457,25
373,525,25
378,631,25
380,633,25
382,646,25
418,811,25
435,199,25
442,861,25
446,411,25
501,558,25
571.67,774.67,25
578.6,1013.8,25
585,491,25
629,528,25
638,685,25
641,564,25
648.67,492.67,25
649,982,25.5
651,982,25
693.88,721.25,25
709,1084,25.5
718,640,25
763.2,573.6,25
806.67,661.33,25
808,416,25
810,266,25
876,244,25
885.5,832.75,25
923,181,25
942,511,25
979,502,25
981,502,25
982,337,25
1007.1,456.5,25.5
1086,299,25
1129,622,25
1133,416,25
1133,418,25
1148,882.5,25
1165.7,704.33,25
1183.5,296,25
1185.5,294,25
1195,321,25
1242,937,25
1289,1010,25
1364,820,25
1368,815,25
1370,816,25
1372,815,25
1372,817,25
1391,475.5,25
1394,605,25
1407,482,25
1408.5,869,25
1460,247,25
1461.7,719.67,25
1461,722,25
1465,879,25
1494,771,25
1509.5,646,25
1560,1108,25
1578,474,25
1608.5,476,25
1636,665,25
1645,694,25
1657,877,25
1659,543,25
1675,246,25
1675.5,248,25
1676,250,25
1714,276,25
1716,434,25
1721,945,25
1745,697.5,25
1749,700,25
1799,1067,25
1864.7,826.67,25
1879,463,25.5
1901,856,25
1945,564,25
1976.5,888,25
2039,533,25
2100,1124,25
2117,1122,25
2142,589,25
2144,589,25
2194,1003.5,25
2194.5,1007,25
2194.5,1009,25
2194.5,1011,25
2196.5,974,25
2202.2,972.69,25
2198,967,25
2199,963,25
2205,979,25
2246.1,372.71,25.571
2254,976,25
2256,975.5,25
2259,494,25
2280,1055,25
2330,516,25
2375,1075,25
2376.5,617,25
2414.2,600.5,25.25
2416.5,594,25
2417,617,25
2419,617,25
2469,805.5,25.5
2553,794,25
204,675,26
209,720,26
210,531,26
211,720.67,26.333
266.23,833.77,26.692
281,1223,26
377,598,26
382,631,26
437.67,945,26
542,569,26
552.76,531.47,27.471
585,1024,26.5
596,412,26
596,414,26.5
598,412,26.5
631,528,26
637,570,26
652,496,26
699,296,26
756,549.25,26.25
756,162,26
758,949,26
760.5,956,26
847.5,647.33,26.667
868,175,26
892.67,820.67,26.333
923,490,26
923,492,26
924,1029,26
926,1027,26
969,945.4,26.2
982,1046,26
992,325,26
995,870,26
1007,956,26
1042,680,26
1046.5,852,26
1107,221,26
1113,655,26
1115,655,26
1121,853,26
1165,1127.5,26
1199,619,26
1208,702,26
1208,704,26
1220,942,26
1229,344,26
1265.3,843.67,26
1266,581,26
1276,538,26
1376.5,398.5,26
1389,480,26
1466,877,26
1480,259,26
1495,1003,26
1502,263,26
1506,259,26
1528,834,26
1537,1028,26
1542,1029,26
1542,1031,26
1544,948.5,26
1579,1169,26
1580.5,469,26
1583,333,26
1634,665,26
1665,364,26
1741,898,26
1807.8,370.75,26.75
1834,1158,26
1860,424,26
1865,831,26
1879,461,26
1896.5,443,26
1900,873,26
1956,967,26
1973.5,888,26
1981,725,26
2135,756,26
2151.7,551.67,26
2267.9,628.7,27.2
2285,597,26
2330,977,26
2373,615,26
2475,853,26
2584,644,26
2686,935,26
2688,994,26
2710,747,26
338,642,27
346,639,27
366,590,27
375.5,888,27
392,344,27
415,526,27
427,441,27
456,969,27
470,442,27
564,757,27
572,779,27
598,414,27
657.17,627.17,27.333
662.5,395,27
682,998,27
704,1072,27
720.5,277,27
726,922,27
762.33,572.33,27
792,586.5,27
805,1037.5,27
851.43,646,28.286
881,197.5,27
896,1108.5,27
901,603.5,27.5
927,941,27
969,948,27
994,164,27
994,166,27
1044,463,27
1056.8,974.4,27
1109,221,27
1140,434,27.5
1141,939,27
1163,897,27
1171,449,27
1183.5,367,27.75
1214,1082,27
1225,342,27
1314,264,27
1344,599,27.667
1371.3,744.67,27
1372,817,27
1375,536,27
1379,538.5,27
1396,571.5,27
1416,588,27
1465,327,27
1487,656,27
1504,261,27
1504,263,27
1527.5,854.5,27.5
1543,956,27
1543,958,27
1550,632.5,27
1579.5,962,27.5
1603,848,27
1603,850.5,27.5
1608,476.5,27
1659,877.5,27
1712,378,27
1734,310,27
1762,992,28
1764.3,992,27.667
1766,581,27
1771,408,27
1785,573,27
1791,1027.5,27
1798,472,27.5
1801,309,27
1801,311,27
1849,454,27
1849,456,27
1859,1036,27
1952,1045,27
2012,386,27
2034,866,27
2068,787,27
2068,789,27
2137,758,27
2142,946,27
2142,948,27
2144,946,27
2149,1111,27
2172,845.5,27
2242.9,376,27
2244,411.5,27
2280.7,641.33,27
2304,415,27
2304,417,27
2329,348,27
2338,824.5,27
2391,675,27
2402,687,27
2421,895,27
2446,353,27
2453,764,27
2454,313,27
2467,806,27
2522.7,580.33,27
2524,503.5,27
2546.5,700,27
2657,388.25,27.75
2694.7,613.67,27
2717,598,27
2726,963,27
2783,395,27
2785,987,27
2787,399.86,27.714
2787,987,27
2789,401,27
2795,545.5,27
148.5,346,28
149,344,28
235.71,492.57,28.571
250,477,28
251,196,28
276,630,28
293,251,28
295,219,28
306,501,28
310.67,585,28.333
332,654,28
473,633,28
474,193.5,28.5
475,633,28
493.33,223,28
497.5,855,28
548,1171.5,28
558,1034,28
558,1234,28.5
575.5,476,28
596,412,28
630,990,28
675.33,596,28.333
675.5,598,28
688,739,28
688,741,28
690,741,28.5
702,284.8,28.8
761,1135.7,28
820,996,28
835,654,28
837,654,28
854,1067,28
992,395,28
1026,314,28
1093,657,28
1134,542,28
1142,434,28
1151,368,28
1198,887.5,28
1247,271,28
1305,962,28
1341.5,601,28
1344.2,537.83,28
1367,743,28
1370,817,28
1392,479,28
1403,567,28
1434.5,404,28
1450,305,28.5
1487,658,28
1506,259,28
1506,261,28
1519,729,28
1522.5,289,28
1522.5,1075,28
1539,1029,28
1572,1027,28
1574,989,28
1585,500,28
1589,959,28
1589,961,28.5
1590,576,28
1597.5,1063,28
1607,587.5,28
1627,837,28
1631,333,28
1687,807,28
1703,246,28
1736,601.5,28
1741,241,28
1764,990,28
1805,370.5,28
1820,534.5,28
1852.5,877,28
1854,883.25,28
1853,924,28
1905.1,974.71,28
1950,1045,28
1961,697.5,28
2000.2,1012.4,28.6
2018,778,28
2039.5,863,28
2043,323,28
2054,453.5,28
2056,453.5,28
2152.3,550.67,28
2177,716,28.6
2198,936.5,28
2212,398,28
2323,664,28
2325,663.6,29.2
2357,1064,28
2412,603,28
2419.5,405,28
2423,347,28
2471,904,28
2500.7,448.33,28
2501,564,28
2510.2,709,29
2569,592.67,28
2571.5,588,28
2587,432,28
2594,365,28
2640,381,28
2782,391.5,28
248.5,214,29
265,834,29
302.5,496.5,29
324,851,29
365,577.5,29
371,894,29
401.5,1002,29
417,467,29.5
458,506,29
493,606,29
497,222,29
550,1171.5,29
568,674,29
593,1145,29
609,836.5,29
632,990,29
639,1279,29
646,984,29
679,400.5,29
703,766,29.5
735.33,176.67,29
752,859,29
754,859,29
765.3,924.8,29.8
790,1170,29
815,1272,29
815,1274,29
817,1274,29
825,469,29
838.5,667.5,29.5
848,977,29
860,784,29
860,786,29
928,944,29
945,667,29
958,1002,29
961.67,795,29.333
963,807,29
982,1029,29
1032,1031,29
1037,788,29
1146,473.5,29.833
1187,367,29
1237,246,29
1347,231,29
1371,396,29
1410,896,29
1416,590,29
1426.2,770,29.6
1426,510,29
1440,427,29
1510,736,29
1512,736,29
1516.6,743.33,29.333
1542,1035,29
1593.5,614,29
1598,408.5,29
1604,1174,29
1631,362,29
1652,869,29.5
1688,1103,29
1709.5,374.5,29
1715,755,29
1730,228,29.5
1736,768,29
1764,988,29
1771,406,29
1794.5,510,29
1800.3,417.33,29
1821,941,29
1851,880,29
1855.5,888,29
1951,618,29
1959,694,29
1972,722,29
2104,584,29
2177,718,29
2246,410,29
2246,1005,29
2266,587,29
2305,519,29
2306,678.5,29
2311,1016,29
2473,979,29
2552,1092,29
2598,1025,29
2606,551,29
2634,367,29
2637,475.5,29
2789,401,29
2816,997,29
233,264,30.5
254,473.5,30
297,277,30
298.5,627,30
316,1218,30
339,314,30
355,595.5,30
360,581.5,30
379,952,30
384,448,30
430,691,30.5
474,196,30
477.86,1015,30.143
533.4,343.1,30.5
556,1236,30
631,443,30
674,315,30
701,282,30
762,1136,30
769,413,30
779.6,231,30.4
778.5,233,30
787,587,30
806.5,1074,30
837,682,31
846,1026.2,30.667
848,1026.4,30.6
893.5,392,30
920,976,30
924,935,30
939,986,30
956,1001.5,30
962,799,30
992,917,30
1113,619,30
1113,1057,30
1115,959,30
1136,540,30
1147,366,30
1148,471,30
1195,617,30
1195,826,30
1214.5,748.33,30.667
1220,867,30.5
1245.7,269.67,30.333
1252,701,30
1252,703,30.5
1253,589,30
1298,381,30
1305,960,30
1307,334,30
1346,229,30
1360,847,30
1367,742.5,30
1407,643,30
1434,642,30
1450,775,30
1452,361,30
1454,361,30
1454,771,30
1458,761,30
1458,763,30
1500,421,30
1524,1075,30
1545.5,1006.5,30
1549.5,978,30.25
1549,952.5,30
1554,680,30
1589,536,30
1589,538,30.5
1604,1006,30
1619,417,30
1631,360,30.5
1704.5,780,30
1712.3,461.91,30.909
1716.5,759,30
1717,757,30
1730,265.5,30
1751.3,475.33,30
1796,508,30
1821,1061,30
1823,941,30
1841,939,30
1843,1150,30
1855,882.5,30
1900,419.5,30
1915,511.75,30
1934.5,903.67,30.667
1948,323.5,30
2014,452,30
2019,721,30
2037,859,30
2092,327,30
2093,609,30
2110,635,30
2183,397,30
2185,397,30
2199,1008,30
2223.3,444.67,30
2344,390,30
2518,664,30
2544,867,30
2572,593,30
2634,369,30
2722,1005,30
2763.3,624,30
2787,401,30
2809,491.5,30
232,1086,31
243,636,31.5
264,331,31
395,1067,31.5
397,1067,31.5
407,190,31.5
409,190,31.5
432,691,31
480.33,867.33,31
492,606,31
509,557.14,31.571
518.33,764,31.333
529.4,675.8,31.6
581,768,31
717.4,979.8,31.4
717.5,982,31
761.71,894.29,31.571
780.5,229,31
782.75,466.25,31
786,1154,31
805,1213,31
871,898,31
902.5,603,31
949,903,31
952,646,31
954,1002,31
1035,1060.2,31
1060.5,276.17,31.333
1118,871,31
1143,1016,31.5
1145,1016,31
1162,800,31
1174,853,31
1177,598,31
1242,1054,31
1254,701,31
1257,352,31
1259,352,31
1293,335,31
1322,361,31
1338.3,314.33,31
1343.3,540,31
1366,998,31
1375,655,31
1381,612,31
1401,757,31
1461,597,31
1465,858,31
1487,412,31
1500,847,31.5
1500,849,31
1524.1,1005.3,31.8
1556,429,31
1556,680,31
1556,682,31
1575,615,31
1623,843,31
1682,284.5,31
1718,314,31
1722.5,417,31
1737,605.33,31.333
1743,1013,31
1755,959,31
1755.5,961,31
1761.4,886.92,32.385
1778,766.5,31
1780,767,31
1816,931,31
1818,737,31
1823,495,31
1872,1101,31
1891.3,369.67,31
1896,415,31
1973.7,419.33,31
2087,430,31
2105,986,31
2127,620,31
2210.5,762,31
2213.7,764,31.333
2214,762,31
2249,1106,31
2327,664.5,31
2329,398,31
2373,379,31
2373,381,31
2399,343,31
2414,360,31
2483.7,690.67,31
2497,378,31
2527,510,31
2541,868,31
2562,694,31
2601,856,31
2606,592,31
2640,489,31
2662,489,31
2715,1002,31
2764,381,31
2765.2,885.4,31.6
2780,391.5,31
197,674,32
205,314,32
207,314,32
264,510,32
278.5,504,32
297.5,623,32
301,495,32
351,612,32
392.36,341.14,33.357
395,1069,32
465,590,32
474,861,32
539,618,32
541,617.5,32
575.25,428,32.75
617,586,32
618.5,517.5,32.5
627,103,32
657,1190,32
663,364,32
722.5,1087.5,32
724.33,471.33,32
726,467,32
766,464,32
772,256,32
773.33,890.33,32
798,305,32
800,303,32
800,305,32
809,1087.5,32
811,1088,32
836,387.5,32
850.17,957.5,32
944,666,32
1034,1034,32
1038,1060,32
1043.5,540,32
1080,1135,32
1090,971.5,32.5
1093,818,32
1097,659,32
1114,595,32
1147,597,32
1150,1173,32
1199,367,32
1202,829,32
1281,1143,32
1300,432,32
1300,688.5,32
1302,232,32
1302,234,32
1302.7,686.67,32.667
1302,689,32
1305,332,32
1335.9,310.88,32.875
1337,964,32
1340,484.5,32
1364.8,294,32
1394,437,32
1394,439,32
1415,604,32
1444,618.5,32
1452,359,32
1469,917,32.5
1520,249,32
1525,1042,32
1539,1033.5,32
1541,1006,32
1542.7,1023.3,32
1552,1024,32
1552,1026,32
1552,1028,32
1610,306,32
1614,304,32
1668,460.5,32
1712,511,32
1725.7,355.33,32
1730,355.5,32
1732,930,32
1734,930,32
1736,930,32
1753,476,32
1763,848,32.5
1764,465,32
1793,535,32
1793,537,32
1793,539,32
1801.6,418.6,32.2
1846,750.5,32.5
1846,766,32
1855,883,32.333
1860,962,32
1883.4,315.8,32
1888,315.5,32
2048,538,32
2050,538,32
2050,540,32
2089.5,324,32
2095,330,32
2104,343,32
2108,671,32
2110.5,671,32
2114,634,32
2129.7,619.67,32
2148,563,32
2177.5,439,32
2212,971,32
2225.6,367.8,32.2
2341.5,392,32.667
2365.5,839,32
2401,345,32
2416,360,32
2561,679,32
2572,820,32
2579,439,32
2645,388,32
2687,530,32
2709.5,677,32
2724,1009,32
223,766,33
225,766,33.5
235,960,33
304,498.5,33
315,470,33
347,279,33
352,613.67,33.333
367.5,1080.5,33
372,459,33
376,728,33
378,726,33.5
378,728,33.5
380,726,33
380,728,33
395,624,33
407,420,33
428,428,33
434.5,190,33
463,588,33.5
520,766,33
593.5,267,33
619,270,33
630,371.5,33
642,251,33
665,984,33
680,999,33
728,810,33
730,810,33
750,381,33
768.14,229.43,33
770,691,33.5
771,228,33
771,230,33
773.83,225.67,33
773,228,33
796.33,853.33,33
802,454.5,33
804,454,33
804,845,33
822,260.5,33
825,999,33
837,255.5,33
876.5,816,33
881,223,33
883.67,189.33,33
888,718,33
903,238.17,33.833
905,645,33
905,647,33
921,935,33
958,274,33
962,641.5,33
993,294,33
1032,713,33
1038.5,976.75,33.5
1040,549,33
1043,537.5,33
1043,1047,33
1068.5,729.5,33
1092.3,955.92,33.462
1116,595,33
1154,864,33
1156,864,33
1193,226,33
1195.6,829.86,33.429
1204,272,33
1243,442,33
1243,444,33
1249,570,33
1263,719,33
1312,281,33
1317,961.6,33
1337,861,33
1338,275,33
1338,277,33
1359,507,33
1390,1058.5,33
1419,281,33
1419,283,33
1442,619,33
1467,1002,33
1469,919,33
1469,921,33
1484.4,413.86,33
1505,372,33
1505,670,33
1512.5,1003,33
1524.5,814,33
1527,1004,33
1548,1049,33
1569,275,33
1577,495,33
1578,248,33
1583,652,33
1595.3,239.67,33.444
1597,966,33
1657.5,684,33
1712,513,33
1718.5,221,33
1718,310.5,33
1736,928,33
1763,850,33
1817.5,491,33
1819.5,499,33
1849,756,33
1860,378.38,33.375
1865,1072.5,33
1869.3,1072.3,33
1875,1071.5,33
1903.3,590.43,33
2057.5,553,33
2088,320,33
2137,742,33
2224,575,33.5
2245,694,33
2330,825,33
2342,606,33
2414,431,33
2437,904,33
2478,968,33
2537,679,33
2681.3,826.17,33
137,686,34
214,966,34
222,288,34
235,183,34
240,181,34
253,524,34
297,659,34
317.5,474,34
348,1158,34
350,1158,34
385.5,815,34
390,343,34
434,935,34
487,901,34
499,654,34
590,366,34
619,274,34
619,276,34
630,441,34
676,1079.5,34
680.4,805,34.8
683,806,34
707,853,34
724.5,470.5,34
772.5,222,34
794,339,34
816,658,34.5
836,359.5,34
897.5,181,34
904,232,34
923,935,34
925,556,34
927,556,34
927,558,34
952,374,34
971.33,950.33,34.333
1116,593,34
1153.2,506,34.75
1184,599,34
1193,222,34
1195,226,34
1259.7,611.17,34.333
1263,881,34
1272,301,34
1281,1143,34
1302,396,34
1304,396,34
1342,663,34
1363.5,294.5,34
1367,534,34
1382.8,549.25,34.75
1383,595,34
1419,778,34
1476.3,313.67,34
1482.5,410,34
1501,826,34
1511,746,34.5
1512,640,34.75
1514,268,34
1525,834,35
1525,836,34.5
1538,315,34
1543,1028,34
1580,317,34
1580,319,34
1714,515,34
1771,450,34
1773,448,34
1798,775.5,34
1842,338,34
1857,958,34
1857,960,34
1862,377,34
1881,800.25,34.75
2040,316,34
2175,437,34
2200,932.5,34
2418,403,34
2437,899.5,34
2445.3,587,34
2570,476,34.5
2577,439,34
2635,818,34
2647,384.5,34
2650,804.5,34
2715,393,34
2726,1013,34
131,498.75,35
149,506,35
199,364,35
202,366,35
204,364,35
204,366,35
212,821,35
216,337,35
221,998.67,35.667
224,405,35
227,579,35
231.8,308,35
229,579,35
235.4,445.8,35
242,283,35
244,283,35
258,664,35
294,684,35
298.25,278.25,35
315,794,35
317,794,35
319,794,35
339,602,35
345,982,35
354.33,163.33,35
354.5,1076,35
354,1080,35
359,461,35
363.91,1076.6,35
374.75,626.5,35
385.67,812.67,35
390,815,35
394,1028,35
394,1058,35
424.33,1120.7,35
426.5,1126,35
443.67,885.67,35
446.5,175,35.5
485,901,35
495.8,894,35.4
506,556,35
538,683,35
558,528.5,35
563,245,35
563,519,35
565,241,35
565,243,35
565,692,35
565,859,35
567,690,35
572.33,594.67,35
656.5,931,35
663,982,35
664,980,35
668.5,965,35
672,1081,35
674,1080.5,35
684,809,35
689.5,813.5,35
700,722,35
706,254,35
743,381,35
757.33,292.67,35
777,773.5,35
804,455,35
816,660,35
817.17,682,35.167
822.25,415.75,35
873,377,35
877,680,35
879,223,35
881,223,35
899.33,236.33,35
901.33,303.67,35
916.33,336.33,35
919,598,35
938,801,35
939.5,809,35
940,801.5,35
942.5,1041.5,35
956,732,35
975,193.5,35
1004,940.5,35
1006,940.5,35
1036,547,35
1038,547,35
1040,547,35
1046,398,35
1100,496,35
1106,319,35
1108,319,35
1108,483,35
1154.5,333,35
1176.4,312.2,35
1177,805,35
1186,934.5,35
1229.2,519.5,35.333
1237,519,35
1245,444,35
1247,607,35
1253.5,309.5,35
1270,301,35
1284,1167,35
1300,489,35
1308,904,35
1311,899.5,35
1323.5,707,35
1327,277,35
1339,488,35
1344,459,35
1353.6,412.11,35
1360,487,35
1360.5,489,35
1368.7,534.33,35.667
1371,534,35
1394,292,35
1427,888,35
1435,289,35
1435,291,35.5
1437,289,35
1451,404,35
1451,689,35
1453,689.5,35
1453,887,35
1461,249,35
1494.5,850,35
1510,674,35
1511.5,586,35
1512,638,35
1513,746,35
1523,836,35
1525,832,35.5
1527.3,822.9,35
1528,473,35
1528,847,35
1531,867,35
1534,858,35
1549.8,1036.5,35
1566,441,35
1610,968,35
1640,1060,35
1655,1078,35
1657,1078,35.5
1694,619,35
1772,609,35
1774,609,35
1794,839,35
1805,864,35
1817.5,498,35
1859.5,959,35
1872.5,1090,35
1944,472,35
2047,399,35
2049,397,35.5
2049,399,35.5
2094,613,35
2096,442,35
2115,440,35
2115,1079,35
2129,743,35
2145,397,35
2145,399,35
2151,598,35
2162,642,35
2198.4,555.94,36.118
2268,369,35
2392.3,514,35.333
2535,475,35
2537,475,35
2549,612.5,35
2682.7,828.82,36.364
2726,480,35
147.5,697,36
207,826,36
222.5,1084.5,36
263,664,36
295,659.75,36
294,687.5,36
321,914,36
323,914,36
340.5,1121,36
368.5,1172,36.5
398,490,36
407,217,36
438,1102,36
443,896,36
446,868,36.5
511,1018.6,37.222
623,668.5,36.5
700,1179,36
721,718,36
721,720,36
743,963,36
756,460,36
764,228,36
767,873,36
787,410,36
791,348,36
814.75,662.5,36
814,680,36
861,281,36
861,283,36
870.5,143,36
877,836,36
889,716,36
897.25,174.5,36
914,667,36
936.5,670,36
942,805,36
955,671,36
976,476,36
982,690,36
1022,438,36
1072,692,36.5
1109,270,36
1109.8,273.67,36
1117,792,37.286
1147,603,36
1149,602.5,36
1172,308,36
1176,452,36
1190,374,36
1230,259,36
1239.5,521,36
1266.8,342,36
1298,1028,36
1300,1030,36
1314,901,36
1333,244,36
1351.2,1042.2,36
1352,1039,36
1406,992,36
1410,776.5,36
1415,223,36
1419,778,36
1420,595.5,36
1498,581,36
1501,679,36
1501,681,36
1540,861.5,36
1552,566,36
1552.6,647.6,37.2
1571.5,344.5,36.333
1571.8,443,36
1592,449,36
1653,1074,36
1774.5,578,36
1798,262,36
1811,570,36
1818.5,476,36
1833,461,36
1837.5,465,36
1854.5,294,36
1883.8,535,36
1886.5,538,36
1983,469,36
1985,469,36
2100,1008,36
2102,1008,36
2154.3,642,36
2165,652,36
2175,793,36.5
2293,346,36.5
2298,856,36
2306,679.5,36
2392,512,36
2394,512,36
2500,495,36
2560,617,36
2576,818.29,36.714
2617.5,957,36
2620,957,36
2653,603.2,36.4
178,1189,37
183,1003,37
185,1003,37
232,215,37
294,684.5,37
307,214,37
310.33,329.33,37
376,628,37
461,153,37
518,165,37
559,524,37.667
561,524.5,37.5
616,652,37
623,378,37
658,747,37
673,142,37
675,938,37
681.5,769,37
731,345,37
731,347,37
731,349,37
745,1113,37
775.5,1095,37
782.33,410.67,37
797,846,37
826,242,37
826,244,37
845,387,37.5
900,176,37
901,510,37
944,964,37
969,951,37
987,689,37
1001,1035,37
1074,692,37
1117,625.67,37.167
1119,623,37.5
1119,790,37
1119,794,37
1148,220,37.5
1177,312,37
1183.3,934,37.333
1212,290.5,37
1265,612.5,37
1266,337,37
1301,698,37
1330,854,37
1355,411,37
1355,413,37
1381.7,397.33,37.5
1445,407,37
1450,305,37
1453,441,37
1462,479,37
1468.7,1020.5,37.333
1482,239,37
1491.5,557,37
1497,861.5,37
1500,581.75,37.75
1595,846,37
1610,797,37
1612.8,969.4,37
1762,228,37
1823.9,487.67,38
1845,750.33,37
1886,831,37
1886,833,37
1938,652,37
1939,369,37
1945,472,37
1945,474,37
1948,536.25,37
2008,843,37
2025,867,37.5
2085,773,37
2118,996,37
2120,996,37
2163.1,791.55,37.455
2295.2,923,38
2326,727,37
2330,725,37
2345,886,37
2347.3,885.33,37
2381,344.5,37
2535,367,37
2554,594,37
2576,595,37
2606,612,37
2607,554.5,37
2613,901,37
2617,393,37
2678,824.5,37
2766,886,37
2807.8,488.6,38.2
2813,938,37
169,487,38
213,736,38
323,918,38
338,887,38
384,574.67,38.667
392,570,38
394,570,38
440,270,38
535,906,38.5
535,908,38
544,276,38
563,525.5,38
579,455,38
581,453.5,38
645,858,38
709,471,38
751,220,38
752,337,38
784,414,38
788.5,570,38
791.25,803.25,39
795,463,38
845,389,38
859,700.5,38
862.5,285,38
873.5,906,38
915.67,812,38.667
935,201,38
971,592,38
985,691,38
1039,858,38
1077.3,1093.9,38
1088.5,624.5,38
1089,199,38
1092,223,38
1097,940,38
1100,505,38
1102,505,38
1111,457,38
1115,792,38
1129,433,38
1131,433,38
1146,220,38
1146,222,38
1181,934,38
1195,693,38
1198,715,38
1231,1117,38
1265,511,38
1266,339,38
1272,517,38
1348,423,38
1369,452,38
1383.5,964.5,38
1396,609,38
1453,887,38
1482.7,422.67,38
1489,610.8,38.4
1525.4,974.12,38.125
1546,1044,38.5
1584,1127.8,38
1622,789,38
1663.7,625.33,38
1680.3,1080,38.333
1693,234.5,39.167
1754,768,38
1772,437.5,38
1791,674.5,38
1798,845,38
1809.9,419.57,38
1822,506.5,38.5
1985,467,38
2039,609,38
2071,428,38
2073,428,38
2130.5,1042,38
2162,371,38.333
2167,412,38
2175,372,38
2276,637.5,38
2278.5,759,38
2301,690,38
2377.5,368,38
2410,408,38
2470,906,38.75
2482,753,38
2482,755,38
2579,661,38.5
2582,430,38
2600,592,38.5
2665,461,38
2713,487,38
2722,831.5,38
2745,558,38
2747,558,38
2813,630,39.133
183,857,39.5
189,273,39
192,896,39
272,173,39
338,885,39
362,1148,39
371,253,39
472,316,39
473,726,39
475,726,39
487,741,39
508,1138,39
511,764,39
516.88,898.88,39.625
531,368,39
537.5,463,39
540,878,39
542.14,465,39.571
613,492,39
623,181,39
669,142,39
698.5,295.5,39
809,655,39
809.5,1056,39
867,137,39
887.75,265.75,39.5
890.64,1071.9,39.455
987,691,39
1087,195,39
1087,197,39
1089.3,621.67,39.333
1093,1109,39
1118,604,39
1124,916,39.5
1131,431,39
1165,792,39
1209.7,964,40
1247,441.75,39.25
1251.7,617.67,39
1272,519,39
1278,928,39.5
1314.3,412,39.667
1370,248,39
1447.7,1026.7,39
1456,723,39
1461,994,39
1465,1005,39
1479,664,39.5
1494,578,39
1494.5,576,39
1494,985.5,39
1513,1085.5,39
1552,567,39
1555,1105,39
1622,791.5,39
1680,1082,39
1695,276,39
1708,757,39
1715.3,463,39.667
1726.4,464.2,39.4
1729,581.5,39
1738,225,39
1752,765,39
1786.5,674,39
1825,1050,39
1830,823,39
1837.7,743,39.667
1866,799,39.5
1869,730,39
1871,730.5,39
1873,730.5,39
1939,333,39
1985,743,39
1994,454.67,39.333
2005,383,39
2005.5,743,39
2036,526,39
2050,446,39.5
2080,732.5,39
2082,732,39
2084.5,731,39
2102,686,39
2118,341.5,39
2132,742,39
2137,345,39
2146,562,39
2163.5,637,39
2197,557,39
2248,389,39
2262,346,39
2348,638,39.5
2387,523,39
2419,342,39
2450,981,39
2452,981,39
2489,694,39
2504,596,39
2507.1,590.3,39.6
2510,1013,39
2560,620.67,39
2578,738,39.75
2627,738,39
2629,738,39
2665,459,39
2675,515.5,39
2775,413,39.5
2796,856.5,39
2825,729,39
128,443,40
184,837,40
279,330,40
300.6,668.2,40
301,214,40
360,478,40
447.5,205,40
524,521,40
621,486,40
656,933,40
691,850,40
696,411,40
706,838.6,40.4
708,838,40
732.67,592.33,40.667
772,309,40
803,295,40
810.67,653,40.667
827,383,40
825.6,1076.2,40.8
828,572,40.333
863,959,40
867,726,40
872,902,40
895,886,40
1008,415,40
1059,370,40
1063,366,40
1076,260,40
1078,261,40.333
1080,261.5,40.5
1087,199,40
1097,938,40
1104.5,588,40
1136,463,40
1149,446,40
1192.2,955.18,40.765
1194,277.2,40.4
1223,976,40
1226,248,40
1233,348.67,40
1235,865,40
1241,664,40
1245,1127,40
1247,949.5,40.5
1260,308,40
1270,516,40
1277,453,40
1287,259.5,40
1291,584,40.5
1308,242.67,40.333
1311.7,605.67,40
1317,608.5,40
1326.8,507.75,40.75
1384,965,40
1386,227,40
1491.6,670,41.2
1492,672,40.5
1496,1016,40
1512,447,40
1532,1148,40
1544.5,1064,40
1618,655,40
1618,971.5,40
1688,885,40
1690,885,40
1692,885,40
1785,1069.7,40.667
1791,968,40
1791,970,40
1793,970,40
1854.5,1066,40
1862.2,664.4,40
1865.5,666.75,40
1945,324,40
1947,324,40
1951,379.62,41.125
2003.5,741,40
2040.5,352,40
2048,446,40
2056,612,40
2130,1042,40
2163,373,40
2242,670,40
2273,441.6,40.6
2297,955,40
2319,416,40
2349,771,40
2349,775,40
2377,345,40
2378.7,365.28,40.333
2441,690,40
2557,535,40
2662,356,40
2669.3,795.83,40.333
2714,392.5,40
2725,491,40.5
2765,861,40
141,599,41.5
163,497,41
184,432.5,41
212,723,41
223.5,1225,41
237,459,41
282.5,802,41
304,923,41
358,465.5,41
394,412,41.5
416,365,41
498,810,41
502,333,41
508.67,764.33,41
510,205,41
523,352,41
525,372,41
529,1230,41
556.25,919.25,41.25
562,632,41
633,338.83,42
660,363,41
668,355,41
691,336,41
730.33,886.42,41.917
744,377.33,41
749,162,41
764,656,41
788,620,41
791,825,41.5
893,654,41.5
916.5,680,41
925,654,41
944.88,807.12,41
981,861,41
1048,968,41
1050,968,41
1061,463,41
1064.2,530,41
1087.2,959.8,41.8
1090,630.5,41
1097,662.67,41.333
1144,530,41
1160,751,41
1232,425,41
1287,877,41
1291,586,41
1307,535,41
1314.5,443,41
1317.2,409.25,41.5
1407,944,41
1472,745.5,41.5
1487.2,670.4,41
1507,815,41
1528,393,41
1533,1147.7,41.667
1535,926,41
1535,928,41
1536.2,1145.2,41.5
1542,1066,41
1542,1068,41
1544,451,41
1544,1066,41
1545,977,41
1546,578,41
1546,580,41
1548,580,41
1597.8,433.25,41
1683,445.67,41
1684,453,41
1687.5,754.5,41
1719,323,41
1730,420,41
1753,250,41
1758,824,41
1767,402,41
1777,840,41
1777,1107,41
1784,397,41
1784,584,41.5
1796,406,41
1796,408,41
1828,360,41
1828,362,41
1830,1036,41
1918,1087,41
1952,760,41
1952,762,41
1961.5,1010,41
2046,444,41
2068,546,41
2070,545.5,41
2081,502,41
2083,502,41
2084,733.5,41
2108,822,41.714
2164,637.5,41
2200,556.5,41
2360,751,41
2513,654,41
2518,685,41
2532,491,41
2581,552,41
2582,650,41
2718,388,41
2741,895,41
2835,947,41
109,462,42
197,290.5,42
288,300,42
299,214,42
304,921,42
334,942,42
336,942,42
384,458,42
389,615,42
437,596,42.5
468.5,439,42.5
481,296,42
485,236,42.5
497,974,42
601,423,42
647.5,853,42
678,848,42
688,851,42
823,637,42
880,681,42
908,1104,42
972,315,42
1002,1126,42
1012,398,42
1089,507,42
1104,586,42
1124,537,42
1126,295,42
1126,297,42
1157,932,42
1159,930,42
1194,953,42
1207,683,42
1209,683,42
1229,890.5,42
1265,459,42
1294,398,42
1294,586,42
1346,642,42
1433,814,42
1468,234,42
1470,234,42
1479.7,255.67,43.167
1490.5,315,42
1512,678,42
1514,694.5,42
1516,697,42.667
1516,860,42
1516,968,42
1518,853,42
1527,397,42
1530,702,42
1545,981.5,42
1591,243,42
1675,573,42
1675,575,42
1679.6,478.8,42
1706,743,42
1736,746.33,42.667
1757.4,802.06,43.003
1757,845.5,42
1786,395,42
1786,879.5,42
1785.6,800.63,42.963
1793,932,42
1798,812.67,42
1805.5,894.3,42.979
1801.7,849.88,43
1818.8,876.77,42.923
1814.4,915.6,42.997
1836.6,993.21,42.964
1840.5,988.25,42.792
1842,1016.5,42
1868.9,1032.6,42.941
1887.6,1001.4,43.008
1922,1044.5,42
1962.1,990.9,43.017
1949,963,42
1965,337,42
1967,333,42
1967,335,42
1967,337,42
1999.7,724.95,42.994
2011,698,42
2021,917,42
2037.1,929.65,43.01
2022.6,712.6,42.85
2058,850.75,42.993
2045,822.45,42.961
2065.6,892.94,42.992
2084.2,407.69,42.688
2083.2,412.8,42.6
2090.2,864.81,43.027
2209,800,42
2287.5,433,42
2308,353,42
2321,497,42
2321,499,42
2347.5,774,42
2360,989,42
2516,687,42
2523,315,42
2538,572.5,42
2580,651,42
2727,556,42
2814,630,42
201,814,43
238,324,43
392,412,43
405,633,43.5
408,735,43
433.5,166,43
449,610,43
523,817.75,43
523,348.5,43
560.5,1206,43
691,338,43
827,1078,43
871,708,43
875.33,709.67,44
952.5,330,43
978,1186,43
993,793,43
1008,363,43
1008,365,43
1062,693,43.5
1062,695,43
1081,1114,43
1085,962,43
1088,957,43
1104,576.5,43
1195,941.5,43
1300,241,43
1318,679,43
1346.2,752.51,44.022
1348,740,43
1348,742,43
1391,1060,43
1433,816,43
1482,350,43
1499,374,43
1530,704,43
1584,525,43
1594.5,453.5,43
1622.5,497.52,43.061
1642.5,488,43
1644,486,43
1659.5,489,43
1660,487,43
1660.3,557.67,43
1663,554,43
1680.5,482.5,43
1693,690,43
1695.3,691,43
1699,694,43
1702,704.5,43
1704,744.5,43
1704,754,43
1706,746,43
1707.3,622.67,43
1720.2,756.25,43.5
1722,662,43
1724,658,43
1725,745,43
1725,747,43
1726,711,43
1727.5,755,43
1727,787.5,43
1729.1,813.22,43
1731,780.75,43
1733,795.23,43
1729,810,43
1731,766,43
1732.7,790.07,43
1737.1,814.26,43
1733,766,43
1739.7,787,43
1735.5,766,43
1736,768,43
1737,760,43
1740,748,43
1747.1,816.91,43
1747,710,43
1750,764,43
1749,811,43
1751,768,43
1751,811,43
1753,811,43
1754,761,43
1754,763,43
1758.1,816.35,43
1754,822,43
1754,824,43
1754,826,43
1775,835.35,43.008
1761.7,783.56,43
1758,774.5,43
1758,779,43
1765.4,773.59,43.044
1760,779,43
1764.6,842.59,43
1762,779,43
1764,710.56,43
1767.5,710,43
1773,859,43
1789.9,912.87,43
1789,853.5,43
1789,882,43
1789,884,43
1789,886,43
1790,873,43
1791,823,43
1791,886,43
1792,919,43
1792,921,43
1792,923,43
1793,821.5,43
1793,825.5,43
1793.3,869,43
1794,919,43
1794,921,43
1794,923,43
1795,820.5,43
1795,823,43
1801.5,831.04,43
1796,919,43
1796,921,43
1796,923,43
1797,871,43
1797,873,43
1804.7,933.38,43
1799,871,43
1799,873,43
1801,869,43
1801,871,43
1801,873,43
1802,985,43
1806.4,869.44,43
1806.5,859,43
1806.5,861,43
1806.5,863,43
1808.2,816.81,43.154
1806,876,43
1806,878.5,43
1806,881,43
1808,876,43
1808,879.5,43
1810,826,43
1810,828,43
1810,830,43
1810,876,43
1810,879,43
1811,857.5,43
1811,889,43
1812,826,43
1812,828,43
1812,830,43
1812,924,43
1813,858,43
1813,889,43
1814,826,43
1817.6,829.15,43
1815,858,43
1815,863,43
1816,842,43
1816,946,43
1816,948,43
1817,860.5,43
1820.5,843.63,43.033
1818,946,43
1818,948,43
1818,980,43
1819,858,43
1819,860,43
1819,862,43
1819,896.5,43
1819,941,43
1824.3,888.75,43
1821,858,43
1823.1,860.86,43
1823.5,863,43
1823.5,865,43
1821.3,873.67,43
1821,940,43
1821,942,43
1824.1,991.21,43
1823.3,831.33,43
1823,834,43
1823,940,43
1823,942,43
1823,944.5,43
1825,834,43
1840.4,841.03,43
1825,903,43
1825,905,43
1825,907,43
1826,827,43
1826,829,43
1826,831,43
1827,834,43
1827,907,43
1827,995,43
1827,998,43
1830,991,43
1831,997.5,43
1832,891.5,43
1834,891,43
1836,891.5,43
1845.5,1002.7,43.036
1845.2,1008.8,43
1847.5,989,43
1848.5,991,43
1851,1011.5,43
1853.5,1017,43
1854.5,991,43
1854.5,993,43
1858,637,43
1858,639,43
1859,991,43
1860,637,43
1860,641,43
1862,637,43
1862,639,43
1862,641,43
1865,991,43
1870,1011.5,43
1872,993,43
1874.8,992.25,43
1874,1036,43
1878,1040.3,43
1879,1014,43
1879,1016,43
1879,1018,43
1881,1014,43
1881,1016,43
1882.9,1021.5,43
1888.9,1033.3,43
1883,1014,43
1883,1016,43
1885.6,978.8,43
1886,989,43
1886.5,1019.9,43
1887,1008,43
1889.6,974.88,43
1889,1004,43
1889,1006,43
1889,1008,43
1889,1017.5,43
1891.5,980.5,43
1903.6,1013.6,43
1893.7,982.67,43
1894,985,43
1904.2,1027.6,43
1896,983,43
1902,975,43
1903.5,1021,43
1902,1040.5,43
1906,1040,43
1907,1045,43
1908,1032,43
1908,1034,43
1908,1036,43
1910,1044,43.667
1909,1051.5,43
1910,1032,43
1910,1034,43
1910,1036,43
1911,1052,43
1915.6,1033.9,43
1914,982,43
1914,1040,43
1919.5,969,43
1922.8,964.76,43.176
1925,969,43
1938,960,43
1940,960,43
1940,975.5,43
1946.1,979.77,43
1942,958,43
1944.7,958.33,43
1952,966.64,43
1951,1030.5,43
1953,982,43
1953.5,963,43
1953.5,984,43
1956,1033,43
1955.5,1035,43
1956,982,43
1956,984,43
1958,982,43
1958,984,43
1961.4,955.2,43
1966.3,952.36,43
1966,1003,43
1968,1003,43
1969,972,43
1969,974,43
1971,972,43
1971,974,43
1976,947,43
1982,731,43
1987.9,726.21,43
1984,730.5,43
1985,1003,43
1986,1005,43
1985,1007,43
1987,1003,43
1996.9,984.56,43
1994,746,43
1995,701,43
1996,790,43
1999,749,43
1998,788,43
1998,792,43
1999.5,747,43
2000,788,43
2000,792,43
2003.7,729.33,43
2003,931,43
2003,933,43
2006.3,982.45,43
2004.8,705.75,43
2006,708,43
2005,931,43
2005,933,43
2005,935,43
2006,730,43
2006.5,735,43
2007,931,43
2008,706,43
2010,933,43
2010,935,43
2012.9,714.55,43
2011,720,43
2011,735,43
2012,708,43
2012.8,892,43
2012,988.5,43
2013.5,897.5,43
2014,1057.8,43
2016.2,709,43
2014.5,733,43
2015.5,735,43
2016.3,921.08,43
2016.4,888.6,43
2017.6,899.22,43
2017,726,43
2018.5,731,43
2018.5,733,43
2018,903,43
2020.8,726.25,43
2023,874.21,43
2020,903,43
2032.2,889.62,43
2021,894,43
2021,896,43
2021,919,43
2021,941,43
2021,943,43
2027.2,907.36,43.094
2024,940,43
2026,940,43
2028,940,43
2028.7,1048.7,43
2033,863.48,43.015
2036.4,823.39,43
2032,844,43
2034,849.5,43
2033,898,43
2033,900,43
2036,870,43
2039,1045.2,43
2038,868,43
2038,870,43
2048.1,808.36,43
2049.8,900.23,43
2047,795,43
2047,797,43
2053.6,874.01,43.071
2050,820,43
2050,800,43
2050.5,818,43
2051.5,805,43
2052,800,43
2055.9,720.86,43
2057,803,43
2057.9,825.85,43
2059.6,932.58,43
2060.7,722.67,43
2064.3,875.06,43
2063,815,43
2063,827.5,43
2064,860,43
2065,827,43
2069.7,817.28,43.062
2066,825,43
2066,860,43
2066,862,43
2066,864,43
2068,864,43
2069,823,43
2073,900.5,43
2080.7,897.69,43.037
2077,876,43
2079,876,43
2083,847,43
2087,852.5,43
2090,425,43
2093,429,43
2093,431,43
2093,433,43
2095,429,43
2095,431,43
2095,433,43
2095,435,43
2097,429,43
2103,753,43
2105,753,43
2107.7,947.33,43
2110,947.5,43
2112,947.5,43
2119,472,43
2124,742,43
2276,407,43
2279.9,411.44,43
2279,425.25,43
2285,436.5,43
2291,506,43
2318.6,525.4,43
2384.5,674.25,43
2415,732,43
2464,867,43
2477,559.5,43
2769,855,43
158,370,44
183.09,846.82,44.727
251,828,44
266.5,842,44
302,179,44
331,863,44
338,184,44
342,199,44
345,886,44
352.84,913.64,44.988
354,216,44
384.5,224,44
404,252,44
404,254,44
406,195,44
406,251.5,44
406,254,44
407,633,44
408,195,44
433.33,170.33,44
440.5,225,44
440,223,44
444.71,198,44.571
464,970,44
508.5,764,44
519,816.5,44
530,659.5,44
767,832,44
887,606,44
921,799,44
977,1018.5,44
1042,1033,44
1042,1035,44
1084,1108,44
1291,211,44
1291,213,44
1321,691,44
1344.8,740.22,44.556
1345,752,44
1345,754,44
1352,751.5,44
1352,762.5,44
1354,750.5,44
1354,762.5,44
1358,744,44
1358.5,746,44
1358.6,748.2,44
1359,740.88,44
1360,739,44
1362.5,739,44
1375.5,748,44
1375,750,44
1450,406,44
1494,250,44
1516,797,44.5
1525,805,44
1559,500,44
1597,458,44
1618,489,44
1669.5,499.5,44
1677,486.5,44
1687,455.5,44
1804.4,349.8,44
1803,972,44
1806,347,44
1813,766,44
1836,1016.2,44
1869.5,1049,44
1873,1040.5,44
1882.5,583,44
1920.5,1044,44
2020,550.5,44
2022,551.2,44.6
2026.3,715.67,44
2066.7,405.67,44
2067.5,410.5,44
2067,548.5,44
2069,547,44
2071.9,721.94,44
2233,378,44
2265,849,44.5
2267,849,44.5
2307,689.5,44
2551,677,44
2665,803,44
166,232,45
174,848,45
176,831,45
176,848,45
178,829,45
178,831,45
180,829,45
180,831,45
180,833,45
182,833,45
184,833,45
186,843,45
187.36,829.18,45
186,845,45
190,829.5,45
192,826,45
192,830,45
205.29,825.24,45
195,820,45
195,822,45.5
207,296,45
207,820.5,45
207,887,45
208.5,303.5,45
208,877.5,45
212.1,881.45,45
217,887.29,45
218,883,45
218,890,45
220,826,45
223,822,45
223,886,45
226,739,45
226,741,45
230,741,45
243,434,45
245,436,45
257,832,45
264,844,45
264,846,45
263.07,848.86,45
263,842,45
270,664,45
272,667,45
272,669,45
272,671,45
274,667,45
274,669,45
274,671,45
274,674,45
274,676,45
274,678,45
276,667,45
276,669,45
276,671,45
276,674,45
276,676,45
276,678,45
280.49,665,45.029
278,674,45
278,676,45
278,678,45
279,313,45
291,863,45
302,181,45
329.74,901.03,45.059
324,924,45
334.19,920.28,45
329,877,45
332.5,831,45
333,932,45
333,934,45
335,930,45
335,932,45
335,934,45
340.14,932.31,45
343.5,924,45
343.5,926,45
344.5,888,45
347.71,843.32,45
349.5,847.5,45
349,917,45
353.5,899.5,45
354,844,45
354,846,45
360.5,895.5,45
361,898,45
361,920,45
361,922,45
363.6,888.27,45.267
362,918,45
362,936,45
364,898,45
364,918,45
367,869.33,45
365,912,45
366,898,45
366,918,45
366,934.5,45
367,912,45
367,915,45
369.25,913,45
371.17,863.5,45
370,887,45
371,934,45
372,887,45
373,934,45
379,849.6,45
386.71,893.95,45
383.5,899,45
382.83,848.17,45
383.5,871,45
383,889,45
385,863,45
385.5,865.5,45
388,868,45
391.45,877.35,45
392.16,887.53,45
390,857,45
391.5,872,45
392,870,45
394,861,45
394,943,45
397.14,878.81,45
397,861,45
397,863,45
396,942,45
403.91,888.81,45.018
397.5,893,45
398,940.5,45
400,515,45
400,893,45
403,861,45
406.69,870.38,45
411.6,888.6,45
410.5,911,45
413.47,913.16,45
452.5,821,45
452.5,823,45
654,514,45
667,615,45
667,617,45
826,1076.5,45
915,762,45
944,231,45
1244,234,45
1375,669,45
1442,464,46
1451,973,45
1513,648,45
1516,697,45
1529,841,45
1529,855,45
1534,836,45.5
1584,504,45
1668,895,45
1673.5,897,45
1678.3,474.33,45
1681,464,45
1684.5,462,45
1683,464,45
1685.6,468,45
1685,478.5,45
1685,482.5,45
1689,604,45
1691.2,469,45
1690.5,482.5,45
1690,485,45
1691.3,464.33,45
1693.7,230.33,45
1701,463.5,45
1703.5,482,45
1705.2,476.6,45
1764,493,45
1779,540,45
1781,541.5,45
1824,510,45
2042,680,45
2044,680,45
2046,680,45
2129.5,731,45
2132,720,45
2131,722,45
2299,936,45
2412,843,45
2515.5,431,45
178,827,46
342,892.5,46
390,884.5,46
392,946.5,46
401.46,1062.7,47.308
453.67,825,46.667
500.5,338,46
500.5,340,46
613,895,46
625.5,839.5,46
653,203,46
656,514,46
658,514,46
659.34,869.99,46.887
673.65,881.17,46.981
717,862,46
850,248,46
880,605,46
920.75,318,46.5
924.5,837,46
949,703,46
1219.5,322,46
1222.5,320,46
1240,996,46
1296,249,46
1380,669,46
1380,671,46
1428.7,454.67,46.667
1482,256.5,46
1487.5,678,46
1503,957,46
1505,957,46
1647.6,480.12,46
1646,471,46
1656,466,46
1674,901,46
1681,468,46
1699.3,505.67,46
1711,584,46
1750,656,46
1825,559,46
1825,561.25,46.25
1919.5,383,46
1965,411,46
1970,472,46
1986,390,46
1992,390,46
1994.8,394.85,46
1994.3,688.33,46
1995.5,390.5,46
2016,411,46
2018,408.5,46
2020.3,408,46
2111,661,46
2124,647,46
2206.4,1069.2,46.154
2535.4,481.43,46
2613.2,382.14,46
2622.4,393.44,46
2627,394,46
2629,394,46
2631.8,389.75,46
2632,392,46
2632,394,46
2643,390,46
2644,392,46
2644,394,46
2647,392,46
2649,407,46
198,336,47
199.79,343.79,48.105
237,334,47
281,484,47
286,741,47
373,306.5,47
399,1128,47
405,190,47
417,215,47
418,522,47
425,462,47
452.5,1065,47
471,648.67,47.333
518.33,612.33,47
556,540,47
556,542,47
586,1245,47
595,826.67,47.667
629.5,1215,47
635.5,446,47
644.67,970.33,47
648.7,872.22,47
646,888,47
648.38,863.15,47
649.89,893.06,47
647,897,47
649,913,47
649,949,47
649.75,965.75,47
651,876,47
651,950,47
652.5,889,47
652,944,47
654.27,962.82,47
653.45,947.73,47
654,869,47
656,895,47
657.38,979.88,47
656,945.5,47
659.5,897,47
659,895,47
662.71,892.71,47
662,895,47
663,897,47
664.92,940.62,47
665,881,47
665,883,47
665,885,47
665,937,47
670.13,866.66,47
667,881,47
667,883,47
667,885.5,47
669,885.5,47
675,872,47
677,872.5,47
679,871,47
681,854,47
682.82,869.91,47
684.52,827.67,47.095
686.24,858.52,47
685,846,47
685,844,47
687,872.5,47
688,829,47
688,831,47
691,867,47
689,869,47
689,872.5,47
693,860,47
693,862,47
695,860,47
695,862,47
695,864.5,47
726.2,1039,47.4
733,549,47
746,732,47
795,1241,47
815,422,47.5
831,342,47
857,1074.5,47
888,416,47
932,643,47
966,494.5,47
1037,1043,47.5
1037,1045,47
1094,1190,47
1119,668,47
1240,234,47
1242,236,47
1274.5,707.5,47
1274,710,47.5
1281,334.5,47
1365,931.5,47
1366,355.5,47.5
1421,888,47
1444,464,47
1488,626,47
1501,955,47.5
1512.8,926,47.6
1568,565,47
1584,704,47
1586,702,47
1672.5,691.5,47
1674,760,47
1674,762,47
1698,914,47.5
1917,386,47
121,460,48
168,614.18,48.636
336,185,48
344,1201,48
392,165,48
407,188,48
429,180,48
431,180,48
472,907.5,48
473,649.5,48
506,625,48
527.5,698,48
536,184,48
541,307,48
569,1186,48
642,141,48
693,313,48
792,891,49
822.33,1109.2,48.333
831,345.5,48
849,248,48
868.5,797,48
890,1055,48
919,319,48
922.5,837,48
928,342,48
961,645,48
961,887,48
964,683,48
1111,843,48
1111,845,48
1119,1168,48
1317,708,48
1319,704,48
1456,644,48
1456,646,48
1509,646,48
1570.2,500.75,48.5
1603,525,48
1692,481,48
1789.5,330,48
1848,582,48
1876.8,563,48.75
1881.7,553.18,48.864
1887.5,525,49
1907.3,533.88,48.981
1974.7,1041.7,48.5
2110,992,48
2324,844,48
2352,814,48
235,307,49
291,505,49
293,816,49
293,818,49
345,246,49.5
383,447,49
403,317,49
431,652.5,49
448,565,49.5
490,187.5,49
499,1032,49
501,1055,49
506,164,49
525.25,704,49
577,446.5,49
580,371,49.5
587,461,49
635,231.5,49
658,1048,49.5
668,617,49
680.29,927.86,49.286
705,466,49
717.5,622,49
757.19,652.06,49.562
758,367,49
781,119,49
865,489.5,49
877,256,49
899,944,49
905,226.5,49
907,1105,49
911,432,49
921,321,49
930,645,49
948,671,49
956,218,49
961.5,889,49
966,493.5,49
1090,1190,49
1092,1190,49
1113,843,49
1113,845,49
1183,351,49
1250,869,49
1265,1162,49
1265,1164,49
1265,1166,49
1266,325,49
1267,1164,49
1267,1166,49
1269,1162,49
1269,1164,49
1269,1166,49
1287,348,49
1296,284,49
1338.9,369.31,49
1344.5,762,49
1345.7,757.33,49
1361,471,49
1366,358,49
1366,360,49
1374,582,49
1382,696,49
1445.4,690.8,49
1482,676,49
1488,380,49
1506.6,583.75,49.375
1516,683,49
1522.5,806,49
1526,572,49
1557,503,49
1568.6,574.8,49
1571,915,49
1572,316,49
1572,913,49
1589,507,49
1594,742,49
1605.4,509.71,49
1605,501.5,49
1607,501.5,49
1609,501,49
1686,703,49
1692,504,49
1694,397,49.5
1773,510,49
1862.2,568.17,49
1866.6,556.53,49.105
1866.6,568.09,49
1871.9,520.45,49
1878.9,560.86,49
1883.2,522.38,49
1883,560.5,49
1886,552,49
1891.6,556.95,49
1888,523,49
1890,524,49
1895.3,553.71,49
1897,541,49
1897,543,49
1899,526,49
1900,509,49
1901,524,49
1902.5,526,49
1902,513,49
1907.7,507.43,49
1904.5,511,49
1904.5,513,49
1908.5,528,49
1910,540,49
1910,542,49
1912.2,360.2,49
1912,542,49
1913.5,355.5,49
1917,533,49
1921.6,518.65,49
1920,532,49
1920,534,49
1920,536,49
1922,532,49
1922,534,49
1922,536,49
1923,544,49
1923,546,49
1923,548,49.5
1924,513,49
1925,544,49
1925,546,49
1925,548,49
1927,544,49
1927,546,49
1927,548,49
1933,545,49
1935,518,49
1935,544.5,49
1954,454,49
1955,990,49
1992,414,49
2039,655,49
2061,765,49
2093,701,49
2206,467,49
2237,590,49.5
2284,562,49
2288,713,49
2474,557,49
2583.5,672,49
2682,847,49
213,333.5,50
249,739,50
305,790,50.5
354,428,50
354,623,50
374,725,50
434,1067.8,50
457,923,50
463,222,50
465,928,50
467,928,50.5
469,926,50
478,200,50
498,1149,50
561,1159,50
575.5,545,50
593,554,50
593,556,50
607,324.5,50
637.67,447,50.333
640,1262.2,50.6
679.5,621,50.5
681,866,50
688.75,326.75,50
708,644,50
713,1254,50
721,395,50
731.5,646.5,50
739,732,50.5
754.5,345,50
761,657,50
826.5,774,50
838,867.5,50
869.67,1071,50.333
878,776,50
880,154,50
882,154,50.5
888,399.5,50
899.5,1037,50
902.5,218,50
903,222,50
903,224,50
928,344,50
932.5,834,50
934,743,50
950,408,50
956,477,50
971,639,50
1068,1028,50
1088.7,577.33,50
1123,333,50
1134,805,50
1193.5,325,50
1198,326,50.25
1224,278,50
1237,578,50
1289,585,50
1294.5,269,50
1336,756,50
1338.3,364.33,50
1389.5,551,50.5
1420,725,50
1420,727,50
1422,902,50
1487,667,50
1518,682,50
1524.3,787,50
1524,797,50
1527,817,50
1538.5,527,50
1538,905,50
1561,277,50.5
1570.5,302,50
1574,316.5,50
1581,255,50
1592,744,50.5
1649.5,1122,50
1653,463,50
1653,465,50
1660.5,979,50
1669,284.5,50
1690,705,50
1703,507,50.5
1722.5,977,50
1725,795,50
1725,797,50
1828,426,50
1899,587,50
1917,1087.5,50
1924,456,50.5
1947,414,50
1947,416,50
1996,416,50
2012,1023,50
2043,370,50
2045,370,50.5
2081,773,50
2135,369,50
2153,863,50
2172,762,50
2176,503.5,50
2239,589.5,50.5
2241,500.5,50
2264,1010,50
2325,843,50
2325,845,50
2331,362.33,50.333
2542,667,50
2562,854,50
2691,418.5,50
229,341.5,51
242.5,441,51
288.75,932.5,51.125
318,447,51
343.33,440,52.167
388.5,430.5,51
412,934,51.5
420,565,51
431,720,51.5
460,223,51
473,848,51
516,483.5,51
544,511,51
575,297,52.2
577,297,51
646.5,1097.5,51.5
658,1050,51
696,690,51
717,1256,51
729,735,51
756,1114,51
762,596.5,51
831,151,51
833,153,51
839,953,51
869,980.5,51
902,950,51
905,241,51
933,827,51
937,835,51
955.33,578.67,51
975,1140,51
1053.5,656.5,51
1088,386,51
1092,390,51
1103,245,51
1110,610,51
1134,807,51
1242.8,996.5,51.667
1282.5,492,51
1283,1173,51
1287,328,51
1336,556,51
1348.5,373,51
1349,724,51
1353,256,51
1369,408,51
1371,410,51
1375,253,51
1434,1003,51.333
1443,729,51
1447,710,51.5
1468,748,51
1472,243,51
1472,245,51
1474,245,51
1488,382,51
1490.5,381.5,51
1493.5,390,51
1521.4,286.6,51.6
1531,820,51
1534,904,51
1574,515,51
1608,742,51
1657,806,51
1659,804,51.5
1667.3,977.33,51
1688,912,51
1703,505,51
1725.5,977,51
1743.5,816,51
1744,818,51
1793,694,51
1843,387,51
1851,580,51
1851,582,51
1868,1045,51
1916.5,672,51
1976.1,466.11,52.444
1985.5,1064,51
2044,635,51
2061,694,51
2063,692,51
2079,784,51
2082.1,769.78,51
2091,703,51
2093,702.5,51
2095,373,51
2136,378.33,51
2264.5,473,51
2284.5,562,51
2296,590,51
2366,316,51
2368,316,51
2436.5,666,51
2455,698,51
2468,967,51
2474,396,51
2476,396,51
2482,766.5,51
2483,437.5,51
2562,777.25,51.25
2686,564,51
2740,696,51
193,352,52
213.5,812,52
265,445,52.5
284,993,52
291,542,52
302.5,678,52
320.25,607.25,52
330,582,52
339,438,52
351,630,52
389,396,52
410,972.5,52
510,634,52
552,1069,52
575.17,443.83,52.667
599,1198,52
626,1131,52
635.5,996.5,52
677,319,52
678,1092,52.5
720.33,781.33,52
759.75,651,52
760,840,52
775,370,52
789,783,52
827,826,52
896,279,52
920.67,597.67,52
927,588,52.5
936,993,52
1071,556,52
1093.5,736,52
1119,526,52
1125,460,52
1154,813,52
1163,700,52
1165,700,52
1254,465,52
1278,1168,52.333
1290,585,52
1295,242,52
1429,613,52.333
1429,615,52
1436.5,1000.5,52
1446,431,52
1464,462,52.75
1465.3,245.67,52
1469.3,245.33,52
1475,411,52
1477,415,52
1518.5,830,52
1523,789,52
1527,404,52
1531,946,52
1564,319,52.5
1564,321,52
1702,404,52
1717.3,247.67,52
1720,220,52
1791,693,52
1823.2,565.17,52.667
1858,658,52
1915,1085,52
1917,1084.5,52
2059,694,52
2108,609,52
2141,530.5,52.5
2162.5,1050,52
2183,524,52
2185,524,52
2203,639,52
2246,506,52
2298,491.5,52
2299,414,52
2437,755,52
2475,799.5,52
2485,438,52
2562,588.5,52
2723,373,52
2742,696,52
134,326,53
181,833.5,53
215,260,53.5
226,413,53
229,337.5,53
231,1076,53
241,738,53
241,740,53
246,976,53.5
248,516,53
344,438,53
351,726.5,53
359.5,276.5,53
406,316.5,53
429,429,53
475.6,619.8,53
594,916,53
664.67,751,53.667
763.33,983.67,54
839,131.8,53.6
866.33,202.33,53
907,463,53
927,586,53
930,354,53
974,456,53
990,914,53
1035,287.5,53
1047,279,53
1051.5,652,53
1088,390,53
1090,390,53
1092,390,53
1100,228,53
1173,1074,53
1181,251,53
1183,251,53
1204,380,53
1236.1,258.88,53
1248,206,53
1307,546,53
1307,548,53
1339,608,53
1380,235,53
1415,649,53
1424.4,442,53
1423,1031,53
1427,232,53
1461,977,53
1464,229,53
1472,742,53
1485,422,53
1485,424,53.5
1495,571,53
1505,614,53
1518,649,53
1518,651,53
1524,569,53
1527,789,53
1526.2,868,53.75
1529,824,53
1532.9,976.15,53.231
1551,395,53
1555,397,53.5
1586,352,53
1627,842,53
1629,842,53
1630,427,53.5
1635,341,53
1637,341,53
1657,805.5,53
1695.2,890.23,53.308
1754,239,53
1761,474,53
1761,476,53
1763,476,53
1808,487,53
1842,341,53
1850,748.5,53
1854,878,53
1856,878,53
1963,512,53
1963,514,53.5
1994,951,53
2016.7,704.09,53
2042,654,53
2097,449,53
2123,795,53
2125,795,53
2126,533,53
2204,655,53
2211,636,53
2211,638,53
2226.5,517,53
2292.8,457.75,53.75
2414,462.5,53
2416,461,53
2477,799,53
2673,819,53.5
2723,375,53
2725,373,53
2725,375,53
2748,957,53
2808,801,53
2828,972,53
2832,972,53
100.33,356.67,54
103,359,54
193,777,54
229,594,54
276,601,54
276,1001.5,54
277,764,54
278,500,54.5
278,1001,54
284,521,54
291,537,54
323,392,54
353,726.5,54
419,531,54
438,696,54
455,922,54.5
475,407,54
478,1248,54
484,678,54
486,678,54
504,1002,54
569.5,1068.5,54.5
574.5,505.5,54
578,743,54
601.25,288.08,54
608,375,54
624,458,54
624.5,983,54
624.5,985,54
624.5,987,54
679,850,54
682.25,556,54
693,634,54
709.5,266,54
729,1105,54
736,139,54
741,544,54
777,326,54
778.5,1111,54
787,785,54
795,209,54
797,209,54
799,211,54
820,871,54
823,977,54
862,198,54
911.5,382,54
938,991,54
962,303,54.5
975,440,54
996,395,54
1110,527,54
1137,963,54
1138,778,54
1139,398,54
1139,400,54
1199,463,54
1203,376,54
1206,474,54.5
1237,434,54.5
1261,679,54
1280,1165,54
1282,1165,54
1299,213,54.5
1309,500,54
1309,550,54
1320.1,391.25,54.375
1417,651,54
1421,435,54
1421,437,54
1421,439,54
1421,474,54
1423,476,54
1432,317.5,54
1441.5,337,54
1468,741,54
1474,243,54
1505,650,54
1516.5,699,54
1524.8,798.4,54
1528,838,54
1553,560,54
1553,695,54
1557,558,54
1561,496,54
1566,429,54
1598,853,54
1598,855,54
1626,856,54
1629.5,429,54
1678.7,371.22,54.333
1679.5,977,54
1696,377,54
1702,349.5,54
1712,333,54.667
1717.7,221.67,54.333
1717,450,54.5
1717,452,54.5
1756,240,54
1932.7,580.33,54
1942,627,54
1972,464.5,54
2012,689,54
2014,689,54
2016.5,558.5,54
2048,435,54
2055,531,54
2057,531,54
2068,702,54
2068,704,54.5
2077,466,54
2136.5,593,54
2142.5,458,54
2155,863,54
2209,994,54
2289,550,54
2305,772.5,54.5
2390,1033,54
2440.1,916.88,54
2533,901,54
2671,819,54
2677,420,54
2709.2,405.75,54.75
2709,479,54
2803.8,800.8,54
126.25,435,55.25
127,359,55
176,464,55
178,464,55
185,599,55
243,431,55
381,1227,55
457,918,55
482,327,55
486,680,55
559,1020.5,55
564.5,1072,55
589,323,55
653,448,55
681,559,55
704.5,641,55
718,448.5,55
777,778,55
779,778,55
780,1107,55
816.5,127.75,55.75
832,892.6,55.6
837.5,149,55
866.33,163.67,55
884,290,55
896.43,1079.3,55.857
913,386,55
928,354,55
964,408,55
966,408,55.5
990,653,55
992,653,55
1065,396,55
1066,861,55
1067,396,55
1078,797,55
1089,657,55
1117,959,55
1126,303.67,55
1127.5,811,55
1141,398,55
1166,530,55
1174,403,55
1195.5,485,55
1210,1074,55
1213,938,55.5
1215.2,805.4,55
1215,938,55
1235,450,55
1237,450,55
1249.5,460,55
1297,213,55
1299,211,55
1312.5,596,55
1324,244,55
1326,244,55
1336,610,55
1338,608,55
1345,456,55.5
1352.7,434.53,55.2
1395,543,55
1402,271,55
1407,766,55
1412.5,565.5,55
1426.5,343,55
1426,424,55
1426,884,55
1430,347,55
1431,345,55
1478,248,55.5
1481.5,358,55
1481.5,360,55
1494,576,55
1512,564.5,55
1517,1094,55
1524,571,55
1526,796,55
1538,890,55
1548,1024.5,55
1576,1102.8,55
1593,354,55
1610.7,856.67,55
1622,854,55
1682,975,55
1696,627,55
1700,345,55
1703,451,55
1726.5,814.5,55
1733,241,55
1746,611.5,55
1758,237,55
1763,474,55
1778.5,775,55
1778.7,777,55.667
1799.5,249,55
1799,323,55.5
1809,484,55
1821.5,523.5,55
1827,560,55
1829,261,55
1845,780.5,55
1847,781,55.5
1851,751,55
1889.5,302,55
2003.2,359.33,55
2014,627,55
2027,344,55
2028,408,55
2070,704,55
2073,813,55
2113,329.5,55
2128.8,1002.3,55.238
2131,1014.5,55
2141.9,841.86,55.571
2221.2,756.6,55
2222,948,55
2225,427,55
2232,1065,55
2287,774,55
2289,772,55
2290,454,55
2291,418,55
2315.5,623,55
2316,587,55
2319.2,621,55.4
2335,745.5,55
2337,745.5,55
2370,319,55
2441.3,913.17,55.5
2523,387,55
2568,901,55
2583,337,55
2593,466,55.5
2603,360,55
2620,925,55
2671,817,55
2675,416,55
2743,715,55
2795.7,675.33,55
165.5,719,56
189,744,56
240,1202,56
291,533.5,56
386.25,348.12,56.5
392,429.33,56.667
416,1107,56
437,700,56
438,460,56
445,1030.5,56
491,284,56
504,169,56
574,447,56
640,765,56
651.5,221,56
684,647,56
734.78,139,56.333
755,1039,56
808,146.5,56
810,145,56
810,147,56
824,168,56
826.5,146,56
864,163,56
882,153,56
899,214,56
911.5,384,56
948,322,56
948,324,56
950,324,56
971,385,56
996,964,56
1006,762,56
1028,317,56
1062,536,56
1070,244,56
1072,244,56
1179,482.86,57.143
1314,592,56
1342,341,56
1343,624,57
1349,432,56
1394,545,56
1411,727,56
1473,642,56
1475,844,56
1476,880,56
1478,246,56
1501,930,56
1501,932,56
1512,561,56.667
1519,726,56
1521,727.5,56
1530.5,889,56
1533.3,976.7,56.4
1538.2,1033.8,56.75
1540,1140,56
1551,935,56
1553,695,56
1630,1111,56.5
1631,427,56
1679,237,56
1703,275.5,56
1703,348,56
1727,855.5,56
1730.5,851.75,56
1732,1027,56
1772.1,511.82,56
1793,543,56
1793,545,56
1797,253,56
1797,323,56
1797,325.5,56
1799,325,56
1803.5,534,56
1825,564,56
1846,776.86,56.857
1845,783,56
1852,420,56
1936,315,56
2016,629,56
2032,382,56
2047,699,56
2091.5,427,56
2096,622,56
2109,330,56
2184,861,56
2266,622,56
2281.3,823.33,56
2309.3,469.67,56
2507.6,837.57,56
2508,288,56
2529,389,56
2547,614,56
2650,521,56
2675,418,56
2677,418,56
2786.7,399.33,56
182.43,917.57,57.571
298,614,57
298,616,57
335.67,287,57.333
364.5,401,57
368.75,1001.2,57
406,1090,57
419,384,57
507,692,57
507,694,57
536,1187,57
543,989,57
543,991,57
559,571,57
559,573,57
623.33,828.67,57
658,395,57
681,377,57
684.5,359,57
707,888,57.5
754,388,57
758,283,57
760,1043,57
831.14,752.57,57
875,158,57
905.17,200,57.667
906,202.5,57
912,553,57
919,604,57
921,604,57
929,199,57
952,320,57
964,916,57
965,801,57
966,406,57
1056,728,57
1056.5,726,57
1062,431,57
1062,433,57
1138.5,373,57
1139,375,57
1149.8,485.83,57.5
1189,457.5,57
1222,208,57
1235,558.5,57
1244,519,57
1261,324.5,57
1269,1157,57
1281,251,57
1283,242.25,57.75
1299.5,799,57
1318,226,57.5
1338,337,57
1340,336.5,57
1382.8,451.13,57.391
1429,311,57
1438,1027,57
1466,219,57
1468,223,57
1472,328,57
1474.5,884,57
1506,265,57
1517,649,57
1522,810,57.5
1531.2,889.33,58.667
1590,558,57
1680,976,57
1684,1102,57
1692,362,57
1692,629,57
1724,820,57
1726,820,57
1735,239,57
1738,884.5,57
1742,388,57.5
1779,773,57
1788,899,57
1817.3,244.67,57
1822,703,57
1848.5,859.5,57
2071,731,57
2188.7,849,57
2252,966,57
2335.7,357.67,57
2391.7,459.67,57
2407,849,57
2430,707,57
2470,297,57
2494,449.25,57
2494,781,57
2525,387,57
2525,389,57
2708,405,57
2755,904,57
2796.5,670.5,57
2832,942,57
2834,942,57.5
2845,924,57
149.25,868.25,58
190,464,58
252,317,58
256,319,58
259,929,58.5
279,828,58
281,828,58
311,634.29,59.143
333,1233,58
390,346,58
414,1107,58
419,382,58
441,197,58
441,199,58.5
459,433,58
466,194,58
588,1064,58
662,1255,58
665,337,58.5
759,626,58
780,653,58
787,364.5,58
868,1115,58
878,924,58
878,926,58
902,202,58
921,146,58
1042,234,58
1064,433.33,58.667
1081,544,58
1083,544,58
1115,1074,58
1119.7,1052.6,58.259
1117,1073,58
1117,1075.5,58
1119,1072,58
1127,288,58
1129,288,58
1134,360,58
1134,362,58
1152,483,58
1199,815,58
1212,929,58
1227,725.5,58
1232,547,58
1234,547,58
1260,321,58
1276,1145,58
1276,1147,58
1317,519,58
1331,676,58
1345,624,58
1380,830.5,58
1382,831.5,58
1398,562,58
1410,799,58
1425,999,58.5
1429,738,58
1473.5,247,58
1478,882,58
1513,736,58
1522,731,58
1522.5,806.75,58
1526,827,58
1527,803,58
1533,366,58
1537,1030,58
1541,946,58
1541,948,58
1541,1086,58
1550,245,58
1611,581,58
1628,1033,58
1682,975,58
1716.4,797.89,58.333
1735,682,58
1738,880,58
1742,386,58
1789.8,250.5,58
1792,253,58
1793,541,58
1793,543,58
1817,510,58
1817,512,58
1836.6,351.2,58
1881,552,58
1984.5,730,58
2048,535,58
2188,852,58
2601,910,58
2603,912,58
2697.5,525,58
2733,819,58.5
2780,939.67,58
153.5,869,59
166,724,59
190,466,59
246.5,286,59
249.5,312,59
259,931,59
309,634,59.5
309.33,1054.7,59
340,1103,59
376,410,59
459,435,59
499,603,59
501,223,59
520,506,59
662,1253,59
663,339,59
665,339,59
759,623,59
868,687,59
967,1007,59
967,1009,59
972,757,59
974,757,59
1042.3,627.67,59
1064,431,59
1180.5,485,59
1189,923,59
1192,1003,59
1231,238,59
1231,240,59
1233,238,59
1233,240,59
1235,563.5,59
1267,285,59
1282,877.5,59
1283,236,59
1283.5,251,59
1373,978,59
1377,382,59
1436,1023,59
1487,352,59
1506.5,322.5,59.5
1515,837,59
1517,862.5,59
1521.7,799.36,59.714
1533,364,59
1546,1068,59
1546,1077.8,59.2
1548,1076,59
1551,243,59.5
1573,245,59
1573,249,59
1577,247,59.75
1609,269,59
1650,743,59
1675.7,974.67,59
1699,591,59
1699,595,59
1712,798.5,59
1714,799,59.5
1743,289,59
1878,520,59
1993.3,831.67,59
2048,307,59
2050,307,59
2076,451,59
2093.9,947.38,59
2102,688,59
2102,690,59
2127,998,59
2268,717,59
2313,624,60
2352,444,59
2463,754,59
2494,769,59
2527,555,59
2568,459.5,59
2669.9,449.14,59.571
2682,810,59
2731,821,59
2733,821,59
182,918,60
375,607,60
459,433,60
460,263,60
501.5,660,60
502,662,60
556,640,60
556,642,60
581,290,60
660,400,60
665,335,60
665,550,60
731,437,60
759,606,60
764.8,627.8,60
791,1005,60
793,1005,60
796,395,60
876,926,60
878,926,60
911,513,60
925.5,1051.5,60
929,575.5,60
935,752,60
949,228,60
996,957,60.5
1008.5,1130.5,60
1024,466,60
1048,225,60
1178,902,60
1181,711,60
1209,805,60
1211,805,60
1276,501,60
1296,1000,60
1296,1002,60
1380,453,60
1476,886,60
1495,239,60
1533,908,60
1575,248,60
1651,738,60
1849,874,60
1849,876,60
1863,1014,60
1902,419,60
1956,402.5,60
2050,303,60
2078.5,852,60.5
2077.5,854,60.5
2118,805,60
2125,743,60.75
2126,1028,60
2136.5,1031,60
2145,358.5,60
2461,678,60
2470,704,60
2517,524,60
2525,555,60
2551,765,60
2828,930,60
161,939,61
163,939,61
215,283,61.5
307,1050,61
309.75,1051.5,61
349,429,61
349,610,61
350.67,590.33,61
357,229,61
369,630,61
499,601,61
499,603,61
499,660,61
630,709,61
639.5,961,61
639,963,61
710.67,621,61.333
764,327,61
832,727,61
1042,232,61
1142,370,61
1308,505,61
1308,507,61
1345,829,61.5
1379,382,61
1404,271,61
1532.5,982,61
1547,245,61
1644.5,692,61
1785,959,61
1820,247,61
1919,673,61
1921,673,61
2045,532,61
2138,366.5,61
2241,564,61
2243,566,61
2243,812,61
2324,671.5,61
2342,750,61
2429,583.4,61
2451,953,61
2512,756,61
2512,758,61
2611,609.5,61
2632,702,61
2632,704,61
2634,704,61
2645,963,61
2756,497,61
203,413,62
223,700,62.5
225,700,62
501.5,660,62
514,510,62
553.55,893.82,62.909
590.5,265,62
618.13,954.57,62.957
800,783,62
829,415,62
849,581.33,62.667
938,1027,62
1008.5,1133.5,62
1129,527,62
1129,529,62
1129,531,62
1172,440,62
1270,529,62
1272,529,62
1276,499,62
1285,426,62
1306,680,62
1345,827,62
1372,631,62
1393,1033.5,62
1395,616,62
1551,1080,62
1558,464,62.5
1605,577,62
1605,579,62
1692,470,62
2081.5,850,62
2145,666,62
2348,763,62
2457.5,741,62
2457.5,743,62
2461,678,62
2468,706,62
2470,706,62
2606,857,62
2778.5,733,62
206,587,63
219,480,63
327,1123,63
432,525,63.667
434,525,63
507,510,63
508,1191,63
592,483,63
594,267,63.5
620.5,950,63
724,474,63
799,471,63.5
836,727,63
897,872,63
897,874,63
942,1029,63.5
946,377,63
946,375,63
951.75,1176.2,63.25
1014,1019,63
1029,252,63
1067,1149,63
1102,655,63
1174,438,63
1174,440,63
1189,1063,63
1389,1029,63.5
1430.4,925.86,63.429
1531,1105,63
1533,1105,63
1675,270,63
1849,876,63
2000,828,63
2077,852,63
2646,534,63.5
296,860,64
296,862,64
325,1127,64
336,237,64
348,752,64
355,457.6,64
416,1068,64
573,480,64
575,480,64
591,263,64
612,955,64
669,320,64
755,286,64
830,874,64.5
949,377,64
1067,1147,64
1134,904,64.5
1151,748,64
1319,712,64
1369,703,64
1391,1029,64
1432,448,64
1450,1036,64
1493,416,64
1533,1107,64
1534,340,64
1534.5,342,64
1534,991,64.5
1539,340,64
1683,721,64
1756.5,861,64
1928,850.5,64
1962,455,64
2032,388,64
2038,724,64
2074,687,64.5
2074.7,689,64.571
2290,1006,64
2645.8,407,64
2648,407.5,64
257,393,65.5
273.5,196,65
336.5,239,65
580,676,65
594,1044,65
763,888,65
763,890,65
1012,620,65
1242,517,65
1307,545,65
1324,689,65
1527.7,998.45,65.455
1534,993,65
1759,859,65
2015.5,337,65
2184,641,65
2239,789,65
2240,785,65
2240,787,65
2258,855.5,65
2260,856.5,65
2262,855,65
2262,857,65
2262,859,65
2263,523,65
2266,761,65
2267.4,758.8,65.8
2270,759,65
2270,848,65
2270,850,65
2270,852,65
2272,848,65
2272,850,65.5
2274,850,65
2411,373,65
2474,387,65
2476,387,65
2592,454,65
468,830,66.5
782,400,66
784,398,66
784,400,66
830,876,66
874,540.5,66
1010,622,66
1011,994.5,66
1043,376,66
1178,651,66
1189,921,66
1251,457,66
1280.1,308.1,67.1
1309,1032,66
1344,698,66.4
1411,650,66
1512,788,66
1525,993,66
1527,873,66
1542,269,66
1546,271,66.5
1759,861,66
1834,448,66
2007,1015,66.5
2007,1017,66.5
2015.5,335,66
2299,429,66
2299,431,66
256,768,67
258,768,67
286,533,67
286.5,531,67
412,278,67
420,735,67
843.5,824,67
876,540.5,67.5
1177,655,67
1189,767,67
1189,769,67
1285.2,450,67.6
1302,223,67
1393,511,67
1405,742,67.5
1501,845,67
1501,843,67
1523,788,67
1651,458,67
1668.5,268,67
1846,838,67
1846,840,67.5
2299,433,67
2422,401,67
2428,759,67
323,434,68
361,642,68
423.11,462.12,68.946
426.54,532.69,68.923
700,222,68
741.67,433,68.667
747,924,68
747,926,68
878,540.5,68
1043,376,68
1086,676,68
1127,358,68
1154,418,68
1255,459,68
1321,855,68
1356,985,68
1407,742,68
1419,667,68
1478,368,68
1483.7,332.97,68.906
1486,380,68.5
1489,420.21,68.849
1489,377.25,68.75
1489.5,406.21,68.939
1494.5,575,68.75
1513,705,68
1514,788,68
1517.2,709.15,68.962
1545,1076,68
1546,1051,68
1546,1053,68.5
1547,1076.5,68
1548,1051,68
2303,433,68
2357,365,68
2682,600,68
2711,709,68
383,599,69
384,601,69
386,601,69
393.2,597.5,69
407.37,508.96,69
427,520,69
429,518,69
429,520,69
433.5,516,69
435,514,69
438,435,69
438,437,69
440,433,69
440,435,69
443.38,501.46,69
449,495,69
454,481.5,69
456,480.5,69
458,379,69
458,479.5,69
461.21,385.54,69
476.21,305.79,69
479.07,406.64,69
478,417,69
480,417,69
480,419,69
482,415,69
512,288,69
516.82,284.73,69
516.5,227,69
545,237,69
547,180,69
547,237,69
549,235,69
549,237,69
551,231,69
607,153,69
607,157,69
747,922,69
856,233,69
1195,908,69
1244,1072,69
1246,1068,69
1246,1070,69
1246,1072,69
1342,985,69
1344,983,69
1346,983,69
1432.3,979.5,69
1430,1005,69
1432,1005,69
1436,1003,69
1438,999,69
1482,364.5,69
1482,368,69
1484,375,69
1484,377,69
1484,379,69
1486,375.5,69
1486,378,69
1494,577,69
1494.5,579,69
1496,684,69
1498.4,684,69
1499,581,69
1499,583,69
1501,581,69
1501,583,69
1502.1,587.79,69
1501.5,603,69
1501.5,605,69
1502,612,69
1503.3,843.6,69
1503,581,69
1503,583,69
1504,610,69
1504,612,69
1504,661.5,69
1504,771,69
1504,816,69
1505,589,69
1505.5,591,69
1506,610,69
1506,612,69
1506,614,69
1506.8,642,69
1506,771,69
1506,773,69
1506,814,69
1506,817.5,69
1509,641,69
1510,636,69
1511,642,69
1513.9,684.4,69
1548,1055,69
1553,487,69
1555,485,69
1563,942.5,69
1565,904,69
1583,1035.4,69
1586,1034,69
1590,1029,69
1818,689,69
1844,838,69
1846,842,69
1882,596,69
2531,455,69
