52,1177,1
55,1271,1.5
103,1077,1
103,1079,1.5
105,1079,1.5
156.24,713.14,1.6667
160.5,828,1.75
178,723,1
177.5,1365,1.5
179,525,1
194,372.5,1
195,346,1.5
196,373,1
212,1153,1
228,400.25,1.5
230,400.5,1
238,1098,1
257,598,1.5
278,183,1
302,160,1.5
319,760,1
336,1016,1
339,611,1
339.33,613.67,2
339,1099,1
464,234,1
464,1142,1
484.3,902.3,1.4
487,452,1
506,917,1
506,919,1.5
508,686,1.5
523,1432,1
560,381.33,1.3333
589,856,1.5
596,872,1.5
598,872,1
598,877,1
628.5,913,1.8333
634,214,1
668,714,1
731,411,1
749,814,1
751,814,1
778,1311,1
781,1401,1
836,933,1
837,1050,1.5
839,842,1
840,846,1
898,1128,1
911,1293,1
913,1399,1
929,460,1
939,1033,1
946,1273,1
950,1273,1
973,407.5,1
977,918,1
996,1306.3,1
1002.7,557,1.5
1005,558,1
1056,1133,1
1064,1416,1
1084.8,200.79,3.5
1096,210,1.5
1100,787,1
1116,1382,1
1119,1206,1
1130.2,333.25,1.5
1130,1226.5,1
1132,819,1
1134,810,1
1142,936.5,1.5
1144,933.5,1
1148,336,1
1184,1082,1.5
1189,622,1
1189,786,1
1193,782,1
1199,463,1
1245,711,1
1273.2,717.75,1
1306,915,1
1315,938,1
1321.5,737,1
1323,236,1.5
1347.5,289.75,1.25
1349.2,978,1.4
1355,1167,1
1355.3,1185,1.3333
1355.8,1183,2
1366,681,1
1376,670,1
1380,1176,1
1383,952,1
1395.4,1062.6,1.2
1399,733.5,1
1409,1086,1.5
1417.7,797.5,1.4167
1425,1289,1
1445,746,1
1452,1448,1
1455.7,1486,1.6667
1468.5,1381,1
1488.2,576,2
1532,1160,1.5
1534,1160,1
1535,932,1
1537,932.5,1
1544,1157,1
1564,1001,1
1588,760,1
1595,1044,1
1607,310,1
1618.5,282,1.5
1641,1223,1.5
1656,1153,1
1658,1152,1
1676,957.5,1
1679,956,1
1697,1226,2
1735,776,1.5
1755,647,1.5
1768,1212,1
1796,1223,1
1813,534,1
1817,1047,1.5
1819,1047,1
1823,1126,1
1829,437,1
1829,439,1.5
1830,731,1
1832,587,1.5
1885,1244,1
1971,437,1.5
1990,1114.5,1
1991,1027,1
2001.5,392,1.5
2011.5,1225,1
2012,1223,1
2062,1048,1
2108,528,1
2136,1430,1
2165,1283,1
2165,1285,1
2212,1329,1
2237,715,1
2239.7,1511.7,1.5
2259,873,1
2263,561,1
2278,971,1
2278,973,1
2286,1190,1
2286.5,1192,1
2329,1262,1
2334,1353,1
2337,410,1
2375,1289,1
2381,617.5,1
2405,1059,1
2412,741,1
2412,743,1
2416,721,1.5
2434,1097,1
2434,1371,1
2436,1099.5,1.5
2441,999.5,1
2462,1265,1
2477,764,1
2484.3,1060,1.6667
2504.4,1005,1
2516.8,990.8,1.8
2540,1182,1
2612,905.5,1
2615,1008,1.5
2620,966,1
2645,1089,1
2647,1089,1
2665,806,1
2717,1152.3,1.3333
2785,1140,1
2798,1263,1.5
2834,850,1
2837,1114,1.5
2902.7,668.67,1.3333
52,1175,2
58,1212,2
101,1079,2
121,1265,2
129,544,2
129,548,3
131,548,2
147,598,2
150,898,2
195,1401,2
195,1403,2
198,567,2
210,653,2
213,403,2
243,1241,2.5
297,921,2
299,784,2
337,609,2
337,611,2
339,609,2
353.25,806.75,3
359,1112,2
361,1112,2
363,1114,2
367,531,2
378,284,2
420,781,2
471,386.5,2
487,841,2.5
487,843,2
498,671,2
514,554,3
519,510,2
521,512,2
531,838,2.5
533,838,2
554,1149,2
556,1331,2
563.71,869.29,2.2857
594,872,2
612,510,2.5
622.5,744.75,2.25
631,1044,2
633.29,833,3
639.17,1327.8,2.5
644,238,2
644.33,1241,2.6667
648,1361,2
650,1361,2
661,680,2
718,705,2
720,705.5,2
736,470.33,2.6667
770,1178,2
778.5,1401,2
780,1311.5,2.6667
781,1235,2
815,701,2
838,1004,2
839.56,1285,2.8889
838.5,1287,2
892,1494,2
909,1293,2
918,718,2
961,550,2
973,910,2
980.8,1169.6,2.4
982,1368,2
986,926,2
993,1008,2
1006,886,2
1048.9,1417.2,4
1054,1133,2
1066,1215,2
1077,627,2
1090,719.5,2.5
1095,1397,2.5
1113,712,2.5
1114,1382,2
1123,1202,2
1178,912,2
1185,954,2
1189.2,649,3
1192.5,679,2
1197,1092,2
1214,1093,2
1216,955,2
1222,702,2
1225,1052,2
1227,1052,2.5
1227,1054,2
1229,1052,2
1262,1031,2
1266,999,2
1306,913,2.5
1312,427,2
1312,622,2
1321,392,2
1325,236,2
1327.5,1437,2
1328,1433,2.5
1328.6,1435,2.875
1336.2,1380,2.6
1337,1378,2
1349,1151,2
1364,1394,2
1367.3,203.67,2.3333
1372,673.5,2
1377,908.38,3.375
1418,736,2
1441.5,1421,2
1442,1447,2
1450,1448,2
1454,725,2
1456.8,728.3,2.5
1484,1166,2
1504,1104,2
1505,745,2.5
1506,1102,2
1524,673,2.5
1542,1161,2
1554,694,2.5
1557.5,638,2
1561,1245,2
1563,1247,2
1564,997,2
1564,999,2
1566,999,2
1569,1508,2.5
1588,1053,2
1592,562,2
1602,949,2
1612,911,2
1617,1179,2
1617,1304.5,2
1629.7,308,2.6667
1632,304,2
1638,910,2
1641,1221,2
1648.5,1205,2
1652,884,2
1653,1100,2
1682,850,2
1703,1065,2
1738,694,2
1753,647,2
1759,1292,2
1763,1560,2
1773,223,2
1809,1080,2
1812,1085,2
1823,510,2.5
1841,1461,2
1853,1082,2.5
1858,365,2
1864,467,2
1872,1126,2
1885,1065,2
1887,1243.5,2
1920,710,2
1958.5,365.5,2
1981,1538,2
1990.3,1233.3,2
1990,1537,2
2021,1219,2
2031,465,2
2074,1303,2
2131,1424,2
2133,1424,2
2145.5,749,2
2166,1074,2
2185.5,1090,2
2196.1,993,3
2210,719,2
2215,870,2
2278,975,2
2293,1491,2
2333,412,2.5
2408,319,2
2408,323,2
2410,743,2
2411,705,2
2439,998.5,2
2638,1295,2
2649,1087,2
2672.8,1365,2.4
2691,818,2.5
2692,347,2
2693,846,2
2694,957,2.5
2700,1231,2
2769,807,2.5
2797,862,2
2818,787,2
2820,317,2
2822,317,2.5
2873,1173,2
2874,1235,2
2884,1278.5,2
52,1177,3
103,1075,3
127,544,3
138,579,3
148.5,1423,3
152,898,3
159,1163,3.5
174,361,3
182,405,3
196,837,3
216,507,3
227,818,3
241,708,3
244,237,3
244,239,3
245,1243,3
246,237,3
246,239,3
246,664.5,3
247,1431,3
249,1431,3
258,355,3
317,968,3
342,783,3
361,530,3
367,332,3
383,334,3
396,569,3
400.5,980,3
424.14,1292.7,3.7857
425,978,3
436.5,972,3.5
436.83,974.33,3.3333
464,211,3
464,1144,3
477,391,3
485,385,3
489,859,3
491,863,3
508,684,3
511,612,3.5
521,510,3
545,1455,3
551,601,3.5
564,872,3
572,1348,3
598,984,3
612,909,3
646.67,1164,3.3333
659,684.5,3
665,712,3
715,1410,3
751,1281,3
765,1170,3
771,1277.5,3
777.5,654,3
781.5,658,3
807,929,3
811,383,3
822.5,397,3
838,846,3
877.33,765.67,3.3333
917,1103,3
919,1103,3
929,1030,3
931,1030,3
940,1258,3
959,1306,3
968.33,1278.3,3
998,1374,3
998.33,1376,3.6667
1003,1081,3.5
1005,1081,3
1008.5,1220.5,3
1010.6,1218.3,4.7143
1022.3,1264.3,3
1024.7,1266.3,3.6667
1077,629,3
1084,813,3
1086,813,3
1097,1395,3
1097,1397,3
1099,1395,3
1099,1397,3
1151,803,3
1166,1067,3
1180,1171,3
1193,1033,3
1199.2,1107,3.6667
1223.5,1044,3
1224,309,3
1249,465.4,3.4
1255,465.5,3
1302,559,3
1320,1403,3.5
1320,1405,3
1322.7,736.67,3
1322,981,3
1327,704,3
1329,975,3
1337,916,3
1344,610,3
1348,1172,3
1360,195.5,3
1375,320,3
1375,322,3.5
1375,673,3
1394.5,1132.5,3
1423,1288.5,3
1439,1127.5,3
1441,1127,3
1444,1526,3
1453.5,1121,3
1464.5,755,3
1480.5,222,3
1500,1224,3
1507,745,3
1510,989,3
1526,673,3
1539,1045,3
1553,932.5,3
1555,611,3.5
1555,930,3
1570,1510,3
1594,635,3
1596,463,3
1599,1025,3
1602.5,1060,3
1605,296,3
1610,989.67,3.6667
1629,306,3
1636,1226,3
1639,1044,3
1640,910,3.5
1655,309,3
1672,779,3
1683.5,790,3
1690,1155,3
1723.5,578,3.5
1730,693,3
1765,1560,3
1767,1560,3
1775,223,3
1786,449,3
1786,965,3
1804,499,3
1838,441,3
1848.5,1341,3
1859.5,1072,3
1874.9,1127.1,3.4444
1882.5,1067,3.5
1883,1570,3
1906,878,3
1906,880,3
1907,840,3
1917.5,1193,3
1926,1521,3
1927,1481,3.5
1947,1506,3
1959,788,3
2011,1347,3
2016,1349,3
2095,432,3
2097,435,3
2122,609,3
2140,1430,3
2161.5,1072,3
2208,720,3
2221,739,3
2229,1005,3
2238,1212,3
2238,1214,3
2277,1468,3.5
2288,1489,3
2313,1265,3
2313,1427,3
2317.3,1403,3.3333
2349,723,3
2381,617,3
2466,615,3
2486,1234,3
2517,1439,3
2557,546,3.5
2628,961,3.5
2647,1089,3
2649,614,3
2693,818,3
2743,1408,3
2785,1142,3
2795,862,3
2800,715,3
2848,1304,3
2850,1304,3
2879,1280,3
2914,902,3
2918.3,985.33,3
2968,845,3
2970,845,3
145,1102,4.5
157.5,1409,4
159,394,4
159,396,4
187.5,142,4.5
221,896,4
243,1243,4
251,1068,4
279,629,4
298,781,4
319,209,4
321,966,4.5
341,965,4
350,1351,4
363,528,4
363,530,4
382,675,4
382,677,4
401,1176,4
422,783,4
485.6,1006.7,5.3
505,1209,4
511.67,553.67,4
517,1118,4
531.2,680.4,4.4
532,840,4
547,1457,4
555,988,4
559,1232,4
559,1234,4
575,712,4.5
576.4,979,4.8
596,640,4
597,142,4
598,639.5,4
598,642,4
608.2,1387.4,4.6
612,163,4
614,161,4
614,163,4
614,510,4
633,908,4
635,907,4
644,238.5,4
649,1164,4
658,1163,4.6667
661,948,4
665,710,5
690,1184.5,4
698,484,4
704,715.5,4
753,681,4
759,1160,4
761,1160,4
768,922,4
796,1029,4
797,1031,4
842,417,4
847,1270,4
877,1255,4
879,1183,4
905,695,4
915,1105,4
916,1101,4
915,1103,4
916,1517,4
924.5,801.5,4
936.29,1256.4,6.9412
939,1042,4
940,1044,4
951,1304,4
958,1088,4
981,1171,4
984,913,4
984,926,4
995,1447,4
1005,375,4
1006,1045,4
1007,1252,4
1013,912.5,4
1015,1063.8,4
1022,685.5,4
1029.5,1217.5,4
1064,1309.5,4
1066,352,4
1066.5,1215,4
1077,627,4
1101,990,4
1146.5,557.17,4.8333
1178,824,4
1234.5,580,4
1245,305,4
1249,303,4
1261,593,4.5
1273,1461,4
1288,602,4
1325,1347,4
1334,709,4
1339,1046,4
1351,276,4
1358,195,4
1371.2,992.33,4.5
1376,1494,4
1378,1494,4.5
1384,1509,4
1393,874,4
1397,584,4
1403.5,873,4
1410,341,4
1411,702,4
1413,704,4
1425,556,4
1428,1329,4
1431.5,1048,4
1441,1129,4
1444,1528,4
1454,1123,4
1456,1123.8,4.25
1458,1123,4
1461.5,1428,4
1465,1344.5,4
1490,632,4
1494,773,4
1497,820,4
1504,1104,4
1546,1537,4
1550,626,4
1558,1250,4
1559,978,4
1567.7,907.67,4
1568,598,4.5
1598,460,4
1598,1290,4
1614.5,1148,4
1615,1150,4
1638,1226,4
1638,1228,4
1640,1101,4
1644,590,4
1653,863,4
1658,1131,4
1662,812,4
1671,390,4
1671,745,4
1692,1155,4
1703,1140,4
1737,1271,4
1763,1213,4
1793,1461,4
1809,458,4
1831,1315,4
1860,1213,4
1863,1013,4
1886,1067,4
1915,1555,4.5
1927,1483,4
1931,1174,4
1933,1174,4
1935,1174,4
1952,665,4
1984,915,4.5
2031,886,4
2093,632,4
2104,1451.5,4.5
2143,1258,4
2156,932,5
2156,934,4
2157,1519,4
2157,1521,4
2160.5,540,4
2184,1052,4.5
2199,1334.5,4
2210.7,719.67,4
2228,1470,4
2281,1468,4.5
2326,696,4
2367.3,1388.3,4
2379,1034,4
2396,761,4
2400,1154.8,4.4
2463.5,1540,4
2509,1571.5,4
2521,1533,4
2526,524,4.5
2540,506,4
2617,1247,4
2640,631,4
2717,1099,4
2722,1578,4
2795,860,4
2854,981,4
2879,538,4
2910,1445,4.5
107,822,5
118,1253,5
141,1399.5,5
145,1104,5
172,365,5
178,1252.7,5.6667
184,829,5.5
213.5,842,5.5
232.2,1248,5.6
251,1064.5,5
251,1123,5
266,701,5
279,631,5
303,1056,5
309,938,5
314,805,5.5
319,968,5
355,1303,5
366,385,5
366,387,5
366,1083,5
369,1340,5
371,1338,5
371,1340,5
400,500,5
422,121,5
447,1301,5.5
466,1440,5
475,907,5
477.5,1161,5.25
477,599.5,5
478.78,1159,5.4444
481,849,5
482,739.5,5
483,853.5,5
495,999,5
495,1001,5
495.75,1003,5.75
509.88,291,6.25
530.5,677.5,5.5
536.5,1328,5
553,962,5
557.5,966,5
563,1264,5
567,539,5
577,926,5
577,928,5
579,947,5
587,859.5,5
589,859.5,5
609.67,162.33,5
618,331,5
630,1429,5
630,1431,5
642,1164,5
644,1163,5
651.75,704.75,5
667,710,5
669,919,5
679,589,5.5
684,615,5
686.5,935,5
709.5,1145,5
713,1149,5
729,959,5
739,512,5.5
759,1158,5
760,950,5
762.8,801.2,5.4
820,1251,5
837.83,1401.8,6.3333
841,1402,5
845,1254,5
867,659,5
875,1183.8,5.6
882,709,5
884,468,5
884,769,5
886,470,5
909,1015.5,5
926,625,5
929,602,5
931,598,5
947.5,1092,5
948,1086,5
953.8,1087.8,5
954,703.5,5
956,703.5,5
1020,582,5
1021,1246,5
1038.8,753.6,6
1086,992,5
1091,898,5
1096.5,493,5
1101,712,5
1101,992,5
1103,992.5,5
1130,695,5
1141,309,5
1145,937,5
1161,262,5
1166,261,5
1179,611,5
1180.5,1171,5
1181,611,5
1183,1055,5
1191,1105,5
1214,1127,5
1216,1127,5
1229.5,979,5
1233,1118,5
1248,717,5
1247.8,1022.5,5.8333
1256,465,6
1279,556,5
1289,782,5
1291,782,5
1297.4,675.2,5.6
1298,988,5
1299,1330,5
1299,1332,5
1300,675,5
1301,1330,5
1320,979,5
1322,979,5
1335,619,5
1335,1001,5
1341,449,5.5
1352,1051,5
1361,1110,5
1363,939,5
1375,1439,5.25
1378,725,5
1387,261,5
1403.8,1274.8,5.375
1443,1424,5
1456,883,5.5
1458,883,5
1492,828,5
1494,828,5
1495.7,1418.8,5.5
1499,1416.8,5.75
1506,871,5.5
1531,658,5
1546,1535,5.5
1548,1010,5
1574,975,5
1585,622,5
1598,1292,5
1606,314,5
1625,1178,5
1625,1180,5
1626,1247,5
1627,1178,5
1627,1180,5
1641,225,5
1654.5,1127,6.75
1686,1052,5
1689,1035,5
1719,842,5
1720,662,5
1730.3,681,5.6667
1733,682,5
1768,1125.5,5
1770,1541,5
1791,590,5
1791,592,5.5
1803,501,5
1838.5,1204,5
1850,1450,5
1883,1548,5
1888.5,1135,5
1897,1538,5
1899.7,1538.3,5
1921,1522,5
1927,638,5
1952.8,1194.5,5.2727
1988,657,5
1995,873,5
2031,1119,5.5
2055,896,5
2055,1255,5
2060,819,5
2084,577,5
2106,1082,5
2108,1259,5
2125,560,5
2125,562,5
2140,1044,5
2152.3,1488.7,5.8889
2154,1129,5
2158,542,5
2167,1286,5.5
2171,1193,5
2180,1052,5
2182,1052,5
2202,1319.3,5
2208,1369,5
2227,1003,5
2227,692,5
2230,707,5
2237,1118,5
2246,1068,5
2288,807,5
2305,871,5
2306,868,5
2313,1265,5
2351,1318,5
2360,1168,5
2363,718,5
2398,754,5
2432,442,5
2506,903,5
2508,903,5
2528,522,5
2617,1249,5
2664,1316,5
2693,1037,5
2727,1444,5.5
2775,1441,5
2839,877,5.5
2872,1004,5
2878.8,1448.8,5.75
2882,1447,5
2927,916.5,5
77,1205,6
79,1207,6
79.5,1209,6
114,1251,6
129,820,6
143,727,6
153.33,1144,6.6667
184,831,6
224,333,6
225,392,6
226,335,6
231,1246,6
247,1064,6
248,1123,6
253,1091,6
268,701,6
270,1242,6
275.5,729,6
280,905,6
289.67,970,6.6667
292,970,6
304,1187,6
345,590.5,6
346.31,589.38,7.3077
352,807,6
389,1199,6
398,563,6
403,1177,6
420,121,6
454.5,987,6
466,1442,6
488,1163.5,6
489,1300.1,6.8
503.8,604,6.6
503,606,6
510.2,289,6.4
532,1166,6
535,970,6.6667
550.25,236,6.25
550,234,6
552,537,7
559,658,6
663,710,6
686,615,6
686,1174,6
709,1460,6
716,1333,6
728,495,6
743,1186,6
744.5,1051,6
744.5,1053,6
747,1053,6
758,612,6
770,920,6
772,922,6
822,704,6
830,1492,6
838.33,1267.3,6.3333
858,971,6
862,973,6.5
867.17,1470.7,7.1667
884,1379,6
892,973,6
981,1323,6
1015,1244,6
1018,1246,6
1022,582,6
1035,499,6
1063,510,6
1067.2,345.2,7
1087,811,6
1100,1384,6
1119.5,602,6
1133.2,1100.9,6.2222
1147,495,6
1154,1263,6
1164,769,6
1179,576,6
1179,896.5,6
1187,1055,6
1188,868,6
1188,1039,6
1189,1105,6
1192.4,304.2,6.8
1203.5,1031,6
1209.6,1201.8,6.25
1219,1127,6
1237,1404,6
1256,467,6
1257,307,7
1257,309,6
1269.5,748,6
1270,750,6
1278,917,6
1283,554,6
1294,984,6
1319,1136,6
1325,1041,6.5
1329,1351,6
1330,775,6
1332.2,571.6,6.4
1353,995,6
1357,1349,6
1359,267,6
1371,401,6
1374,655,6
1376,655,6
1380,849,6.5
1382.5,1296,6
1387,263,6
1389,261,6
1397,1003,6
1399.4,1404.8,7.1818
1407,938,6
1407,940,6
1409,936,6
1409,938,6
1410,1453,6
1411.6,936.57,7.2857
1424,896,6
1449,1506,6
1455,1087,6
1486,1381,6
1496.8,209.11,6.8889
1506,869,6
1596,640,6
1601,1252,6
1616,968,6
1625,872,6
1687,1036,6
1691,721,6
1693.8,459.8,6.6
1704,1142,6
1711.6,997,6.8
1733.2,775.67,6
1752,1039,6
1760,592,6
1772.6,650.12,6.875
1786,1128,6.5
1786,1132,6
1788,1132,6
1792,594,6.6667
1807,1416,6
1814,755,6
1818,1446,6
1833,1317,6.5
1836,1114,6.75
1855,1171,6.5
1872,1428,6
1874.5,1127.5,6
1880,1178,6.5
1913,1557.5,6
1925,638,6
1992,869,6.5
2023,1132,6
2073,1379,6
2125.8,1299.6,6.6
2148,1276,6
2149,1490.5,6.5
2153,1492,6
2158.2,540,6.5
2200,991,6
2216,1188,6
2228,722,6
2250,1241,6
2298,865,6
2299,768.5,6
2312,905,6
2314,905,6
2317,906,7
2317.5,1404,6
2371,1318,6
2419,1377,6
2502,740,6
2509,1571.5,6
2529,1191,6
2536,1218,6
2551,1443,6
2615,1029.5,6
2670,851,6
2727.5,1446,6
2777,1441,6
2862,893,6.5
2867,1310,6.5
2867,1312,6
2891,1551,6
98,736,7
112,1012,7
153.5,1146,7.5
188.5,831.5,7
211.29,849.57,7.7143
216,1404,7
224,335,7
227,547,7
232,570,7
232,572.5,7
251,1127,7
299,546,7
303,1058,7
303,1060,7
313,939,7
321,781,7
323,781,8
391.5,1014.5,7
412,73,7
415,1208,7
422,1302,7
438,694,7
439,724,7
451,1096,7
457,1073,7
461.5,1077,7
464,1001,7
464,1337,7
472.25,1076.2,7.75
479,149,7
482,605,7
484,604,7
486,1298.5,7
488,1161,7
513,963,7
516.5,683.5,7
530,679.5,7
537,975,7
547,115,7.5
547,1310,7
564,1260.5,7
577,1203,7
582,246,7
588,762,7.5
631,1430,7
632,1020.7,7.6667
633,1029,7
633,1430,7.5
661,709,7
663,715,7
665,715,7
669.5,919,7
684,1174,7.5
694,863,7
716,712,7
752,568,7
758,1174,7.5
766,801,7
771,1252.5,7
791,997,7
793,1178,7
795.5,1262,7
822,706,7
824,706,7
828,1407.3,7.3333
828,1492,7
835,1140,7
841,1402,7
843.5,1022,7
846.5,1089,7
862,971,7
873,1007,7.5
947,905.5,7
952,1154,7
953.5,1090,7
955,1285.5,7
976,1185,7
1020,582,7
1039,1132,7.5
1050.5,1285,7
1058.2,1154.5,7.75
1082.5,213,7
1083,809,7
1118,381,7.5
1120.6,210.2,7.6
1121,1038,7
1123,1038,7
1132,1097,7
1134,1098,7.6667
1231,779,8
1243,720,7
1255,729,7.5
1256,1061,7
1257,305,7
1260,1100,7
1325,985.5,7
1336.8,757,8
1338,618,7
1339,575.5,7
1366.5,715,7
1371,399,7
1373,241.67,7
1382,849,7
1394,760,7
1398,539,7
1409,940,7
1416,911,7
1423,996,7
1434,1406,7
1434,1408,7
1463,1344,7
1467,903,7
1468,1390,7
1483,1410,7
1486,739,7
1486,737,7
1496,549,7
1544,1400.7,8
1554,1405,7
1559,1075,7
1580,759,7
1580,761,7
1582,761,7
1584.5,761,7
1599,959,7
1612,1019,7
1614,1136,7
1621,1318,7
1628,1247.5,7
1650,232,7
1653.7,1130,7.6667
1668.5,737,7
1680,972.5,7.5
1702,923,7
1720,1009,7
1720,1011,7
1727,1085,7
1753,1439,7
1772,487,7
1776.5,1347,7
1826,1550,7.5
1828,1550,7.5
1831,1421,7
1833,1319,7
1838,1204,7
1853,1171,7
1857,675,7
1868,1216,7
1872,1108,8
1872,1426,7.5
1873,1342,7.5
1897,650.5,7
1915,479,7
1917,853,7
1919,853,7
1928.7,875,7.6667
1929,877,7
1932,1174,7
1933,1064.5,7
1937,937,7
1955,1108,7
2001,1120,7
2051.5,1104,7
2054.5,502.5,7.5
2055,584,7
2085,650,7.5
2094,1019,7.5
2123,297,7
2138,1221,7
2140,566,7
2140,1220.7,7.3333
2142,257,7
2142,259,7
2156,1521,7
2157,955,7.5
2157,1009,7
2160,712,7
2213,594,7
2216,756,7.5
2266,363,7
2267,754,7
2279,1595,7
2298,666,7
2333,1304,7
2333,1306,7.5
2359,1404.5,7.5
2373,1423,7
2385,1407,7
2417,1379,7
2419,1379,7
2458,1356,7
2519,395,7
2569,251,7.5
2592,501,7.5
2730,1192,7
2793,1320,7
2828,1327,7
2842.5,630,7
2842,632,7
2862,895,7
2869,1310,7
110,1012,8
123.5,736,8.5
127,414,8
130,820,8
139.33,716,8.6667
145,1359,8
234,572.5,8
235,1435,8
246,1096,8
249,322,8
281,1010,8
287,755,8
287,757,8
290,103,8
299,548,8
307,928,8
321,864,8.5
409,311,8
443,1194,8
443,1413,8
451,1000,8
453,1000,8
454.5,987,8
462.67,1075,8.3333
465,219,8
468,1078,8
469.83,1076.7,8.5
484,609,8
502,367,8.5
507,397,8
518,167,8
519.12,1099.5,9.875
552.5,238,8
554,537,8
557,992,8
565,630,8
567,628,8
567,630,8
569,630,8
579,1175,8
590,762,8
599,639,8
608.33,1320.3,8
625.5,348.5,8
630,349,8
631,1428,8
633,969,8
651,838,8
663,709,8
682,1174,8
684,1176,8
686,1176,8
696,861,8
714.62,561.25,8.25
728,495,8
755,950,8
757,937,8
761,1384,8
793,997,8.5
795,1178.5,8
798,427,8
823.18,703.64,8.5455
832,697,8
843.5,1020,8
875,888,8
878,680,8
897,1308.3,8.6667
928,1186,8.25
935,265,8
952,1156,8
985,1236,8
988,1388,8
1037,570.5,8
1039,756,8
1063,510,8
1075.5,702,8
1078,490.5,9
1079,376,8
1080,490.5,8
1082,211,8.5
1084,1156,8.6667
1100,244,8
1126,241,8
1132,1099,8
1150,1266,8
1154,1045,8
1164,769,8.5
1165.3,905,8.6667
1190,641,8
1200,1096,8
1209,308,8
1253,729,8
1258,309,8
1271,747.67,8
1274,917,8
1296,853,8
1325,472,8
1325,766,8
1328,644,8
1329,578,8.5
1330.3,775.44,8
1333,1343,8
1337.5,622,8
1339,1044,8
1350,1051,8.5
1360.5,615,8.5
1376,988.25,8.75
1378,949,8
1381,1055,8
1392,963,8.5
1392,965,8
1398.5,796,8
1418,909,8
1421,996,8
1422,1500,8.5
1425.2,751.75,8
1425,900,8
1465,1342,8
1467,1395,8
1467,1397,8
1470,665,8
1473,1468,8
1477,1126,8
1479,1126,8.5
1494,704,8
1505,710,8
1505,1227,8
1520,723.5,8
1584,591,8
1606,1279,8
1613.5,1017,8
1619,1319,8
1627,611,8
1633,850,8
1637,1494,8
1638,1492,8
1645.3,992,8.3333
1656,590,9
1659,392,8
1662.7,639,8.6667
1664,341,8
1675,274,8
1682,973,8
1698,463,8
1713,1252,8
1719,1525,8
1725,760,8.5
1730,679.5,8
1759.5,458.5,8.5
1788.5,1128,8
1823,1093,8
1824,1550,8
1829,1241,8
1831,1241,8
1837,676,8
1847,1453,8
1851,1171,8
1859,1465,8
1864,1420,8.5
1868,639,8
1872,1428,8
1879,879,8.5
1908,1527.5,8
1913,479,8
1932,724,8
1952,885,8
2055,580,8
2088,494,8
2095,1302,8
2179,1553,8.5
2181,851,8.5
2193,1572,8.5
2213.5,1025,8
2214,754,8
2216,754,8.5
2221,1506,8
2223,1506.7,8.3333
2225,1480,8
2228,1480,8
2250,1241,8
2250,1467.5,8
2263.5,969.75,9.25
2298,865,8
2305.5,734.5,8.5
2307,875,8
2309,874.5,8
2309,904,8
2332,999,8
2363,1178,8
2381,653,8
2427,1036,8
2532,750,8
2564,311,8
2612,755,8
2713,1446,8
2815,713,8
2959,501,8
2961,501,8
2963,501,8
156.67,1143.7,9
199,595.75,10.25
213,1102,9
213,1192,9.5
232,572,9
244,1096,9
289,156,9
309.6,591.2,9
321,781,9
341,1242,9
389,1194,9
389,1196,10.429
449,400,9
450,743,9
464,1339,9
467,150,9
472,1071.5,9.5
488,859,9
489,1302,9
501,886,9
503,888,9
517,1089,9
544,1107,9
549.2,898,9.2
575,1355,9
576,825,9
579.5,757,9
593,824.67,9.3333
596.13,769.4,10.467
601,1203,9.5
617,1371.8,9.6
617,1471,9
624.67,343.33,9
626,435,9
668,1147,9
670,1147,9
692,864,9
696,707,9
700,645,9.5
753,1184,9
753,1186,9
764.5,1149,9.5
767,1253,9
769,1253,9
786,609,9
793,1178.5,9
816,1175,9
828,1405,9
834,1399,9
839.4,1019,10
846,891,9
852,1268,9.5
883,843,9
889,413,9
895,1310,9
906.5,1269.5,9.5
917,534,9
920,826,9
955,1286,9
994,469,9
996,471.5,9
1010,319,9
1024.5,713,9
1034.5,570.5,9
1035,401,9
1036,921,9
1046,1377,9
1049.5,1392,9.5
1050,320,9
1058,1388,9
1070,864,10
1101,963,9
1101,1216,9
1103,698,9
1105,698,9
1110.7,1318,9
1154,698,9
1159,255,9
1164.9,709.83,9.3333
1184,836,9
1197.6,1100,9
1223.5,1121,9
1248.1,850.36,10.455
1260,1012,9
1270,1323,9
1278,787,9
1278,789,9
1302,1050,9
1314.5,1451.2,9
1322.4,472,9.8
1325,1370,9
1327,1110,9
1328,1347,9
1333.5,1000,9
1355.2,310.5,9.1667
1367,784.67,9.6667
1379,1200,9
1387,368,9.3333
1387,706,9
1388.5,787,9
1391,559.5,9
1398,794,9
1403,914,9
1432.5,491.5,9
1445,872,9
1455,1199.3,9.6667
1457,1199.7,9.3333
1462.5,541.08,9.7692
1471.5,732,9
1484,1046,9
1487.5,735,9
1496,551,9
1506,802,9
1514.3,631.33,9.3333
1529,962.5,9
1558.5,1040,9
1583,804,9
1583,806,9
1585,263,9
1586,591,9
1601,892,9
1603,890,9
1618,1217,9
1618.5,1321,9
1635,846,9
1643,976,9.5
1643.3,994,9.6667
1644,1198.5,9
1646,904,9
1652,1097,9.5
1682,971,9
1692,1184,9
1695,856,9
1698,465.5,9
1702.5,1163,9
1715,1256,9
1718,938,9
1747,1235,9
1761,1223,9
1778,600,9
1808,608,9
1812,862,9
1813,519,9
1835,676,9
1862,1420,9
1868,637,9
1873,1340,9
1877,1467,9
1900,814,9
1900.5,1501,9
1901,1460,9
1902,1503,9
1921,852,9
1928,1172.5,9
1931,1525,9
1974,794,9
2005,694,9.5
2053,580,9
2055,584,9
2126.8,1202.8,9
2138,1407,9.5
2144,261,9
2150,1489,9
2160,712,9
2167,763,9
2198,1371,9
2199,712,9
2199,868,9
2199,870,9
2207.7,1020,9.3333
2209,690,9
2209,991,10.5
2220.5,1508,9.5
2280,1229,9
2295,1235,9
2325,1421,9
2336,1001,9
2364,1285,9
2378,1563,9
2385,1408,9
2422,1032,9
2435,783,9.5
2435,1014,9
2503,379,9
2532,752,9
2593,991,9
2879,1335,9
148,1421,10
150,1421,10
197,594,10
211,1100,10.5
213,1104,10.5
227,904,10
237,1435,10
245,407,10
275,1192,10
285,1155,10
298,1160,10
302,1228,10
320,1054,10
333,1189,10
374,1430,10
381,769,10
393,1436,10
393,1438,10
399,1432,10
410,375,10
428,1290,10
430,1407,11
440,1090,10
441,1413,10
462,1285,10
472,1076,10
475,806.5,10
503,886,10
514.5,737,10
514.5,1103,10
524,1205,10
581,761,10
596,842,10
598,842,10
600,318,10
600,320,10
601,1201,10
612.62,1374,11
626,738,10
659,680,10
692,862,10
727,632,10.5
733,616,10
790,1189,10
791,1305,10
815,1022,10
822,1016,10
826,1070.5,10.5
831,1072,10
835.24,894.76,11.412
835.5,663,10
839,1185,10
842,1185,10
843,550,10
852,727,10
867,828,10
867,830,10.5
869,830,10
875,886,10
886,222,10
889,973,10
899,897,10
909,1271,10
918,944.5,10
918,1121,10.5
983,558,10
984,1397.1,10.75
986.17,1401.7,10.667
1010,317,10
1013,683,10
1022,300,10
1064.3,401,10.667
1076,490.5,10
1080,490,10
1098,1107,10
1113,825,10
1145,1223,10
1151,1017,10
1166,291,10
1171,291,10
1176,558,10
1221,1255,10
1232,1245,10
1239,1006,10
1248.5,670,10
1251,692,10
1251,1260,10.5
1253.3,694,10.667
1264,1067,10
1281,1334,10
1283,844,10
1296,924,10
1325,476,10
1330,777,10
1332,720,10.5
1334,775,10
1349,1001,10
1349,782,10
1355,600,10
1359,1428,10
1372,240,10.5
1374,1198,10
1403,836,10.5
1404,506,10
1405,836,10.5
1416.5,872,10
1421,649,10
1428,492,10
1430,492,10
1457,740,10
1458,1402,10
1460,1402,10
1461,277,10
1462,1078,10
1465,541,10
1466.5,1134,10.5
1496,682,10
1506,1085.5,10
1552,1151,10
1574.5,567,10
1587,263,10
1599,967,10
1612,217,10
1631.5,845,10
1638,1492,10
1641,978,10
1648,674,10
1663,903,10.5
1664.8,1272.6,10.75
1667,1007,10
1668,1084,10
1669,1007,10
1672,930,10
1678,1512,10
1719,940,10
1725,818.5,10
1735.5,1054,10
1736,1183,10.5
1748,1190,10.5
1771,416,10
1804,838,10
1846,1065,10.5
1901.5,1108,10
1902,1149,10
1915,744,10
1922,1217,10
1941,1083,10
1945,1081,10
2007,870,10
2007,872,10
2009,870,10
2009,872,10
2056,499,10
2073,826,10
2093.5,1303,10
2099.3,1132.7,11
2103,696.5,10
2111,1295,10
2157,700,10
2159,698,10
2161,696,10
2162,865.5,10
2164.3,865,10.667
2176.5,803,10
2179,805,10
2181,805,10
2181,816.5,10.5
2195,1094,10
2218,646,10
2220,825,10
2222,827,10
2249.1,840.4,10.4
2300,769.5,10
2301,1319,10
2304,266,10
2314,916,10
2323,1423,10
2327,1421,10
2333,1257,10
2360,1285,10
2376,1561,10
2376,1563,10
2398,1030,10
2424,1030,10
2526,343,10
2537.2,1188.8,10
2591,1266,10
2609,964,10
2706.4,1394.6,11
2712,1129,10
2723,463,10
2743,1225,10
2768.3,782,11
2805,298,10
2805,1198,10
2848,1169,10
2911,745,10
2961,501,10
118,600,11
174,839,11
175,1083,11
190,1167,11
192,629,11
207,1118.5,11
211,1102,11
278,373.5,11.5
281.5,405.5,11
297,966,11.5
307,920,11
377,481,11.333
387,420,11
390,1198.5,11
390.9,1243.6,12.2
417,1073,11
431,1025,12.5
441,1300.7,11.333
457,730,11
460,768,11
462,684,11
520,1430.5,11.5
535,636,11
554,897,11.5
554,899,11
556,448,11
563.14,1146.1,11.571
566,1264.5,11
575,386,11
579.57,1356,11.286
591,826,11
594,770.5,11
598,1015,11.5
603,990,11.5
619,1469,11
624,738,11
642,507,11
644,503,11
644,505,11
644,507,11
682,1224,11
702,1223,11
729,1362,11
748,566,11
766,1049,11
767,1126,11.5
769,1125,11
829,887,11
840,1021,11
881.67,578,11.667
971,1483,11
1009,1073,11
1021,1251,12
1023,1251,11
1032,1497.5,11.5
1049,1394,11
1053,1156,11
1119,1212.5,11
1133,228,11
1164,1216.5,11
1166,1216,11
1168,1216.5,11
1170.5,1205.7,12.333
1176,1211.5,11.5
1219,1022,11.5
1225,604,11
1225,606,11
1235,1310,11.5
1238,1165,11
1243.5,1395,11.667
1244.5,1392,11
1249,692,11
1257,717,11.5
1257,719,11
1271,832,11
1279,1332,11
1279,1334,11.5
1286.5,530,11
1304,1118,11
1317,184,11
1322,679,11
1329,1007,11
1335,1085,11
1335,1087,11
1354.5,1380.5,11
1399,562,11
1401,834,11
1406,506,11.5
1429,833,11
1439,1416,11
1439,1418,11
1450,790,11
1452,788,11
1452,790,11
1490,600,11
1504,1236,11
1506,1238,11
1514,1212,11
1518.5,726,11.5
1523,794,11
1527,792,11
1547,1410,11
1612,1059,11
1616.6,1493.7,11.643
1618,994,11
1619,482,11
1643,978,11
1646,503,11
1652,1264,11
1653.5,979.5,11
1665,846,11
1678,1514,11
1692,970,11
1723,815,11
1755,1446,11
1761,1222.5,11
1775,1135,11
1785,680,11
1838,515.5,11
1840,600,11
1840,778,11
1881,880,11
1886,1030,12
1917,744,11
1919.5,1217,11
1945,1310,11
2003,577,11
2035,1053,11
2040,1018,11
2043,838,11
2053,508,11
2067.9,526,11.429
2077,478,11
2118.7,624.67,11
2128.5,1203,11.5
2160,865,11
2167,387,11
2239,1478,11
2245,1504,11
2256,1471,11.5
2264,812,11
2293,626,11
2298,609,11
2299,691,11
2308,946,11
2314,394,11
2373,686,11
2420,1221,11
2490,1281.5,11.5
2513,397,11
2514.4,1426,11.7
2516,992,11
2546,720,11.5
2679,1175,11
2694.3,1087,11.667
2773,1113,11
2883,1335,11
2883,1337,11
2884,1473,11.5
2913,747,11
119,1038,12
138,1376,12
145,896,12.5
145,900,12.5
157,1080,12
234,1454,12
234.5,1456,12
239,1075,12
292,967,12
305,922.5,12
335,1240,12
337,1240,12
355,1035,12
378,1111,12
390,1239,12.5
399,218,12.5
421,884,12
433,1294,12
440,1090,12
457,1019.5,12
462,1465,12
463,796,12
467.5,977,12
487,673,12
521,844,13
528,216,12
547,955,12
582,1356,12
584,664,12.75
641,1213,12
683,214,12
698,1223,12
734,1163.5,12
736,1164,12
754,1410,12
756,1269,12
758,1269,12
760,1267,12.5
765,1149,12
808,1347,12
814,681,12
827,1074,12
828.5,1278,12
829.83,1280.3,12
829,1076,12
861,1111,12
902,899,12
903.33,881,12.667
904,899,12
922,944,12
1019,1251,12
1028,1174,12
1029,1281,12
1030,1251,12
1039,744,12
1050.5,760,12
1088,585,12
1099.8,1083,12.4
1101,1412,12.5
1109.3,995.29,12.857
1133,797,12
1135,1337,12
1166,1220,12
1174,1212,12.5
1179,684,12
1237,1310,12
1273,958,12
1310.8,999,12.75
1316,1128,12
1324,977,12
1324,979,12
1358,798,12
1374.5,975.25,12.25
1375,1286,12
1379,1286,12.5
1406,504,12
1422,1416,12.667
1442,709,12
1448,1160,12
1453,1176,12
1457,886,12
1457,920,12
1500,569.5,12
1534.7,945,12.333
1548,1391,12
1578,995,12
1617,1272,12
1618,994,12.8
1649.5,979,12
1650,1264,12
1663,1274,12
1671,838,12.5
1671,930,12
1671,1024,12
1678,1516,12
1702,1218,12
1743,1147,12
1753,1446,12
1759,925.33,12.333
1790.6,233.12,12.875
1794,246,12
1794,248,12
1830,897,12
1836,516.5,12.5
1848,1065,12
1853,679,12
1867,828,12
1868,501,12
1873,1179,12
1873,1181,12
1899,1305,12
1913,911,12.5
1915,910,12
1915,1292,12
1939,905,12
1942,1199,12
1954,1246,12
1956,1248,12
1979,1185,12
1990,1502,12
2003,579,12
2009,868,12
2041.5,273,12.5
2053,506,12
2111,1295,12
2113,1293,12
2125,895,12.5
2140,828,12
2162,712.5,12
2175,743,12
2244,1523,12
2260,1474,12
2279,582,12
2281,582,12
2296,627.5,12.5
2298,627,12
2299,688.67,12.667
2308,739,12
2322,1397,12.5
2546,716,12
2649,1300,12
2768,780,12
2773,1115,12
145,898,13
147,900,13
168,351,13
168,353,13
209,207,13
211,211,13
226,429,14
226,1044,13
228,339,13
230,1459,13
237,914.67,13.333
248,1121,13
260,387,13.5
264,389,13.5
288,1268,13.5
303,1094,13
313,892,13.5
319,1052,13
323,1203,13
377,485,13
379,481.5,13
379,1118,13
387,420,13
403,290,13
427,421,13
445,1284.5,13
447,1283,13
449,1282,13
491,1240,13.5
506.2,971.8,13.6
551,1141,13
554,448,13
574.33,590.67,13.333
599,1403,13
601,1398.5,13
618,408,13
660,1439,13
728,633,13
773.75,1431,13.75
800,382,13
800,384,14
800.75,1399,13.25
817,889,13
818,1025.3,13
819,889,13
828,1182.5,13
828,1194,13
832,908,13
837,1096,13
837,1098,13.5
850,1250,13
864,419,13
878,848,13
882,580,13
893,1284,13
895,1280,13
947,861,13
947,863,13
950,1003,13
954,1177,13
1028.3,1250.5,13.833
1051,758,13
1051,1080,13
1084,1062,13
1111.3,826,13.667
1116,810,13
1136,1526,13
1138,1526,13
1141,909,13.5
1172,1212.5,13
1198,1115,13
1221.8,1035.8,13.667
1230,1037,13
1256,709,13
1259,1035,13
1261,1035,13
1266,1108,13
1272,1004,13
1274,1004.5,13
1286,530,13
1286,1512,13
1300,921,13
1306,562,13
1315.5,1047,13
1344,944,13
1344.8,1086.8,13
1347,297,13
1348,783,13
1373,1071,13
1373,1073,13
1376,1008,13
1390,1120,13
1403,1091,13
1413.8,783.75,13
1414,961,13
1420,1417,13.667
1433,631,13
1434,525,13
1440,708.5,13
1442,711.5,13
1444,1366,13
1461,870,13
1474,548,13
1500.5,321,13
1510,683,14
1512,683,13
1512,813,13
1521,929,13
1534.5,943,13
1535,941,13
1551,1142,13
1565,824,13
1618,996,13.25
1654,1037,13
1667.9,1026.9,13.375
1669,949,13
1676,842,13.5
1686.2,1524.8,13.4
1709,918,13
1733,1293,13
1769,1440,13
1774,716,13
1788,666,13
1843,606,13
1844.7,656,13.667
1853,675,13
1867,830,13
1884,1030,13
1888,1243,13
1907,1053,13
1915,1294,13
1920,1463,13
1994,433,13
1995,852,13
1997,1507,13
2013,861,13
2015,814,13
2059,305,13
2067.5,529,13
2075,615,14
2091,1322,13
2098,1535,13
2110,1167,13
2140,1461,13
2140,1463,13
2148,686,13
2186,1249,13
2197,505,13
2241,1227,13
2275,639,13
2288,242,13
2315,742,13
2322,1395,13
2348,263,13
2348,267.5,13
2350,267.5,13
2350,692,13
2353,1263,13
2353,1265,13
2493,1161,13
2513.5,1422,13
2513,1424,13
2516,1174.5,13
2564,379,13
2566,379,13
2592,277,13
2593,279,13
2750.4,442.6,13.8
2762,865.5,13
2826,1184,13
2826,1186,13.5
2855,690,13
2895,417,13
141,531,14
142,1185,14
185,219,14
228,1461,14
230,1461,14
231,1060,14
261,1185,14
262,387,14.5
263,205,14
328.2,308.4,14
331,309,14
332,1432,14
370,1284,14
386.25,987,15.25
394,898,14
411,714,14
428.5,1115,14
446,539,14
463,973,14
463.5,975,14
468,977,14
503,698,14
505,796,15
538,446,14.5
560,712,14
599,815,14
601,815,14
608,188,14
617.62,1136,15.125
653,821,14
663,681,14
663,920,14
664,635,14
675,1431,14.667
678.83,1438,14.667
680,926,14
685.5,1423.5,14
687,592,14
696,1162,14.5
733,1443,14
736,711,14
736,713,14
742.5,605.62,14.25
766,1097,14
766,1099,14
774,903,14
887,1443,14.5
906,1313,14
916,576,14
916,1312,14
918,1312,14
922,1072,14
971,1203,14
1041,234,14
1082,984,14
1085,971.75,14
1085,1345,14
1107,603,14
1144,999,14
1157,368,14
1158,360,14
1163,1277,14
1164.8,1070.2,15
1186,951,15
1206.3,1171,14.333
1216,1162,14
1223,1041,14
1223,1152,14
1226,1016,14
1247,1006,14
1271,832,14
1307.8,997.33,15.467
1329,211,14
1345.5,948,14
1361.7,701.67,14
1363.5,697.5,14
1373,1075,14
1387,1266,14
1393,550,14
1400,858,14
1400,1391,14
1405.5,870.5,14
1411,333,14.667
1431,991,14
1444,1162,14
1454,1479,14
1464,748,14
1499,880,14
1501,319,14
1510,325,14
1512,325,14
1545,1143,14
1547,804,14
1547,1143,14
1548.7,626.33,14.667
1553,1140,14
1568,965.75,15.25
1584,961,14
1586,1174.3,14.333
1593,947,14
1598,1511,14
1599,455,14
1600,1511,14
1629.5,1107.5,14
1641,628,14
1681,464.75,14.75
1694,473,14
1732,1286,14
1744,1162,14
1746,1162,14
1764,1442,14.5
1772,1051,15
1806,1044,14
1826.5,728,14.5
1883,1281,15
1885,1283,14
1894,762,14
1895,1518,14
1920,944,14
1926,1259,14
1933,795,14
1952.3,256,14.667
1953,611,14.5
1976,1100,14
1978,406,14
1990,1226.5,14
2008,1312,14
2009,768.5,14
2035,919,14.5
2057,908,14
2059,908,14
2120,1403,14
2132,668,14.5
2136,1053,14
2138,1053,14.5
2157,364,14.5
2175,743,14
2177,803,14
2178.5,805,14
2198,963,14
2235,491,14
2267,1460,14
2282.5,922.5,14
2322,1393,14
2360,1222,14
2460.5,1020,14
2508,1022,14.5
2511,552,14
2668,1115,14
2683,1520,14
2862,1415,14
2891,417,14
130,1322,15.5
143,531,15
226,337,15
228,429,15
228,1149,15
254,339,15
260,1368,15
264,387,15
265,498.5,15
267,501,15
288,1270,15
290,1268,15
366,1091,15
380.5,1115,15
380.5,1117,15
387,960.5,15
394,1301.3,16
400,1053,15
403,998,15.5
410,1137,15
410,1139,15
465,1277,15
488,1155,15
488,1157,15
507,796,15.5
598,1142.5,15
600,1143,15
611,595,15
621.5,1138,16
648,583,15
652.42,579.33,15
652,732,15
655,577,15
657,1047,15
661,849,15
674.5,1429,15
676,919.5,15
676,1434,15
676,1436,15
678,1434,15
678,1436,15
680.9,1419.9,15.1
682.17,1424,15.333
680.5,1434,15
680.5,1436,15
692,577,15
694,577,15
700,1222,15
702,1222,15
722,1296,15
724,1296,15
728,1361,15.667
734,464.4,16
745,836.67,16
769,898,15
832.33,1282.3,15
845,252,15
905,893,15.5
914.83,899.5,15.667
918,576,15
955,616,15
956,1175,15
971,933,15
988,902,15
988,931,15.5
990,936,15
1009,1356,15
1047,1080,15
1062,511.5,15
1086,986,15
1088,1390,15
1088,1392,15
1089,1063,15
1091,1345,15
1093,1345,15
1107,605,15
1109,826,15
1111,561.5,15
1115,1321,15
1133.7,918,15.667
1136,1500,15
1138,1500,15
1142.5,1362,15
1146,302.5,15
1156,360,15
1159,932,15
1176,963,15
1177,894,15
1177,1211,15
1188,343,15
1190,346,15
1191,1171,15
1220,1285,16
1228,803,15.5
1234.2,826,15.4
1246,1168,15
1255,1028,15
1256,1087,15.5
1273,695,15
1306,1139,15
1311,1413,15
1327,211,15
1344,1089,15
1346,1089,15
1348,785,15
1374,1285,15
1390,1118,15
1393,552,15
1395,552,15
1410,580,15
1412.5,962,15
1447,821,15
1452,780,15
1454,822,15
1458,872,15
1466,353,15.5
1472,510,15
1474,511,15
1526,366,15
1564,1190,15
1565,820,15
1583,1000,16
1584,1036,15
1596,1241,15
1619,1283,15
1631.7,599,15.333
1634,1206,15.5
1639,349,15
1640,559,15
1642,677,15.5
1652,975,15
1683,821,15
1683.5,823,15
1757,388,15
1831,1290.5,15
1836,924,15
1853,347,15
1862,631,15
1875.8,1101,16.2
1880,1093,15
1882.7,1098.3,15
1897,1107,15
1897,1109,15.5
1904,1152,15
1978.3,1096,15.667
1978,1098,15
1985,1459,15
1987,1457,15
1995,345,15
2000,1146,15
2007,768.67,15.333
2051.2,590.75,15.25
2051,1402,15
2098,1536.5,15
2141,641,15
2159,366,15
2189,822,15.5
2196,355,15
2204,818.33,15.667
2204.3,821.67,15.667
2233,490.5,15
2259,1293,15
2302,1036,15
2302,1038,15
2304,1090,15
2355,938.5,15
2449,655,15
2461,487,15.5
2463,1021,15
2465,373,15
2539,884,15
2580,740,15
2612,1351,15
2664,1209,15.5
2668,1520,15
2670,1520,15
2693,1086,15.5
2733,332,15
2768,1024,15
2768,1026,15
2888,1069,15.5
2891,726,15
2926,1063,15
109.5,1432,16
155,814,16
193.5,496,16
195,1360,16
206,597,16
256,312,16
260,313,16.5
303,1294,16.5
306,176,16
319,579.5,16
322,396,16
411.5,184,16
438,1139,16
442.33,1026.7,16.833
447,607,16
449,539,16
478,1231,16
479.5,1110.5,16
481,509,16
499,805,16
507,798,16
547,961,16
560,710,16
560,712,16
588,1077,16
593,826,17
651,1158,16
654,636,16
656,636,16.5
674,920.5,16
676,933,16
678,933,16
685.25,791.25,17.125
685,1419,16
686,940,16
687,938,16
698,1221.5,16
732,465,16
777,1137,16.5
780,579,16
786,1032,16
786,1034,16
799,1299,16
799,1303,16
815,886,16
851,1257,16
854,1257,16
883,558,16
935.44,532.33,16.889
945,1437,16
1001,687,16
1004,296.5,16.5
1005,1246.5,16
1026,240,16
1027,1231,16.5
1032,585,16
1038,1055,16
1058,577,16
1062,759,16
1073,955,16.5
1075,955,16
1075,957,16.5
1076,1190,16
1078,1190,16
1083,1324,16
1084.3,985,16.667
1086,760,16
1090,1347,16
1103,179,16
1135.5,1353.5,16
1151,1000,16
1152,1352.5,16
1154,1353,16.5
1158,567,16
1165,702,16
1167,702,16
1191,1029,16
1192,1172.8,16.5
1198,287,16
1219,964,16
1232,841,16.8
1246.5,714,16
1246.5,802,16
1247,712,16.5
1254,1087,16
1262,1043,16
1267,1137,16
1299.5,674,16
1313,1184,16
1342,1318,16
1344,1436,16
1344,1440,16
1364,1176,16
1368,1484,16
1397,550.75,17.25
1408.3,581.94,17.556
1437,1424.2,16.75
1471,792,16
1476,506,16
1513,996,16
1528,1216,16
1546,352,16
1604.5,1122,16
1624,506,16
1626,504,16
1626,506,16
1648,1129,16
1649,873,16
1679,1187,16
1701,981,16
1719,1278,16
1720,818,16.5
1721,1278,16
1721,1280,16
1735,1289.5,16
1749,1003,16
1790,985,16
1793,892,16
1801,1526,16
1803,1524,16
1863,635,16
1897,1104,16
1907,1167,16
1977,1215,16
1981,828,16
1981,830,16
2012,415,16
2018.9,424.25,16.75
2096,1536,16
2130,661,16
2142,1238,16
2152,533,16
2155,293,16
2166.5,1273.5,16.5
2177,744,16
2178,906,16.5
2198,447,16
2200,1214,16
2225,565,16
2231,1191,16
2233,1190,16
2235,1189,16
2241,1527,16
2273,733.6,16.4
2358,945,16
2381,341,16
2381,343,16.5
2453.5,654.5,16.5
2486,1448,16.5
2530,632,16
2631,882,16
2649,1146,16
2683,1520,16
2753,1465.2,17
2760,893,16
2852,1298,16
121,1134,17
158,404,17.5
181,217,17
192.5,494,17
253.5,1175,17
256.64,1176.7,17.636
254,1179,17.667
261,236,17
293.5,726,17.5
296,1021,17
342,799,17
348,412,17.5
358,1044,17
367,818,17
373,1076,17
395,1183,17.5
397,1183,17.5
406,1435,17
409,1029.5,17
419,873,17
428,598,17
436,1141,17
532.67,981,17.333
537,1099,17
537,1101,17
549,959,17
554,1296,17
562,531,17
587,666,17
614,181,17
630,643,17.5
679,1434,17
705.5,1230.5,17
727,805,17.5
730,1067,17
745,834,17
762,1447,17
775,1391,17
780,372.5,17
789,1001,17
790,475,17
812.75,886.5,17.25
853,1195,17
877,1264,17
908,901,17
967,1078,17.5
970,1157,17.25
992,1174,17
994,1252,17
1002,666.5,17
1004,861.5,17
1006.2,669.6,17.6
1006,1129.3,17.333
1011,1134,17
1025,1231,17
1030,751,17
1038,655,17
1038,1237,18
1045.2,1182.8,17.25
1064,794.67,17.333
1070.7,1193.8,17.5
1073,957,17
1075,1192,17
1077,974,17
1077,976,17
1081.8,1007.5,17.75
1102,1275,17
1113,1379,17
1132.5,792.5,17.25
1151,1002,17
1155,713,17.5
1177,684,17
1185,948,17
1275,1295,17
1309,1182.3,17.667
1310,1201,17.5
1338,1258,17
1338,1260,17
1373,923,17
1395.1,584.71,18.071
1400,651,17
1434.5,1437,17
1437,1422,17
1443,1159,17.5
1449,779,17
1449,971,17
1462,926,17.5
1469,791.67,17.333
1472.5,509.5,17
1477,834,17
1491,1141,17
1493,1439,17
1528,917,17
1541,969,18
1541,971,17
1543,971,17
1575,1215,17.5
1616,851,17
1618,1285,17
1632,1089,17
1642.5,559,17
1654,1312,17
1670,471,17.5
1690,1006,17
1718,818,17
1728,658,17
1759,1352,17
1772,770,17
1777,592,17
1803,1526,17
1816,798,17
1826,1483,17
1833,974,17
1837.5,816,17
1837,818,17
1880,1113,17
1967,1471,17
1976,1442,17
1982,1211,17
1995,1029,17
1999,809,17
2032.2,435.83,17.5
2035,651,17
2037,650.5,17
2041,835,17
2071,830,17
2087,584,17
2110,1519,17
2128,469,17.5
2130,471,17
2132,545,17
2192,633,17
2202,373,17
2202,1216,17
2211,974,17
2219,617,17
2223,617,17
2237,1192,17
2267,1461,17
2271,732.5,17
2278.8,1249.4,17
2285,301,17
2349,1522,17
2355,938.5,17
2440,1318,17
2442,1317.5,17
2444.3,1319.3,17.333
2458,1022,17
2486,1450,17
2558,932,17
2575,792,17
2596.5,1106,17
2685,1099,17
2728,720,18
2730,720,17.5
2732.2,1141.8,17
2818,843,17
2879,972,17
2912,388,17
2942,669.67,17.333
149,721,18
186,582,18
271,1038,18
273,1036,18
280,592,18
291,909,18
299,907,18
301,1294,18
335.2,239.8,19
351.5,743,18
378,975,18
384,426,18
402.33,619.33,18
403,617,18
409,182,18
434,567,18
504,690,18
508.5,792,18
538,1021,18
543,1248,18
562,529,18
599,1300,18
602.5,329,18
616.5,183,18
616.5,185.5,18
634,764,18
652,1417,18
692,941,18.5
712.5,1160,18
728,596,18
730,596,18
734,630,18
760,1447,18
773,590,18
777,1135,18
781,377,18
791,700,18.5
794,1192,18
794,1194,18
835,854,18
838,1079,18
850,1257,18
859,444,18
899,830,18
918,622,18
935,462,18
943,1149,18
949,1168,18
955,1079,18
964,1037,18
1000,1467,18
1008,757,18
1008,1247,18
1034,1239,18
1042,1146,18
1044,1146,18
1049,1276,18.5
1051,985,18
1062,795,18
1063,880,18
1066,876,18
1068,876,18
1097,1039,18
1099,1039,18
1107,569,18
1129,1190,18
1139,1273,18
1177,686,18
1193,591,18
1214,968,18
1240,945,18.5
1249,800,18
1267,263,18
1302,1049,18
1347,779,18
1348,523,18
1350,791,18
1354,293,18.5
1363,1179,18
1366,1178,18
1368,620,18
1374,1291,18
1383,1161,18
1393.5,1404.5,18
1425,865.5,18
1445,1159,18
1451,341,18
1453,343,18.5
1455,917,18
1460.5,781,18
1460.5,783,18
1460,926,18
1479,832,18
1497.1,941.12,18.375
1530,916,18
1531,477,18
1542,1204,18
1544,356,18
1545,971,18
1553.5,802,18
1553,804,18
1573,1215,18
1600,968,18
1643,896,18
1658,1130,18
1658,1132,18
1662,1317,18
1670,473,18
1761,1352,18
1772,768,18.5
1774,636.33,18.333
1787,1540,18
1791,988,18
1832,976,18.5
1846,678,18
1864.2,1227.2,19.25
1884.8,1117.8,18.25
1886,311,18
1888.5,311,18
1942,1316,18
1944,409,18
1951,881,18
1955,1295,18
1977,1215,18
2006,889,18.5
2012,786,19
2015,1185,18
2027,249,18
2078,589,18
2115,483,18.5
2131,961,18
2132,535,18
2134,1087,18
2143,774,18.5
2260,1503.7,18.333
2262,1503.5,18.5
2276,1253,18
2277,572,18
2337,795,18
2355,1401,18
2433,1317,18
2484,1035,18
2500,749,18
2571,550,18.5
2578,698,18
2588,541,18
2624,281,18
2656,822,18.5
2687,1101,18
2728,722,18.5
2730,722,18
2732,1135,18.5
2758.5,892,18
2832,1248,18
2834,1246,18
2842,1139,18
2922,1447,18
2938,1321,18
140.5,219,19
240.8,486,19.8
280,594,19
282,947,19
291,727,19
332,471,19
356,1044,19
367,818,19
375.5,512.5,19.5
428,863,19
481,1337,19
521,1077,19
571,735,19
593,753,19
601,1300,19
633,889,19
634,766,19
635,889,19
644,1028,19
655,1071,19
665.33,1329,19.667
667,616,19
694,195,19.333
703,1431,19
760,1449,19
761,1077,19
762.5,1078.5,19.5
772,604,19
785,890,19
795,1173,19
796,1192,19.5
842,1159,19
851,1176,19.5
861,446,19.5
934.5,464,19
1065,503.5,19
1072,956,19
1102.2,749,19.833
1104,1271,19
1113,1033,19
1115,1033,19
1168,614.5,19
1209,1068,19
1215.6,700,19.8
1221,670,19.5
1255,1071,19
1257,317,19
1257,1070.5,19
1346,1211.5,19
1348,615,19
1373,923,19
1375,923,19
1400,1427,19
1409,578.5,19.5
1426.5,1355,19
1450,749,19
1452,1382,19
1453,341,19
1467,903.5,19
1469,904.5,19
1473,967,19
1477,623,19
1483,1449,19
1539.5,1023.5,19.5
1541,967,19
1589.5,640,19
1598.3,348.33,19.333
1622,309,19
1656,1130,19
1658,970,19
1691,382,19.5
1691,761,19
1700,1081,19
1710,1251,19
1749,1424,19
1755,448,19
1780,586,19
1785,550,19
1834,974,19
1856,240,19
1881,941,19
1883,941.5,19
1892,1541,19
1894,1139,19
1917,910,19.333
2055.5,554,19
2141,1208,19
2171,381,19
2192.5,638,19
2191,806,19
2201,1130.5,19
2202,1216,19
2210,852.5,19
2219,619,19
2228.7,1098,19
2288,746,19
2296,1533,19
2305,908.33,19.667
2309,909.5,19
2318,798,19.5
2367.7,1375.1,20.269
2446.8,1022.5,20.833
2463,1194,19
2488,1036.5,19.5
2578.8,796.3,20.5
2594,542,19
2665,1205,19
2663.7,1206.3,20.571
2715,767,19
2754,1166,19
2851,631,19
2866,653,19.5
2875.5,988,19
2877,970,19
136,1438,20
140,221,20
159,407,20
169,1404,20
238,651,20
240,484,20
253,576,20
269,1022,20
289,1127,20
334,246,20
339,659,20
349,745,20
394,867,20
394,869,20
401,540.25,20
401,620,20
426,867,20
474,1267,21
478,220,20
478,222,20
485,1285,20.5
518,1149,20
527,910,20
531.78,980.44,20.333
558,928,20
569,733,20
571,733,20.5
583,624,20
585,624,20
635,887,20
647,913,20
657,1072,20
669,614,20
671,1225,20
694,192,20
712,1160,20
716,626,20
725,573,20
767,1089,20
800,1132,20
802,1127.5,20
803.5,991,20
803.5,993,20
808,433,20
826,1146,20
826,1148,20
861,935,20
861,937,20
887,1253,20
907,1172.3,20.333
938,346.33,20.667
954,449,20
992.67,1173.7,20
992,1469,20
1003,1441,20
1010.5,1246.8,20.667
1040,1094,20
1042,1094,20
1044.5,711,20
1055,759,20.333
1068,877,20
1073,1191,20
1079,1331,20
1123,811,20
1153,1514,20
1161,1266,20
1171,486,20
1186,1261,20
1207,1068,20
1233,613,20
1261,1067,20
1274,838,20
1275,1294,20
1278,250.5,20
1278,772,20.5
1294,702,20
1296,700,20
1296.5,698,20
1296,1118.6,20.8
1301,471,20
1304,1182,20
1360,785.5,20
1376.5,1085,20
1388,996.67,20.333
1392.5,1504,20
1399,582,20
1454,537,20
1474,529,20
1499,766,20
1522,1214,20
1524,818,20
1527,961,20
1587,1038,20
1587,1056.5,20
1595,985,20
1607,1123,20.5
1608,600,20
1611,1234,20
1637,948.33,21
1639,946,20.5
1654.3,1493,21
1669,471.25,20.25
1673,1257,20
1677,1511,20
1677,1513,20
1685,594,20
1747,1422,20
1750,478,20
1763,445,20
1769,636,20
1781,861,20
1800,1175,20
1802,1175.5,20
1804,1176,20
1824,563.67,20.333
1825,1446,20
1848,674,20
1853,848,20
1863.2,632,20.75
1864,634,21
1866,659,20
1873,817.5,20
1896,524,20.5
1896,526,20
1900,815.82,21.364
1928,940,20
1940,624,20
1941.5,622,20
1954,652,20
1999,832.5,20
2012,784,20
2042,884,20
2055,552,20
2060,552,20
2071,1556,20
2140,603,20
2141,1004,20
2171,378.33,20.333
2183,497,20
2270,1130,20
2272,1126,20
2273,572,20
2297,1059,20
2399,829,20
2405,639,20
2407,639,20
2446,647,20
2574,792,20
2611,804.33,20.333
2714.9,414.7,20.8
2713,767,20
2741.5,981.5,20
2754,1464,20.5
2813,515,20
2858,765,20
2943,1164,20
146,1367,21
167,1406,21
238,649,21
240,647,21.5
269,629,21
271,627,21
321,911.5,21
337,657,21
340,410,21
360.8,1043.4,21.6
389,878,21.5
390,913,21
396,867,21
396,869,21
401.75,537.75,21
438,823,21.5
445,980,21
485,285,21
527,627,21
532,1085,21
558,711,21
560,932.43,21.857
590,929,21
589.5,931,21.5
624,867,21
632,378,21
633,889,21
641,694,21
643,696,21.5
649,1298,21
672.75,528.75,22
687,647,21
689,557,21
712,617,21
742,576,21
772,1407,21.5
786.2,639,21.6
840.29,711.43,21.857
842,1161.5,21
874,1311,21
890.25,1255,21.75
904,1171,21
948,987,21
965.5,1240.9,21.875
971,836,21.5
992,1471,21
1021,1228,21
1056,1084,21
1065,1199,21.5
1075,1344.5,21.5
1104.7,1340.1,21.429
1112,1126,21
1132,1063,21
1166,610.5,21
1201,1256,21.5
1213,1118,21
1241.5,694.5,22
1259,1414,21
1266,1060,21
1271,906.5,21
1276,1062,21
1295.8,271,21.25
1296,614,21
1296,616,21.5
1296,618,21
1299,1432,21
1308,1025,21
1310,1025,21
1348,1214,21
1348,1216,21
1358,1061,21
1383,298,21
1400,1423,21
1406.6,1147.4,22.2
1456,535,21
1530,695,21
1603,646,21
1609,1123,21
1611,1514,21
1639,1224,21
1651,993,21
1669,1064,21
1671,865,21
1681,840,21.5
1689.5,1084,21
1693,382,21
1694,963,21
1697,818,21
1736.5,1209,21
1747,1013,21
1755,1055,21
1803,1226,21
1823,1446,21
1828.4,687.6,21
1836,1428,21
1851,930,21
1859.5,646,21
1866,634,21
1897,725,21
1981,1463,21
2002.5,833,21.5
2056,1330,21
2082,624,21.5
2089.2,1031.7,22.667
2139,1235,21
2164,1047,21
2173,378,21
2191,806,21
2197.5,957,21
2198.5,891,21.5
2201,262,21
2207,1244,21
2262,977,21
2262,1386,21
2291,1512,21
2292,1535,21
2307,912,21
2317,834,21
2323,771,21
2346,1043,21
2411,1302,21
2426.7,1409,21.667
2431,1409,21.5
2558.7,563,21.333
2582,793,21.5
2596,1177,21
2604,756,21
2617,339,21
2692.5,983.5,21
2725,420,21
2762,1220,21
2803,415,21
2818,1516,21
2820,1514,21
2831,1138,21
2844,519,21
2940,1166,21.8
165,816,22
217,1441,22
233,468,22
265,1079,22
297,1044,22
299,866,22
313,1063,22.5
336,240,22
368,1049,22
379,907,22.5
386,909,22
386,913,22
389,880,22
423,1233.5,22
452,1299,22
454,1299,22
492.5,1150,23
499,1416,22
516,770,22
518,770,22
550,781,22
558,929.5,22
561,467,22
602,1114,22
605,888,22.5
608,1270,22
628,1368,22
642,1347,22
668,249,22
685,1417,22
689,752,22
691,756,22
714,617,22
764,1452,22
787,606,22
789,606,22
800,1130,22
801,1128,22
810,979,22
848,1262,22
866,724,22
866,840,22
871,1248.5,22
878.8,731.4,22.4
910,886,22
938,344,22
946,985,22
966,1246,22
976,1290,22
980.67,893.67,22
1025,775.5,22
1042,1180,22.5
1054,1088,22
1058,1091,22
1058,1297,22
1060,1091,22
1064,507,22
1105.8,616,22
1124,243.5,22
1144,600,22.5
1146,600,22.5
1170.6,690,22.8
1176,691,22
1186.9,1016,23.1
1245,968,22
1266,1000.5,22
1276.5,840,22
1287,1102,22
1288,1100,22
1292,700,22
1294,698,22
1312,584,22
1356,258,22.333
1375.5,436,22
1378.9,956.44,22
1386,996.5,22
1428.5,823.67,22
1460.7,1133.3,22.571
1477,524,22
1479,513,22
1479,515,22
1480,590,22
1530,693,22
1530,934,22
1532,692,22
1536,522,22
1537,1249.5,22
1544,576,22.5
1566,1016,22
1632,607,22
1637,946,22
1662,335,22
1677,897,22
1691,382,22
1724,1240,22
1780,1023,22
1783,861,22
1788,490,22
1823,987,22
1858,635,22
1870,1254,22
1872,1254,22.5
1889,1167,22
1894,524,22
1901,1282,22
1906,1516,22
1971,870,22.5
2000,1247,22
2032,917,22
2052,1020,22
2096,1030,22
2096,1032,22
2124,969,22
2137,1322,22
2152.5,1263.5,22
2157,1517,22
2175,895,22
2181,1526,22
2195,954,22
2271.4,1330.3,22.023
2275,693,22
2294.5,918.5,22
2307,1251.5,22
2359,846,22
2360,396,22
2396,693,22
2438,910,22
2559,565,22
2580,792,22
2580,794,22
2598,1177,22
2652,1205,22.5
2809,1156,22
2831,1142,22
2906,1390,22.5
133,892,23
193,1397,23.5
193,1399,23
205,153,23.5
219.5,873,23.5
234,555,23
235,605,23
243,455,23.667
245,454.33,23.333
248,1421,23
254,328,23
279,289,23
281,289,23
297.5,1046,23
376,483,23
376,485,23
390,913,23
408,1389,23
410,1194,23
448.8,539.6,23.2
466,493,23
469.75,710,24.25
480,1223,23
520.6,1261.2,23
531,1125.5,23
538,856,23
565,469,23
566,934,23
585,1161,23
612.83,646,23.667
629,1366,23
672.5,1191,23
685,1419,23
687,1417,23
770,1407,23
771,984,23
786,385,23
790,637,23
814,854,23
822,1008,23
838.25,1421,24.25
848,1257,23
858,1194.5,23
864,845,23
874.5,733,23
882,770,23.5
926,815,23
962,833,23
989,549,23
1034,972,23
1068,564,23
1084,1048,23
1170,688,23.5
1195,1050,23
1255,993.67,23.333
1263,1074,23
1291,1100,23.5
1311,562,24
1320,485,23
1322,999,23
1327,805,23
1330,801,23
1333,523,23
1350,960,23.5
1357,1336,23
1370,944,23
1390,1235.5,23
1396,802,23.5
1398,802,23.5
1400,773,23
1424,1481,23
1455.5,817,23
1459,798,23
1460,624,23
1460,714.5,23
1467,634.5,23
1494,1070,23
1496,1074.5,23
1531,936,23
1546,576,23
1561,1238.4,23.8
1601,904,23.5
1611.5,938,23
1615,655,23
1624,1042,24
1629,988,23
1657,1102,23.5
1662,337,23.5
1683,1253,23
1698,705,23.333
1782,1136,23
1846,744,23
1851,932,23
1888,796,23
1897,885,23.5
1898,1469,23
1906,635,23
1907.5,927,23
1915,386,23
1916,1232,23
1933,893,23.5
1962,1481,23
1971,868,23
1981,470,23
1984,925,23
1990.5,1516,23
1996.5,649,23
2017,874,23
2041,1349,23
2041,1351,23
2051.5,509,23
2052,513,23
2062,498,23
2070,304,23
2072,304,23.5
2177,1082,23
2197,887,23
2205,1241,23
2218,598,23
2247.5,553,23
2249.5,903,23
2262,834,23
2280,691,23
2292,1238,23
2300.5,1439,23
2306.5,1089,23
2306.3,1091.3,23
2366,1389,23.5
2395.7,690.67,24
2426.5,1411,23
2430.5,1411,23
2521,1124,23.5
2528,460,23
2570,305,23
2600,1416,23
2648,1203,23
2650,1203,23
2652,1207,23
2660.3,1476.3,23
2827,568,23
135,890,24
180,529,24
205,155,24.5
232,554,24
233,604,24.667
235.5,603,24
246,416.33,24.333
248,1417,24
261,876,24
293,580,24
313,1061,24
334,360,24
338,345,24
354,1369,24
378,1045,24
384,1330.5,24
407,1406,24
437,1152,24
449,1191,25
480,909.5,24
497.5,1148,24.5
499,1416,24
505,689,24
553,1063,24
567,871,24
569,871,24
573.33,384,24.333
586.33,1124.3,24
591.4,966,24.8
601,164,24
603,1112,24
603,164,24
604,1114,24
654,906,24
656,906,24
656,908,24
658.5,906,24
658,908,24
665,561,24.5
681,1293,24
721,1162,24
747,810,24
747,812,24
747,814,24
769,986,24
770,1089.5,24
777,375,24
815,1272,24
829,1190.8,25.3
862,840.5,24
866,843,24
885.4,1287,24.2
900,493,24.5
968.5,1356,24
981,733.25,25.25
991,551,24.5
994,953,24
1019,1263,24
1031.5,968.5,24
1082,971.33,24.667
1082,1334,24
1085,554,24
1100,657,24.5
1157,1238.5,24.5
1193,285,24.5
1219.5,284,24
1229.5,1021.5,24.5
1271,907,24
1277,1118,24
1281,1169,24
1304,1307,24
1304,1309,24
1306,1307,24
1306,1309,24
1338,669,24
1340,533,24
1343,1052,24.5
1345,1136,24
1388,1234.5,24
1398,1426,24
1428,1147,24
1432,988,25
1437,1137,24
1438,934,24
1466,1227,24
1469,796,24
1477,1077,24
1479,1077,24
1489,484,24
1536,801,24
1560,1263,24
1566,1016,24
1593,1516,24
1595,1516,24
1611.5,940,24
1618,910,24
1625,990,24
1625,992,24
1627,883,24
1627,990,24
1627,992,24
1631,1167.5,24
1650,906,24
1650,908,24
1661,1213,24
1668,1138,24
1669,1305,24
1674.2,838.25,24.75
1742,1067,24
1795,990,24
1822,920,24
1823,616,24
1885,795,24
1890,796,24.5
1894,1095,24.5
1986,660,24
1990.3,1514,24.333
2006.7,1458.3,24
2043,1351,24
2046,271,24
2059.3,501,24.286
2164,1002,24
2164,1004,24
2166,1002,24
2177,1104,24
2191.3,649.67,24.667
2281,591,24
2329,755,24
2379,761,24
2382,1000,24
2385,1387,24.5
2459,882,24.5
2469,557,24.5
2495,1010,25
2497,1010,24
2874,1193,24.5
128,589,25
133,892,25
135,892,25
163,1044,25
218,1417,25
220,1417,25
228,1099,25
261,878,25
263,926,25
263,1453,25
281,289,25
320,1079,25.5
338,811,25
345,668,25
362.33,1361,25.667
366,958,25
384,1046,25
405,1405,25
433.5,135,25
447,1191,25
453,1166,25.5
457,1008,25
471,1024,25
507,474.5,25
538,858.5,25
588,251,25
605,165,25
621.2,1297,25.8
627,388,25
627,467,25
636.83,471,25.833
652,474,25
664.62,1164.4,25.375
679,1294.5,25
690,450,25.5
719,457,25
789,1233,25
791,1230.8,26.25
825,1010.3,25
829.59,1145.1,26.176
866,351,25
866,353,25.5
880,349,25
880,770,25
882,349,25
890,309,25
898,1244,25.5
907,1115,25
951,1197,25
963,1044,25
969,704,25
979,1333,25
980,1335,25
992,955,25
1008,356,25
1008,358,25
1019,1218,25
1026,1279,25
1031,1231,25
1033,1408,25
1073,1428,25
1086,755,25
1091,1140,25
1093,1138,25
1108,1169,25
1112,1171.5,25
1113,1160,25
1118,479.67,25.333
1146,359.83,26.111
1155.5,525,25
1156.7,523,25.333
1159.4,1109,26
1162,1405,25
1163,1106,25.5
1178,495,25
1195,285,25
1266,655.5,25
1283,458,25
1330,1012,25
1354,257,25
1393,1376.3,26.222
1401,530,25
1424,1480.5,25
1436,1095,25
1436,1270,25
1457,794,25
1459,234,25
1462,1227,25
1479,909.5,25
1496,501,25
1515,1074,25
1524,968,25
1560,433,25
1561.5,1051,25.5
1601,1201,25
1603,1232,25
1606,1185,25
1606,1231,25
1611,992,25
1612,1017.2,25
1615,869,25
1618,975,25
1620,1229,25
1629,988,25
1636,215,25
1741,1453,25
1742,760,25
1761,378,25.5
1767,445,25
1777,656.5,25
1798,1441,25
1821.7,614,25.333
1825,516,25
1827,1085.5,25
1834,933,25
1838.9,931.53,25.647
1883,664,25
1896,1523,25
1913,982,25
1928,783,25.5
1948,1472,25
1975,321,25
1993,331,25
2017,1306,25
2044,269,25
2070,306,25
2096,643,25
2125,1457,25
2125.8,969,25.75
2153.5,623,25
2176,938.5,25
2196,641,25
2198.5,642.5,25
2198,717.5,25
2198.5,886,25
2202,700,25
2227,1263,26
2238,646,25
2282,696,25
2371.8,986.6,25
2461,882,25
2461,981,25.5
2516,640,25
2657.5,1476.2,25
2693.9,1145.4,26.556
2891,659,25
2906,476,25
2910,1395,25
2915,477,25
2922.3,908.22,25.889
2925,611,25
2940.3,1178.3,25
126,589,26
165,1042,26
231,677,26
231,679,26
251,875,26
253,301,26
308,848,26.5
310,848,26
322,789.67,27.333
331,872,26
336,813,26
338,813,26
339,761,26.5
361,962,26
362,1374,26
386,1148,26
413,841,27
434,248,26
435,1101,26
457,750,26.5
459,750,26
461,752,26
463,1395,26
487,701,26
487,703,26
489,702,26
492.71,815,27
503,1308,26
510,732,26
552,1083,26
575,804,26
578,628,26
594,799,26
594,801,26
595,1181,26
610.5,422.5,26
618,882,26
620,886,26
627.5,386,26
629,467,26
636,797,26
681,936,26
690,540,26
691,268,26
693,268,26.5
762,669,26
790,1242.5,26
793,1230.2,26.4
816,146,26
819,855,26
846,898,26
852,835,26
855,839,26
862.33,1182.3,26.667
869,834.5,26
879,740,26
884.92,315.31,26.538
900,1243,26
932,1179,26
952,497,26
964.5,608,26
969,1356,26
973.5,835.5,26
976,1111,26.5
983,1002,26
992,957,26
993,1172,26
993.88,870.25,27.375
995,1172,26.5
1049,1097,26
1053,759,26
1055.1,1121.6,26.75
1098,1293,26.5
1113,1162,26
1117,1446,26
1121,711,26
1121,1464,26
1147,1481,26.5
1163,1108,26
1180,1367,26
1182,1385.5,26
1188,578,26
1193,1284,26.5
1200,291,26.5
1267,1180,26
1291,791,26
1303,695,26
1319,1481,26
1332,963,26
1353.5,255,26
1359,706,26
1397,1010,26
1402,1019,26
1422,1479.5,26
1427,1146,26
1430,988,26
1431,1091,26
1434.4,1403,27.364
1457,234,26
1477,1077,26
1486,622,26
1503,615,26
1507,961,26
1510,808,26
1511,810,26
1523.7,840.67,26.333
1531,927,26
1558,1025.8,26.5
1557,1227,26
1559,1226.5,26
1569,883,26
1571,758,26
1573,757.5,26
1588.5,671,26
1599,1255,26
1605,1234,26
1610,910,26
1637,687,26
1641,687,26
1648.5,222,26
1650.2,895.83,26.167
1658.7,929.33,26.667
1661,930,26
1663,930,26
1665,662,26
1698,728.5,26
1719,757,26
1744,773,26
1776,1255,26
1822,616,26
1842,1200,26
1851,1322,26
1890,686.5,26
1891.6,1228.8,26.6
1904.2,1205.6,26
1913,980,26
1925,744,26
1932,787,26
1967.5,651,26
1984,779,26
1986,779,26.5
2006,1462,26
2052,863,26
2105,516,26
2138,1240,26
2146.5,920,26
2156,534,26
2178,936,26
2189.2,708.5,26.75
2193,651,26
2208,1022.3,27.5
2246,657,26
2311,720,26
2313,720,26
2337,1422,26
2367,709,26
2493,1069,26.5
2596.5,1295,26
2695,960,26
2710,1123,26
2745,777,26
2804,1120,26
2827,748,26
2898,951,26
2925.5,905.25,26.5
2925,609,26
2927,611,26.5
2942,1174,26
2975,624,26
165,1044,27
188.12,407.38,27.75
190,405,27.833
192,407,27
195,1131,27
201,502,27
202,602,28
236,715,27
248,1159,27
256,562,27
362,1237,28
363,786,27
403.5,1384,27
428,713,27
431,133,27
434,246,27
434,251,27
438,1122,27.5
446,1200.5,27
453,1170,27
489.78,761,27.444
507,473,27
534,136,27
544,902,27
560,1341,27
570.11,647,27.111
581,1092,27
583,1092,27
587,205,27
589,205,27
595,1331,27
597,1331,27
608,1265,27
610,1267,27
629,218,27
632,384,27
632,386,27
632,388,27
680,1398,28
762,667,27
789,1230,27
807,1085.5,27
829,1176,27
829,1178,27
847,997,27
852,837,27
869,780,27
890,1372,27
897,726,27
901,822,27
912,1113,27
923,744,27
955,565,27.5
998,867,27
999.86,1048.7,27.286
1031,1410,27
1106.5,1336.5,27
1114,1029.5,27
1123,1464,27
1135,1395,27
1163,1272,27
1165,1272,27
1171.6,1202.8,27
1176.5,611,27
1180,763.5,27
1201,1255,27
1237,722,27
1290,1327,27
1304,506,27
1315,517,27
1315,519,27
1327,1353,27
1330,715.5,27
1353,778,27
1355,596,27
1359,784,27
1360.7,1262.1,28.333
1360,1328,27
1375,773,27
1391,1374.5,27
1454,1019,27
1457,230,27
1459,1014,27
1482,959,27
1482.8,961,27.75
1496,844,28
1519,841,27
1529,1261,27
1535,680.5,27
1539,618,27
1558.5,1029,27
1583,493,27
1587,667,27
1587.7,1178.7,27
1602,463,27
1603,904,27
1612,1030,27
1616,999,27
1621,1223,27
1623,1221,27
1623,1223,27
1625,638,27
1625,1223,27
1639,691,27
1655,970.5,27
1656,1460,27
1657,971,27
1712,849.5,27.5
1718,815,27.5
1724,661,28
1731,1167.3,27.333
1739,1457,27
1741,1457,27
1764,1029,27
1767,443,27
1787,1022,27
1794,1442,27
1805,755,27
1811,518,27
1823,537,27
1837,1513,27
1838,897,27.5
1839,1513,27
1846,416,27
1850.5,1119,27
1862,1524,27
1864,1417,27
1883,666,27
1884,1520,27
1884,1522,27
1920,983,27
1953,1090,27
1962,852,27
1981,867,27
2029.5,531,27
2062,1515,27
2072,649,27
2072,651,27
2110,1433,27
2141,967,27
2176,938.5,27.5
2225,593,27.25
2225,1005,27
2233,727,27
2237,399,27
2258.3,1536.7,27
2286,825,27
2347,1042,27
2421,1320,27
2451,1054,27
2453,559,27
2489,952,27
2491,952,27.5
2593,1292,27
2662,485,27
2662,487,27
2689,319,27
2692,960,27.5
2710,538,27
2869,947,27
2939.7,1174.3,27
144,561.5,28
156,597,28
169.8,480,28.6
170,1177,28
200,602,28
204,602,28
206,420,28
241,671,28
243.33,669,28.333
251,1155.5,28.5
253,355,28
258,565,28
263.4,236,28.6
277.5,1008,28
299,1235,28
303.5,1437,28
314.17,1053.3,28.667
344,510,28
364,1235,28
364,1237,28.5
388,964,28
388,966,28
412,381,28
412,383,28
414,381,28
441,480,28
480,849,28.5
503,1312,28
537,1214,28
539,1214,28
565,1054.5,28
607,919,28
622,392,28
656,904,28
661,773,28
669,1307.5,28
676,602,28
693,1241,28
699,492,28
700.5,1230,28
709,815,28
725,1207,28
764,1450,28
775,443,28
846,857,28
851.2,260.8,28.6
853,685,28
858,990,28
858.64,993.18,28.273
874.67,1298,28.333
886,1372,28
896,514,28
909,530,28
953,563,28
987,284,28
1004,1045,28
1007,1122,28
1012,332,28
1014,334,28
1022.2,449.25,28
1053,369,28
1053,760,28
1056.5,238.5,28.5
1058,1405.5,28
1081,1058,28
1100,1053,28
1106,1339,28
1123.5,707.5,28
1145,525,28
1148,1353,28.5
1157,1405.9,28.714
1209,1060,28
1229,1407,28
1241.6,252.25,28.25
1253.5,1337.5,28.5
1265,1178,28
1267,1178,28
1303.5,1040,29.5
1311,579,28
1311,1416,28
1311,1418,29
1313,519,28
1341,1057,28
1353,595.5,28
1358,1028,28
1370,651,28
1401,265,28
1403,265,28
1416,1142,28
1416,1144,28
1423,1351.5,28.5
1435.5,1386,28
1442,1063,28.333
1454,1286.5,28
1458,601,28.5
1463.5,1014,28.5
1475,823,28
1476,526,28
1486.5,983,28
1487,324,28
1489,324,28
1494,842,28
1509.5,802.5,28
1526.4,346.8,29.8
1529,1259,28
1559,602,28
1578.5,350,28.5
1605,495,28
1615,1136,28
1625,301,28
1643.5,773,28
1645,769,28
1676,1083,28
1718,817,28
1729,1165,28
1731,1165,28.5
1739,463,28
1742,1257,28
1748,1362,28
1750,1360,28
1756,1222,28
1756,1224,28
1756,1226,28
1767,1028,28
1794,1440,28
1819,1219,28
1854,1454.5,28
1854,1459,28
1872,712,28
1876,1032,28
1909,1076,28
1911,1076,28
1924,1108,28
1928,1226,28
1955,1091.5,28
1956,411.5,28.5
1961.5,754.25,29
1967.5,651,28
1996,820,28
2018.3,321,28.333
2024,1286.5,28
2140,1275,28
2142,248.5,28
2168,1230,28
2170.8,1232.8,29
2192,1111,28.5
2233,715,28
2237,854,28
2269,553,28
2290,1427,28
2291,1429,28
2421,1220,28
2502,367,28
2594,410,28
2623,580,28
2641,955,29
2737,1412,28
2872,796,28.5
2892,1249,28
2898,1082,28
111,1247,29
164,705.5,29
168,1179,29
200.5,502.5,29.5
224,734,29
241,669,29
243,667,29
246.67,1158.7,29
253,353,29
286,888,29
292,1441.5,29
313.27,375,29.455
316,1375,29
393,902,29
419,1182,29
421,1182,29
431,1368,29
433,1368,29
437.33,122,29.667
435,1368,29
457,1253,29
505,1330,29
514,788,29
529,1110,29.5
529,1112,29.5
533,99,29.5
544,641,29
637,724,29
649,964,29
662,517,29
678,1398,29
769,839,29.5
789.5,938,29
791,1180,29
823,728,29
828,930,29.5
844,855,29
857,1370.7,29.333
857,1373,29.5
857,1375,29.5
861,678,29
887,1295,29.5
892,1063,29
912,1116,29
917,1481,29
938,865,29
943,739,29
943.67,741.33,29
1000,1431,29
1006,1120,29
1052.3,800,29.333
1055,804,29
1081,1060,29
1086,391,29
1094,1137,29
1095.5,1286.5,29.5
1100,699,29
1115,1210,29
1141,521,29
1144,741,29
1144,743,29
1156,920,29
1158.8,1132.6,29.2
1172,1200,29
1205,1265,29
1217,686,29
1231.5,1407,29
1237.3,255,29.333
1247,1177,29
1249,1308,29.5
1251,924,29
1303,401,29
1304,1038,29
1346,1231,29
1347,1236,29
1357,595.5,29
1358,1332,29
1407,1012.3,29.333
1407,1478,29
1408,302,29
1414,1143.2,29.833
1417,336,29
1417,338,29
1446,1382,29
1471,1401,29.5
1479,825,29
1486,1479.5,29
1495,935,29
1527.5,964.25,29.25
1529,431,29
1539,620,29
1547,744.5,29
1581,493,29
1588,1175,29.333
1600,905,29
1603,495,29
1614,1109,29
1616,1109,30
1644,771,29
1650,691,29
1658,844,29
1707,1158,30
1716,1249,29
1719,661,29
1745,762,29
1756.2,294,29.75
1763.6,602.75,29.25
1821,1336,29
1823,1336,29
1826,747,29
1829,909,29
1838,1223,29
1845,1422,29
1846,418,29
1874,1486,29
1875,1295,29
1897,1524,29
1941,1223,29
1980,469,29
2003.5,1040,29
2014,263,29
2067,343,29
2095,480,29
2098,666,29
2108,1408,29
2112.6,1406.4,29.6
2119,917,29
2126,821,29
2154,540,29
2163,1284,29
2179.3,928.33,29.667
2182,670,29
2212,856,29
2233,730,29
2291.5,897.5,29
2333,861,29
2341,752,29
2341,754,29.5
2341,756,29
2342,1251,29.5
2349,1040,29
2349,1042,29
2365,266,29
2367,266,29
2593,989,29
2593,993,29
2602,1104,29
2732,1338,29
2780,684,29
2855,1247,29
2903,430,29
142,562,30
161,1342,30.5
202.5,422,30
207,1422,30
226,601,30
241,667,30
242,232,30
263,348,30
286,886,30
289,886,30
301,1237,30
311,1112,30
339,661,30
341,1087,30
341,1089,30
365.5,962,30
436,1275,30.5
465,704,30
470,1380,30
472,857,30
478,849,30
494,1367,30
495,1098,30
518,207,30
533.8,1352,30.2
534.5,1350,30
591,1202,30
593,1202,30
593.5,1204,30
640,1249,30
650,1338,30
652.5,1338,30
699,1241,30
717,140,30
717,142,30.5
717.5,282,30
730,160.5,30
730,1072,30
762,1396,30
777,449,30
828,932,30
835,585,30
868,1177,30
958,1216.8,30
963,1242,30
975,1405,30
1022,1255,30.5
1032,265,30
1038,276,30
1042,513,30
1086,509,30
1097,1289,30
1099.5,1079,30
1146,741,30
1148,1017,30
1151,1031,30
1151,1115.5,30
1158.8,1128.8,30
1190,585,30
1204,555,30.5
1205,1262,30
1210,1012,30
1231.5,1405,30
1253.5,532,30
1276.7,829.33,30
1283,811,30
1300,588,30
1301,699,30
1338,1055,30
1348,1273,30
1350,1273,30
1358,227,30
1388,737,30
1391,920,30
1394,1292,30
1425,585.5,30.5
1436,1292,30
1453,564,30
1454,1282,30
1466,1036,30
1473,1403,30
1475.3,1107,30.667
1491.7,915.67,30
1493,1423,30
1496,899,30.5
1504,618,30
1513,906,30
1521,362,30
1568,1046.3,30.667
1586,265,30
1601,519,30
1622,960,30
1622,962,30
1629.2,911,30.833
1632,907,30
1648,1087,30
1654,1064,30
1690,894,30.5
1703,1289,30
1707,1342,30
1708,919,30
1716,961,30.333
1730,942,30
1771,1357,30.5
1798,1165.5,30
1818.7,1337.2,30.8
1821,749,30
1823,857,30
1823,859,30
1835,504,30
1835,506,30
1842,505,30
1920,986,30
1921,1044,30
1929,893,30
2060,298.5,30
2085,1104,30
2089,473,30
2108,1410,30
2135,856,30
2136,780,30
2183,924,30.5
2192,1113,30
2231,715,30
2233,715,30
2237,854.5,30
2284.7,856.33,30
2351,1171,30
2354.5,1200,30.5
2381,685,30
2457,952.67,30.333
2543,801,30
2591,668,30
2594,408,30
2598,1108,30
2606,998,30
2620,338,30
2694.6,575.14,30.143
2703,1433,30
2824,1295,30
97,610,31
292,1115,31
346.67,864.33,31.167
366.5,958,31
366.5,960,31
404.5,758,31
405,754,31
429,588,31
429.5,586,31
438.5,120,31
438.67,1033.7,31
450,526,31
462,590,31
464,590,31
466.43,590.71,31
483,755,31
492.4,1364.2,31.4
511,979,31
517,418,31
528,1185,31
531,1110,31
596,408,31
606.5,867,31
627,724,31
627,1414,32
720.5,282,31
720,298,31
722,298,31
732,1070.4,31.6
736,1120,31
834,1158,31
859,1373,31
887,333,31
889,1295,31
895,453,31
951,1465,31
1001,1163,31.5
1001,1165,31
1008,406,31
1038,513,31
1040,513,31
1085,188,31
1100.7,775.67,31.667
1111,1218,31.5
1111,1220,31.5
1133,1043,31
1160,707,31.5
1172,740,31.5
1190.5,777,31
1208,1071.2,32
1231,691,31
1233,288,31
1235,288,31
1240,1305,31
1269,1397,31
1293,465,31
1298,588,31
1331,842,31
1357.5,232.5,31
1376,306,31
1391.8,1126.6,31.4
1407,645,31
1417,335,31
1441,1056,31.5
1462,979,31
1486,1477,31
1509,948,31
1510,199,31
1512,431.5,31
1512,704,31
1530,436.67,31.333
1552,1182,31
1552,1184,31
1560,771,31.667
1592,345,31
1613,1061,31.5
1617.5,1190.5,31
1623,1192,31
1657,1254.5,31
1690,892,31
1692,894,31
1694,894,31
1709,1079,31
1718,1247,31
1719,1150,31
1720,779,32
1730,1278,31
1757,442,31
1812,674,31
1814,708,31
1823,1074,31
1823,1078,31
1842,507,31
1842,509,31
1871.5,1422,31
1875,1424,31
1877,1293,31
1877,1295,31
1877,1297,31
1923,664,31
1978,467.5,31
1980,468,31
1981,842,31
1983,458,31.5
1986.3,925,31.571
2018,1452.5,31
2023,837,31
2025.5,1297.5,31.5
2032,633,31
2078,885,31
2101,709,31
2162,1008,31
2165,1012,31
2179,655,31
2234,876.5,31
2272,840,31
2277.7,607,31
2278,603,31
2340,291,31
2340,293,31.5
2342,291,31.5
2353.5,1167,31
2356,1194,31
2380,683,31
2397,1392,31
2498,526,31
2595,989,31
2619,616,31
2628,1516,31.333
2663,462,31.5
2705,1431,31
2709,1219,31
2773,692,31
2903,1181,31
2903,1183,31
2911,887,31.5
208,623,32
305,1004,32
307,1224,32.5
322,609,32
368,962,32
373,1221,32
376,720,32
376,722,32
406,756,32
481,165,32.5
482,324,32.5
482.5,753,32
570,1209,32.5
580.5,1236,32
621.67,398,32.667
625,1414,32.5
636,731,32
640,731,32
656,1246,32
685,851,32.667
727.5,874,32
728,158,32
734,875,32
734,877,32.5
734,1071.5,32
749.29,785.71,32.429
771,844,32
779,452,32
807,875,32
808,1387,32
809,877,32
813,1274,32
832,968,32
833,1274,32
835,1276,32
866.8,135.2,32.2
872,1188,32
881,819,32
889,333,32
924,814,32
924,816.25,33.25
933,864,32
933,866,32
945,1098,32
992,1216,32
1002.6,310.6,32.2
1006.5,234,32
1067,720,32
1118,1369,32.5
1128,620,32
1138,1339,32
1194,618,32
1205,1109,32
1237,540,32
1241,1309,32
1295,467,32
1330.2,1315.5,32.75
1344,1323,32
1345,602,33
1346,1263,33
1393,1466,32
1401,1006,32
1402,504,32
1421,662,32
1461,988.25,32
1464.7,985.67,32.333
1495,991,33
1508,1077,32.5
1512.7,620.67,32
1513.5,1235,32
1532,437,32
1539,1204,32
1569,632,32
1576,750,32
1583,472,32
1588,1262,32
1589.5,1206,32.5
1589.6,1203.8,33.2
1591,1266,32
1636,343,32
1657,1091,32
1705,910.5,32.5
1706,922,32
1707,1342,32
1708,564,32.5
1709.5,1276,32
1712.2,921.75,32
1716,959.5,32
1726,1326,32
1736,1267,32
1744,375,32
1755,893,32.5
1755,1263,32
1756.8,1235.5,32.5
1808,1061,32
1810,1061,32
1812,703,32
1812.5,705,32
1815,978,32
1816,1333,32.5
1831,709,32
1864,883,32
1873,1046,32
1928,662,32
1971,1225,32
1973,1225,32
2016,1453,32
2031,843,32
2120,888.5,32
2158,932,32.5
2169,812,32.5
2172.5,833,32
2179,653,32
2180,973,32
2211,838,32
2311,592,32
2381.4,681.38,33.125
2397,554,32.5
2404,202,32
2438,895,32
2484.5,788.75,33.25
2593,959,32
2623,635,32.5
2638,833,32
2675,1373,32
2675,1375,32
2777,1345,32
2879,637,32.5
2905,1183,32
131,1001,33
139,884,33
139,886,33
213,406,33
283,478,33
283,1209,33
283.75,1356,33.75
289.5,977.5,33
303,1006,33
348,1102,33
378,957,33
378,1154,33.5
394,1166,33
401.5,1005,33
423,487.5,33
470,535,33.5
480,753,33
490,736,33
494,784,33
500.5,1071,33.5
515.5,422,33
546.2,918,33.4
570,1211,33
584,177,33
654,1246,33
683.5,847,33
683.5,849,33
732,600,33
745.33,782.67,33
750.33,659,33.333
846,249,33
879,819,33
912.5,1167,33
976,1237,33
981,1171,33
1045,947,33
1065.8,1131.5,34.25
1093,495,33
1123,1399,33
1129,704,33
1151.6,1032.8,33.778
1152,1064,33.5
1175,922,33
1193,603,33.5
1244,555,33
1264,727,33
1267,1352,33
1297,1125,33
1334,1369,33
1350.5,1273.2,33.25
1355,1172.2,34
1367,686,33.5
1368.5,527.5,33
1375,1162,33
1376,310,33
1376,1221,33
1378,1221,33
1391,828,33
1401,1051,33
1405.5,624,33
1406.5,626,33
1408,1125,33
1424,1346,33
1428,553,33
1432.5,1076,33
1433,1078,33
1446,351,33
1461,303,33
1476.7,1041.3,33
1481.9,480.71,33.857
1507,199,33.5
1508,1079,33
1576,748,33
1580,1041,33
1594,961,33
1594,963,33
1595,1232,33
1623,1208,33
1632,499.5,33
1670,910.5,33
1716,857,33
1727,1282,33
1728,447,33
1728,1456.2,33.6
1736,1168,33
1754,1238.5,33
1758,1279.5,33
1760,1280,33
1761,1374.5,33.5
1772,412,33
1811,938,33
1810.7,940,33.667
1857,827,33.5
1860,887,33
1865,678,33.5
1872.3,1050.3,33
1906,740,33
1908,740.33,33.667
1921,1038,33
1924,883,33
1973,899,33.5
1973,901,33.5
1980,468.5,33
1980,995,33.5
1985,1516,33.5
1993,551,33.5
2018,1453,33
2098,1088,33
2099.5,1090,33
2100,1088,33
2142,710,33.333
2142,1151,33
2146,714.75,33.75
2169,805,33
2177,655,33
2249,757,33
2275,498.5,33
2306,919,33
2353,1007,33
2353,1011,33
2355,1279,33
2362,810,33
2406,206,33
2407,978,34
2491,832,33
2496,1278,33
2525.8,901.5,33
2619,620,33
2627,1310,33
2732,797,33
2733,1048,33
2758,781,33
2776,922,33
2967,839,33.5
3061,332,33
3066,330,33
246,1253,34
248,1253,34.5
281.67,974.67,34
287,937,34
464,779,34
478,753,34
522,1152,34
544,1139,34
555,402.75,34.25
607,650,34
674,462,34
747,788,34
773,483,34
817,1280,34
856,962,34
857,404,34
893,821,34
898.6,929.2,34.8
947,1100,34
973,994,34
997,1360.5,35
1042,1067,34
1067,784,34
1068,722,34
1070,779,34
1070.7,948,34.667
1071,1127,34
1071,1129,34.5
1127,1395,34
1128,1409,34
1137,1340,34
1140,1191,34
1144,1188,34
1150,1064,34
1158,694,34
1159.5,692,34
1194.5,698,34
1207,1216,34
1266,276,34
1268,276,34
1309,1359,34
1321,503,34
1347,756,34
1351,1256.5,34
1367,688,34
1366.3,691,34.667
1424,656,34
1476.5,477,34
1484,476.5,34
1487,626.67,34
1496.7,310.67,34
1513,1079,34
1516,414,34
1523,418.5,34
1535,958,34
1544.8,766.2,34.4
1550,769,34
1625,886,34
1671.8,1258,35
1679,1320,34
1689,1198,34
1732,821,34
1740,1259,34
1741,626,34
1761,945,34
1762,1149,34
1815,708,34
1826,326,34
1843,1478,34
1859.5,798,34
1863,1425,34
1865,680,34
1898,729,34
1922,836,34
1923.7,592.33,34
1954.5,1084,34
1955,1086,34
1955,1088,34
1978,995,34
2001,1425,34
2008,837,34
2014,574,34
2018,1239,34
2028,654,34
2054.7,586.67,34
2113.2,963.4,34
2114,1075,34
2128,1287,34
2152,1080,34
2154.5,1080,34
2155,1078,34
2155,1082,34
2169,809,34
2178,706,34.5
2202,865,34
2237,1269,34
2243,719,34
2275,1302,34
2279,510,34
2284,514,34
2292,1281,34
2294,563,34
2378,1011,34
2391,426,34
2393,426,34
2426,448,34
2507,473,34
2533,284,34
2540.8,876.33,34.333
2682,644,34.5
2855.3,809.67,34
2894,1102,34
3061.5,330,34
135,1314,35
142.5,1272,35
198,1347,35
211,438,35.5
229,426,35
244,1256,35
258,1180,35
280.5,463,35
292,1117,35
311,821,35
386,946,35
390.33,712,36
392,1164,35
394,1164,35
395,295,35
395.5,297,35
435.5,1190,35
436,1137,35.5
461,288,35.5
461,290,35
488,642,36
490,642,35
545,1137,35
557,401.5,35
584,246,35
607,986,35
628,697,35
690.33,1136,35.333
704,1390,35
729,1296,35
888,491,35.5
895,819,35
909,763,35
958.67,573,35.667
959,1174,35
961,1174,35
966,1205,35
985,1024,35
996.5,1334,35
1004,233,35
1036,1098,35
1038,1098,35
1040,1067,35
1042,1065,35
1089,497,35
1127,1393,35
1129,1391,35
1142,1190.5,35
1143,573,35
1180,770,35
1241,1004,35
1247.5,553,35
1257,1177,35
1283,564,35
1309,1366,35
1320.2,813.25,35.5
1335,759,35
1371,1248,35
1382.2,1331,35.4
1384,1324,35
1384,1326,35
1400,548,35
1406,626,35
1424,1020,35
1455.5,1147,35
1457.5,868,35
1472,1015,35
1476,266,35
1483.5,627.5,35
1494,1103.5,35
1507,1068,35
1539,916,35
1546,1418,35
1548,893,35
1549.5,509,35
1579,617,35
1598,1127,35
1600,379,35
1607,846,35
1610,1227,35
1620,869,35
1651,464,35
1656,1064,35
1661,555,35
1664,949,35
1668,951,35
1691,826,35
1697,702,35
1709,784,35
1715,789,35
1759.5,1279,35
1768,1164,35
1771.5,721.5,35.5
1818,975,35
1828,623,35
1853,600,35
1869,1097.5,35
1870,1322,35
1896,727,35
1936,1035,35
1940,1033,35.5
1960,514.5,35
1981,1234,35
1982,1121,35
2076.9,1295,35.714
2078,1293,35
2142,712,35
2147.5,710,35
2147,1322.7,35.5
2232,312,35.5
2232,1019,35
2235,1271,35
2276,832,35
2309.5,817,35
2374,1011,35
2486,788,35
2488,788,35
2519,994,35
2536,1207,35.5
2567,1108,35
2618,860,35.5
2682,642,35
2741,706,35
2746,516,35
2746,520,35
2818,635,35
2868,1282,35.5
2892,1102,35
80.5,851,36
143,1138,36.5
194,1347,36
218,1373,36
227,99,36
239,993,36
369,216,36
391,569,36
426,1099,36
450,457.5,36
457,1021,36
513.67,456.22,36.889
514,744,36.5
519,454,36
527,1368,36
529.5,1352,36
540.25,822.25,36
553.5,319,36
574,826,36
580.71,1295,36.571
594,138,36
618,1048,36
631,979.5,36
633,919,36
640,898,36
655,528,36.5
800,1199,36
818.5,1279,36
853.5,566,36
861,534.5,36
863,1304,36
914,1299,36
1023,1197,36
1092,541,36.5
1128,1407.5,36
1128,1410,36
1141,573,36.5
1143,571,36
1208,300,36
1229.5,1303,36
1311,1364,36
1326.5,552,36
1327,1047,36
1345,1368,36.5
1362.7,700.71,36.714
1365,808.33,36.333
1368,687,36
1368,689,36
1368,691.5,36
1412,1280,36
1412,1282,36
1414,1282,36
1457,866,36
1464.5,326.5,36
1474,1013,36
1487,332,36.667
1490,1103,36
1494,1106,36
1496,1105,36
1519.5,1068.8,36
1538,565,36
1540,567,36
1540,569,36
1568,395,36
1578,981,36
1589.7,1270,36.667
1616,1046,36
1641,1242,36.5
1641,1247,36
1681.5,1216,36
1684,1214,36
1695,704,36
1724,937,36
1739,624,36
1743,1240,36
1750,1009,36
1757,1255,36
1789.2,1066,36
1800.5,1241,36
1849,1448,36
1870,1324,36
1905.6,983,36
1919,958,36
1924,1253,36
1938,1033,36
1945,654,36.5
1953,509,37
1990,1478.3,36.333
2016,1241,36
2058,1286.7,36.667
2065,735,36
2082.2,667.25,36
2116,1040,36
2131,1051,36
2202,973,36.5
2243,726,36
2244.3,1444.3,36
2253,676,36
2258,1256,36
2262,832,36
2271,1481,36
2285,1517,36
2298,727.5,36.75
2310,884,36
2315,753,36
2342,944,36
2363,265,36
2393,422,36
2487.5,465,36.5
2493,1136,36
2499,1367,36
2501,1363,36
2501,1365,36.5
2665,719,36
2688,581,36
2739.5,702,36
2753,920,36
2847,1485,36
2864,1283.3,36.667
2866,1282.5,36
2868,1110,36.5
2908,344,36
2910,343,36
2910,345,36
2922,666,36
62,1267,37
64,1267,37
85,854,37
325,269,37
328.4,580,37
381.5,945.5,37
398.5,180,37
402,139,37
460,603,37
460,605,37
481,1413,37
490,644,37
495,761,37
513,1260,37
530,1354,37
541,1401,37
595,136,37
642,206.5,37
648,996,37
659.5,164,37
660.67,1163.8,37.167
704,1390,37
721.5,882,37
744,468,37
786,1285,37
799.5,1199,37.75
810,1319,37
810,1321,37
812,1321,37.5
849.4,568.2,37.6
958,1141,37
960,1141,37
981.78,236.22,37
1000,1199,37
1021.5,1405,37
1023,504,37.5
1023,506,37
1055.5,947,37
1059,614,37
1075,902,37
1075,904,37
1088,1186,37
1090,541,37
1128,701.25,38.25
1133,908.5,37
1190,1146,37
1238,1248,37
1240,1248,37
1258,293,37
1266,1116,37
1273,1115,37.5
1282,1320,37
1321,632,37
1354,897,37
1364,382,37
1365,1350,37
1367,1054,37
1369,386,37
1383.5,986,37
1442,716,37
1448,992,37
1458,1135,37
1465,542,37
1489,331,37.5
1510,1322,37
1540,1398,37
1552,694,37
1605,1509,37.5
1653,1065,37
1678,1216,37
1682,899,37
1691,675,37
1693,677,37
1700,1271,37
1701,648,37
1709,1322,37.5
1709,1324,37
1736,1204,37
1766,306,37
1777,903,37.5
1784.5,1291,37
1784,1293,37.5
1797.5,1413,38
1832.5,1048.5,37.5
1842,773,37
1856,730,37
1938,1035,37.5
2056,1286,37
2074,1095,37
2079.5,668,37
2138,1297,37
2216,805,37
2242,1133,37
2244,1129,37
2246,1053,37
2267,1481,37
2287.2,523,38.625
2300,719,37
2346,948,37
2382,678,37
2453,1168,37
2641,1175,37
2659,708,37
2663,712,37
2793,884,37
2908,347,37
2935,458,37
2972,852,37
124,1000,38
124,1002,38
167,817,38
218.6,1373.6,38
285,600,38
291.8,383.6,38.6
298,1052,38
318,775,38
319.67,773,38.667
381,986,38
417.67,274.67,38.667
420.67,276,38.667
477,983,38
479,987,38.5
515.62,994.25,38.75
517,1208,38
519,1208,38
531,669,38
539,200,38
555,298,38
555,300,38.5
580,174,38.5
594,1126,38
614.67,945.33,38.333
617,946,38
636,815,38
642,896,38
673,1260,38
714.88,1128.2,38.625
728.5,315,38
783.33,1059.7,38
847,1073.5,38
854,985,38
860,532.5,38
890,504,38
1033.2,410,39.4
1032,412,38
1069,985,38.4
1073,904,38
1081,1026,38.5
1086,1348,38
1092,539,38
1101,601,38
1101,603,38.5
1107.3,1024.7,38
1110,790,38.5
1161,1096,38
1168,449,38
1218,1297,38
1260,293,38
1290.4,776.86,38.429
1339,581,38.5
1343,760,38.5
1361,704,38
1362,1056,38
1401,1463,38
1449,530,38
1499,1407,38
1510,1324,38
1544,686,38
1605,1507,38
1649,400,38
1682.4,901.6,38.2
1692,863,38
1696.5,385.75,38.25
1700,646,38
1738.2,554.83,38.667
1740,959,38
1843,1438,38
1848.3,923,38.333
1854,730,38
1855,1418,38
1856,728,38
1860,1287,38
1862,1287,38.5
1937,1062.8,38.333
1943,656,38
2030,446,38
2057,555,38
2060,1286,38
2095,267,38
2098.8,498.5,38.375
2111.7,1043.7,38
2193,1233,38
2211,573,38
2237,818.33,38.667
2239,819,38
2241,819,38
2268.3,1441.7,38.333
2269,1437,38
2269,1481,38
2270,944,38.5
2270,1430,38
2323,1257,38
2333,244,38
2364,1367,38
2381,1229,38
2393,1011,38
2425,1093,38.5
2489,597,38
2501,1363,38
2502,1194,38
2618,860,38
2627,1087,38.5
2629,1406,38.667
2632,310,38
2664,883,38
2667,986.5,38
2669,988,38
2750,955,38
2751,953,38
2762,1106,38
2793,1418,38
2807,889,38
2866,1114,38
133.5,1187,39
134,1189,39
194,1087,39
249,1199,39
317,1210,39
324,580,39
412,183,39
418,338,39
470,709,39
509,1124,39
547,1252,39
549,1087,39
563,899,39
589,1122,39
598.5,1328.6,40.1
605,519,39
610,631,39
636,810.5,39.5
636,1150,39
676,569,39
727,1273,39
751,1076,39
782,862,39
830,1175.5,39
861.67,943,39.333
866,764,39
897,995,39
930,852,39
960,1143,39
985,1100,39
990,957.5,39.5
1002,1195,39
1017.8,1142.5,40.167
1017,1252,39.333
1032,408,39
1039,137,39
1050,906,39
1055,945,39
1057,945,39
1070,1146.5,39
1093.4,439.38,39.625
1108,790,39
1132.5,909,39
1158,1366,39
1161,1096.5,39.75
1170,1202.5,39
1175,1166,39
1200.4,326.18,39.941
1225,1329,39
1273,712,39
1275,824,39.5
1280,521,39
1280,1061,39
1315,170,39
1321,1052,39.5
1325,452,39
1348,1318,39
1380,1041,39
1391,783,39
1444,716,39
1457,548,39
1487,533,39
1499,1145,40.4
1547,1079,39
1548,895,39
1566,1217,39
1566,1219,39
1568,1261,39
1570,1268,39
1591,981,39
1607,1071,39
1633,963,39
1642,1005,39
1658,1364,39
1661,323,39
1678,863,39
1682.8,889.8,39
1718,789,39
1748,1343,39
1766,1376,39
1794,905,39
1810.5,941,39
1829,1045,39
1835,1050,39
1910,640,39
1916,798,39
1964.9,922,39.875
2042,901,39.667
2047,1296,39
2107,1283,39
2374.2,1257.4,39.8
2376,1226,39
2376,1228,39
2378,1228,39
2627,1407.5,39
2896,1303,39
2939,1076,39
2969.5,387,39
197,721,40
198.5,1241,40
199,721,40
230,574,40.5
362,659,40
364,659,40.5
366,659,40
420,338,40
497.5,1298.5,40.5
515,455,40
521,89,40
526,917,40
532,899,40
571.5,1148,40
574,379,40
581.71,917.29,40.286
601,1176,40
603.5,1386,40
610,629,40
647,417,40
656,167,40
656,169,40
674,451,40
676,451,40
695.57,900,40.286
697,1349,40
768,435,40
772,1216,40
781,899,40
854,923,40
853.67,925,40.667
889,505,40
945,1148,40
987.5,251,40
994,1047,40
1003,1306,40
1003,1308,40
1008.7,214,40.333
1023,1140,40
1034,408,40
1048,910,40
1051,1082,40
1051,1319,40
1056,179,40
1081,1177,40
1093,564,40
1095,564,40
1130,1050,40
1163,1096,40
1165,1095.5,40
1168,1203.5,40
1178,977,40
1180,1022,40
1188.8,884.33,40.952
1190,952,40
1202,321,40
1204,321,40
1204,323,40
1208.5,869.6,40.933
1233,878,40
1238,1244,40
1261,983,40
1285,661,40
1316.8,1445,40
1333,827,40
1366,1026,40
1402,1295,40
1449,1222,40
1455,548,40
1479,1050,40
1483,1287,40
1485,1288,40
1486,643,40
1512,1025,40
1521,1000,40
1522,628,40
1523.7,632.33,40
1524,558,40
1524,576.8,40.8
1533,564,40
1543.3,1084.3,40
1560.5,605,40
1560.5,607,40
1569.2,1217,40.25
1569.7,1215,40.667
1571.2,1262,40
1575,817,40
1577,817,40
1590,890,40.5
1625,446,40
1629,639,40
1635,963,40
1636.1,911.44,40.667
1662,646,40.5
1675,548.5,40
1676,863,40
1706.5,349,40
1753.5,1032,40
1756,1030,40
1772,739,40
1782,1227,40
1811,1019,40
1839,1514,40
1848,557,40
1850,557,40
2128,705,40
2198,708,40
2211,803,40
2233,1427,40
2323,1259,40
2498,1194,40
2500,1194,40
2666,1059,40
2912,668,40
107.5,1222,41
198.33,1243.3,41
227,977,41
228,574,41
229,595,41
229,977,41
246,565,41
270,942,41
355.5,518,41
357,524,41
383,1321,41
386.33,1046.7,41.333
418.33,811.33,41.333
453,1130,41.5
521,623,41
521.5,627,41
534.5,1140.8,41
580,1198,41.5
648,1134.3,41.667
666,714,41
692,739,41
695,898,41
697,1353,41
836,774,41
893,656,41
991.5,247,41
1004,959,41
1040,763,41.5
1041,961,41
1042,1220,41
1044.6,1061,41.571
1054,179,41
1077,295,41
1093,566,41
1166,260,41.5
1168,1353,41
1168,1355,41
1179.5,1056,41
1182.7,636.67,41.333
1189,880,41
1189,882,41
1194.7,876.45,41
1191,880,41
1193,883,41
1207.9,884.11,41.031
1202,889.5,41
1206,353,41
1206,891,41
1217,816,41
1233,876,41
1296,781,41
1298,584,41
1314.6,174.8,41
1316,657,41
1338,425,41
1338,818,41
1393,295,41
1393,513,41
1400,1007,41
1401,615,41
1417,1299,41
1451,1385,41.5
1462,1019,41
1482,854,41
1486,532,41
1486,534,41
1511,1210,41
1529.5,1041,41
1541,591,41
1542,825,41
1543,591,41
1570,1219,41
1597,988,41
1598,777,41
1617,866,41
1621,1191,41
1642,1205,41
1642,1207,41.5
1645,983.5,41
1647,983,41
1649,400,41
1649.5,997,41
1650.5,999,41.5
1653,994,41
1663,321,41
1681,722,41
1684.2,725.56,41
1690,885.5,41
1699,395,41
1944.5,1437,41
267,1297,42
267,1299,42
274,290,42
361,595,42
401,508,42
473,86,42
594,202,42
613,989.5,42
649,584,42
651,1132,42
685,650,42
739,901.5,42
825,1382,42
842,386,42
885,158,42
886,681,42
888,681,42
1033,404,42
1042,1218,42
1056,1136,42
1058,650,42
1162,339,42
1180,1022,42
1197,366,42
1207,355,42
1221,699.5,42
1368.8,1394.2,42
1394.5,926,42
1403.5,1298.5,42
1426,1024,42
1435,475,42
1465,822,42
1467,822,42
1481,859,42
1490,212,42
1495.3,1143.3,42
1519,217,42
1593.3,480.33,42
1626,917,42
1630.3,636.67,42
1651,887,42
1678,1159,42
1678,1161,42
1691.7,828.33,42
2201,1385,42
